1,16:19:13.210,enp0s25,0.0,0.0
2,16:19:14.259,enp0s25,6.4,38.4
3,16:19:15.269,enp0s25,19.2,68.4
4,16:19:16.283,enp0s25,3858.8,19659.2
5,16:19:17.298,enp0s25,50103.3,1479628.1
6,16:19:18.312,enp0s25,4408.4,136663.4
7,16:19:19.322,enp0s25,15890.5,578191.0
8,16:19:20.337,enp0s25,46090.3,2059018.3
9,16:19:21.354,enp0s25,59436.8,2774500.4
10,16:19:22.368,enp0s25,67399.8,3177462.6
11,16:19:23.378,enp0s25,69233.4,3254696.6
12,16:19:24.393,enp0s25,66067.4,3203179.6
13,16:19:25.410,enp0s25,62993.8,2966755.8
14,16:19:26.423,enp0s25,49070.1,2223586.6
15,16:19:27.432,enp0s25,37168.2,1682985.2
16,16:19:28.445,enp0s25,20516.7,952336.6
17,16:19:29.454,enp0s25,21037.6,954723.7
18,16:19:30.470,enp0s25,19537.0,908618.7
19,16:19:31.483,enp0s25,13116.1,583726.7
20,16:19:32.493,enp0s25,20091.6,969103.4
21,16:19:33.502,enp0s25,20839.0,955513.4
22,16:19:34.510,enp0s25,19578.4,900598.6
23,16:19:35.517,enp0s25,19496.4,917259.4
24,16:19:36.525,enp0s25,28789.8,1185792.8
25,16:19:37.532,enp0s25,26438.0,1230657.2
26,16:19:38.546,enp0s25,16167.6,687613.4
27,16:19:39.562,enp0s25,18116.8,843661.0
28,16:19:40.574,enp0s25,17782.4,808355.4
29,16:19:41.581,enp0s25,17397.2,829458.7
30,16:19:42.588,enp0s25,8497.0,355071.5
31,16:19:43.594,enp0s25,4261.8,181461.2
32,16:19:44.603,enp0s25,3729.6,152442.4
33,16:19:45.618,enp0s25,3856.4,167349.2
34,16:19:46.626,enp0s25,4443.0,183180.2
35,16:19:47.632,enp0s25,4149.8,177001.4
36,16:19:48.639,enp0s25,3911.2,165247.2
37,16:19:49.646,enp0s25,3954.3,165618.5
38,16:19:50.653,enp0s25,6109.8,223378.8
39,16:19:51.660,enp0s25,22552.6,917323.8
40,16:19:52.671,enp0s25,36622.3,1583927.6
41,16:19:53.685,enp0s25,47212.3,2102552.1
42,16:19:54.693,enp0s25,53852.2,2469232.2
43,16:19:55.700,enp0s25,52613.4,2482670.0
44,16:19:56.717,enp0s25,55743.5,2516853.3
45,16:19:57.728,enp0s25,62320.0,2923485.0
46,16:19:58.738,enp0s25,75348.1,3642045.2
47,16:19:59.749,enp0s25,79214.7,3747781.2
48,16:20:00.758,enp0s25,78091.9,3630969.4
49,16:20:01.765,enp0s25,73049.8,3498381.1
50,16:20:02.778,enp0s25,72844.6,3381486.8
51,16:20:03.786,enp0s25,64904.2,2882065.8
52,16:20:04.792,enp0s25,63203.8,2818542.8
53,16:20:05.799,enp0s25,50884.1,2132161.0
54,16:20:06.806,enp0s25,43420.8,1831639.7
55,16:20:07.813,enp0s25,53096.7,2269627.0
56,16:20:08.820,enp0s25,30325.3,1206613.9
57,16:20:09.827,enp0s25,17717.8,662085.6
58,16:20:10.842,enp0s25,16773.2,630008.0
59,16:20:11.852,enp0s25,15477.6,670282.1
60,16:20:12.865,enp0s25,16484.3,642419.0
61,16:20:13.874,enp0s25,19598.9,908709.9
62,16:20:14.883,enp0s25,19792.4,909750.2
63,16:20:15.890,enp0s25,20404.4,932255.0
64,16:20:16.899,enp0s25,20025.4,933595.6
65,16:20:17.907,enp0s25,20729.8,944386.2
66,16:20:18.918,enp0s25,20288.3,915496.7
67,16:20:19.926,enp0s25,21075.8,956391.2
68,16:20:20.934,enp0s25,20575.7,951217.2
69,16:20:21.942,enp0s25,21372.2,949874.9
70,16:20:22.958,enp0s25,17940.4,814293.6
71,16:20:23.968,enp0s25,19274.9,867230.3
72,16:20:24.978,enp0s25,14458.4,599720.8
73,16:20:25.991,enp0s25,25874.6,883561.7
74,16:20:26.998,enp0s25,16610.6,772891.4
75,16:20:28.010,enp0s25,5774.4,245884.4
76,16:20:29.019,enp0s25,17265.6,628419.1
77,16:20:30.027,enp0s25,4906.4,208126.4
78,16:20:31.034,enp0s25,5318.8,226226.8
79,16:20:32.041,enp0s25,6048.4,241956.4
80,16:20:33.048,enp0s25,20430.6,713135.1
81,16:20:34.056,enp0s25,10160.5,430097.7
82,16:20:35.068,enp0s25,10834.2,421943.3
83,16:20:36.077,enp0s25,13291.0,438975.2
84,16:20:37.086,enp0s25,11152.3,494980.2
85,16:20:38.096,enp0s25,3952.4,159215.2
86,16:20:39.104,enp0s25,2857.0,119004.0
87,16:20:40.111,enp0s25,7626.0,304478.0
88,16:20:41.118,enp0s25,8609.7,340181.6
89,16:20:42.126,enp0s25,3780.9,149406.1
90,16:20:43.133,enp0s25,8396.0,326968.5
91,16:20:44.146,enp0s25,9040.1,332510.2
92,16:20:45.153,enp0s25,11171.0,432680.0
93,16:20:46.160,enp0s25,11338.0,443145.2
94,16:20:47.174,enp0s25,11127.8,429657.5
95,16:20:48.182,enp0s25,15048.8,547900.7
96,16:20:49.191,enp0s25,19913.8,736213.4
97,16:20:50.199,enp0s25,7611.6,296747.3
98,16:20:51.206,enp0s25,9271.2,358545.4
99,16:20:52.213,enp0s25,14992.2,624260.1
100,16:20:53.220,enp0s25,12929.2,562669.9
101,16:20:54.233,enp0s25,8076.4,307575.5
102,16:20:55.243,enp0s25,5013.6,176022.7
103,16:20:56.257,enp0s25,9665.8,412024.5
104,16:20:57.266,enp0s25,8247.6,356898.7
105,16:20:58.274,enp0s25,11683.6,476217.8
106,16:20:59.280,enp0s25,11292.0,479546.5
107,16:21:00.290,enp0s25,12172.3,522584.8
108,16:21:01.300,enp0s25,8738.2,308368.8
109,16:21:02.336,enp0s25,11386.6,403368.5
110,16:21:03.349,enp0s25,19747.3,743891.4
111,16:21:04.366,enp0s25,14510.8,638427.9
112,16:21:05.374,enp0s25,7774.4,284039.5
113,16:21:06.386,enp0s25,12393.0,475647.8
114,16:21:07.403,enp0s25,15051.8,658604.4
115,16:21:08.421,enp0s25,9388.6,372663.6
116,16:21:09.435,enp0s25,10479.0,410054.1
117,16:21:10.447,enp0s25,13503.9,495780.6
118,16:21:11.458,enp0s25,13886.8,538091.0
119,16:21:12.474,enp0s25,13550.9,502297.9
120,16:21:13.489,enp0s25,12905.0,505293.8
121,16:21:14.505,enp0s25,10483.8,415789.8
122,16:21:15.521,enp0s25,10139.2,399105.3
123,16:21:16.533,enp0s25,14953.4,602074.2
124,16:21:17.544,enp0s25,12181.2,477459.0
125,16:21:18.555,enp0s25,11295.2,413144.0
126,16:21:19.567,enp0s25,16663.4,660965.4
127,16:21:20.584,enp0s25,16446.8,661195.5
128,16:21:21.594,enp0s25,13926.8,544955.4
129,16:21:22.609,enp0s25,9884.2,361033.3
130,16:21:23.616,enp0s25,11671.2,438901.2
131,16:21:24.630,enp0s25,18565.0,772980.0
132,16:21:25.638,enp0s25,16020.6,648537.6
133,16:21:26.654,enp0s25,12226.2,475806.0
134,16:21:27.672,enp0s25,10005.6,402815.8
135,16:21:28.685,enp0s25,15303.4,581172.2
136,16:21:29.696,enp0s25,13743.2,501841.0
137,16:21:30.702,enp0s25,17762.6,720028.6
138,16:21:31.717,enp0s25,12327.8,507234.8
139,16:21:32.730,enp0s25,10659.2,414464.1
140,16:21:33.744,enp0s25,12707.4,506469.3
141,16:21:34.757,enp0s25,12725.4,486770.5
142,16:21:35.767,enp0s25,9984.0,360331.5
143,16:21:36.780,enp0s25,13848.8,524975.6
144,16:21:37.788,enp0s25,17201.8,698053.1
145,16:21:38.797,enp0s25,28251.9,1186451.8
146,16:21:39.812,enp0s25,24570.4,1059461.2
147,16:21:40.825,enp0s25,25947.6,1121774.0
148,16:21:41.835,enp0s25,22360.8,925325.2
149,16:21:42.843,enp0s25,15345.4,542289.5
150,16:21:43.859,enp0s25,16507.5,609091.3
151,16:21:44.877,enp0s25,12080.8,434477.5
152,16:21:45.890,enp0s25,15246.5,533583.2
153,16:21:46.903,enp0s25,12690.0,454029.6
154,16:21:47.917,enp0s25,12968.8,487754.0
155,16:21:48.929,enp0s25,11765.1,430366.8
156,16:21:49.938,enp0s25,17236.4,698502.9
157,16:21:50.955,enp0s25,13880.2,541435.0
158,16:21:51.965,enp0s25,14183.5,554659.2
159,16:21:52.982,enp0s25,23488.4,1024174.7
160,16:21:54.001,enp0s25,29182.2,1179900.7
161,16:21:55.015,enp0s25,21404.4,819812.2
162,16:21:56.028,enp0s25,28730.9,982097.1
163,16:21:57.039,enp0s25,23600.8,1003018.7
164,16:21:58.053,enp0s25,22044.3,975906.3
165,16:21:59.063,enp0s25,25155.1,1085282.4
166,16:22:00.079,enp0s25,28844.6,1172012.5
167,16:22:01.095,enp0s25,25696.5,1057346.6
168,16:22:02.110,enp0s25,22030.1,967071.8
169,16:22:03.122,enp0s25,27169.6,1013774.6
170,16:22:04.131,enp0s25,25780.9,1003352.9
171,16:22:05.142,enp0s25,27692.7,1101243.8
172,16:22:06.157,enp0s25,24694.4,1052567.2
173,16:22:07.167,enp0s25,20683.4,803023.5
174,16:22:08.179,enp0s25,22706.4,891109.0
175,16:22:09.192,enp0s25,22243.5,757396.9
176,16:22:10.203,enp0s25,18589.7,784906.0
177,16:22:11.214,enp0s25,12647.9,434629.9
178,16:22:12.229,enp0s25,14678.3,476464.6
179,16:22:13.244,enp0s25,12283.6,417839.7
180,16:22:14.260,enp0s25,11361.5,421278.7
181,16:22:15.269,enp0s25,14592.5,524634.1
182,16:22:16.284,enp0s25,15863.7,636994.0
183,16:22:17.296,enp0s25,19111.8,808734.4
184,16:22:18.307,enp0s25,13789.4,631377.5
185,16:22:19.323,enp0s25,12334.0,562284.0
186,16:22:20.343,enp0s25,8878.8,373201.6
187,16:22:21.357,enp0s25,11113.5,469099.4
188,16:22:22.372,enp0s25,17929.3,767568.8
189,16:22:23.384,enp0s25,10374.2,436016.2
190,16:22:24.395,enp0s25,9506.4,371990.7
191,16:22:25.401,enp0s25,12304.0,462074.0
192,16:22:26.417,enp0s25,11264.0,414423.5
193,16:22:27.429,enp0s25,8231.6,217181.3
194,16:22:28.439,enp0s25,10481.0,347997.1
195,16:22:29.449,enp0s25,6731.8,155609.3
196,16:22:30.457,enp0s25,8809.4,320990.0
197,16:22:31.472,enp0s25,6830.6,227094.5
198,16:22:32.490,enp0s25,6563.0,227728.2
199,16:22:33.506,enp0s25,17820.2,785084.4
200,16:22:34.523,enp0s25,19014.9,828264.1
201,16:22:35.534,enp0s25,19566.3,901763.7
202,16:22:36.543,enp0s25,9812.6,396486.1
203,16:22:37.553,enp0s25,13423.4,491318.9
204,16:22:38.562,enp0s25,15985.6,652965.4
205,16:22:39.570,enp0s25,21839.9,962310.4
206,16:22:40.583,enp0s25,10153.3,361695.6
207,16:22:41.598,enp0s25,9489.4,345466.8
208,16:22:42.611,enp0s25,6804.7,184462.9
209,16:22:43.619,enp0s25,7506.4,299716.1
210,16:22:44.635,enp0s25,8255.0,332365.2
211,16:22:45.653,enp0s25,6001.0,214687.0
212,16:22:46.664,enp0s25,5856.2,177217.9
213,16:22:47.671,enp0s25,4873.9,158144.6
214,16:22:48.679,enp0s25,4304.3,114186.4
215,16:22:49.687,enp0s25,6887.0,234995.2
216,16:22:50.700,enp0s25,5428.7,182822.4
217,16:22:51.712,enp0s25,7667.0,286855.1
218,16:22:52.728,enp0s25,7056.9,277270.4
219,16:22:53.743,enp0s25,6792.4,277134.2
220,16:22:54.756,enp0s25,9015.6,364634.8
221,16:22:55.764,enp0s25,21851.4,1043826.4
222,16:22:56.771,enp0s25,9999.2,383293.8
223,16:22:57.786,enp0s25,5625.2,187710.5
224,16:22:58.802,enp0s25,2705.4,89747.0
225,16:22:59.810,enp0s25,4072.2,123425.6
226,16:23:00.825,enp0s25,10691.6,478572.7
227,16:23:01.836,enp0s25,6556.0,268424.2
228,16:23:02.844,enp0s25,9179.8,405238.8
229,16:23:03.861,enp0s25,6409.9,232588.4
230,16:23:04.879,enp0s25,11012.0,467495.7
231,16:23:05.894,enp0s25,1699.6,50829.3
232,16:23:06.903,enp0s25,5836.2,201573.7
233,16:23:07.912,enp0s25,6974.4,296977.8
234,16:23:08.924,enp0s25,5008.2,140136.9
235,16:23:09.937,enp0s25,912.4,22435.9
236,16:23:10.945,enp0s25,2750.2,98262.1
237,16:23:11.960,enp0s25,12529.8,537563.1
238,16:23:12.975,enp0s25,9321.2,350867.5
239,16:23:13.988,enp0s25,8869.8,288871.3
240,16:23:14.996,enp0s25,12180.8,470589.5
241,16:23:16.003,enp0s25,18555.2,849178.1
242,16:23:17.015,enp0s25,6745.0,263448.8
243,16:23:18.034,enp0s25,4174.6,135681.8
244,16:23:19.048,enp0s25,5795.6,205304.2
245,16:23:20.058,enp0s25,3722.0,121425.6
246,16:23:21.073,enp0s25,11186.2,473043.9
247,16:23:22.091,enp0s25,9528.4,370896.0
248,16:23:23.099,enp0s25,5609.4,228638.7
249,16:23:24.106,enp0s25,2139.0,59885.1
250,16:23:25.114,enp0s25,12882.6,605193.9
251,16:23:26.126,enp0s25,8959.8,396014.2
252,16:23:27.136,enp0s25,1608.0,52870.7
253,16:23:28.153,enp0s25,5868.8,244794.6
254,16:23:29.170,enp0s25,8692.7,333830.8
255,16:23:30.187,enp0s25,2583.4,94069.7
256,16:23:31.201,enp0s25,4647.8,182488.4
257,16:23:32.208,enp0s25,1249.2,34492.7
258,16:23:33.221,enp0s25,4404.0,154619.6
259,16:23:34.230,enp0s25,6798.0,257120.4
260,16:23:35.237,enp0s25,9945.6,438472.5
261,16:23:36.250,enp0s25,5655.6,206861.3
262,16:23:37.259,enp0s25,3431.4,107355.0
263,16:23:38.265,enp0s25,4248.8,151575.5
264,16:23:39.272,enp0s25,6344.2,226207.6
265,16:23:40.278,enp0s25,1637.2,47025.6
266,16:23:41.285,enp0s25,1539.4,49894.3
267,16:23:42.291,enp0s25,5559.6,187254.8
268,16:23:43.298,enp0s25,1377.8,49269.6
269,16:23:44.305,enp0s25,6924.2,295579.3
270,16:23:45.312,enp0s25,5203.4,174755.2
271,16:23:46.318,enp0s25,5280.0,211243.0
272,16:23:47.325,enp0s25,8374.4,356074.2
273,16:23:48.332,enp0s25,4781.4,155529.5
274,16:23:49.338,enp0s25,1275.6,29371.8
275,16:23:50.345,enp0s25,2143.8,52937.2
276,16:23:51.351,enp0s25,5359.2,179052.2
277,16:23:52.358,enp0s25,1778.6,55165.7
278,16:23:53.364,enp0s25,5905.2,233111.0
279,16:23:54.371,enp0s25,1806.8,49952.2
280,16:23:55.378,enp0s25,3721.6,136720.6
281,16:23:56.385,enp0s25,2858.2,85800.7
282,16:23:57.393,enp0s25,6159.0,214029.9
283,16:23:58.400,enp0s25,3887.8,128106.7
284,16:23:59.406,enp0s25,4561.4,150343.4
285,16:24:00.413,enp0s25,6011.8,232384.9
286,16:24:01.420,enp0s25,4784.4,144710.0
287,16:24:02.427,enp0s25,4796.6,153759.2
288,16:24:03.434,enp0s25,4980.8,149399.3
289,16:24:04.441,enp0s25,5286.2,221823.7
290,16:24:05.447,enp0s25,3079.4,77556.8
291,16:24:06.454,enp0s25,3649.6,80132.4
292,16:24:07.461,enp0s25,1700.8,47910.9
293,16:24:08.468,enp0s25,7108.0,281123.0
294,16:24:09.474,enp0s25,3909.0,153488.3
295,16:24:10.481,enp0s25,4726.6,172725.4
296,16:24:11.487,enp0s25,6416.6,260873.7
297,16:24:12.494,enp0s25,6377.2,240723.5
298,16:24:13.500,enp0s25,5399.0,208954.0
299,16:24:14.507,enp0s25,5394.4,184301.9
300,16:24:15.514,enp0s25,5627.8,193198.9
301,16:24:16.521,enp0s25,6080.8,192888.3
302,16:24:17.527,enp0s25,3325.0,94679.7
303,16:24:18.534,enp0s25,6512.0,230261.9
304,16:24:19.540,enp0s25,4828.0,157635.7
305,16:24:20.547,enp0s25,2875.4,81208.9
306,16:24:21.553,enp0s25,3790.4,95296.5
307,16:24:22.560,enp0s25,5913.4,187555.2
308,16:24:23.566,enp0s25,8096.0,300128.6
309,16:24:24.573,enp0s25,4097.0,142476.8
310,16:24:25.580,enp0s25,6741.8,266469.4
311,16:24:26.587,enp0s25,5078.0,181074.2
312,16:24:27.594,enp0s25,7366.4,292636.9
313,16:24:28.600,enp0s25,11487.4,505382.8
314,16:24:29.607,enp0s25,3494.2,86658.2
315,16:24:30.614,enp0s25,4223.8,121880.2
316,16:24:31.620,enp0s25,3288.2,79197.2
317,16:24:32.627,enp0s25,3537.0,118018.9
318,16:24:33.634,enp0s25,2797.6,80266.3
319,16:24:34.641,enp0s25,5335.4,205569.6
320,16:24:35.648,enp0s25,4709.4,167467.4
321,16:24:36.655,enp0s25,8171.6,310224.8
322,16:24:37.662,enp0s25,2072.4,65271.1
323,16:24:38.668,enp0s25,9407.8,389159.4
324,16:24:39.675,enp0s25,2760.2,84895.7
325,16:24:40.682,enp0s25,3379.2,77234.7
326,16:24:41.688,enp0s25,3325.4,69966.7
327,16:24:42.695,enp0s25,5748.2,181123.7
328,16:24:43.702,enp0s25,5826.0,188636.4
329,16:24:44.708,enp0s25,2088.8,50129.7
330,16:24:45.715,enp0s25,6416.6,220591.9
331,16:24:46.722,enp0s25,7115.8,308132.6
332,16:24:47.729,enp0s25,10458.4,427570.7
333,16:24:48.736,enp0s25,5992.6,177766.2
334,16:24:49.743,enp0s25,3055.1,78232.1
335,16:24:50.750,enp0s25,4864.3,137703.5
336,16:24:51.757,enp0s25,9522.4,347665.0
337,16:24:52.764,enp0s25,15479.0,760901.0
338,16:24:53.771,enp0s25,6368.8,251193.0
339,16:24:54.778,enp0s25,4708.4,202592.6
340,16:24:55.784,enp0s25,11102.0,469030.2
341,16:24:56.791,enp0s25,10091.2,463513.7
342,16:24:57.797,enp0s25,9068.2,346615.3
343,16:24:58.804,enp0s25,5701.4,230363.0
344,16:24:59.811,enp0s25,3466.0,109245.4
345,16:25:00.817,enp0s25,6783.6,203464.6
346,16:25:01.824,enp0s25,1427.6,31466.3
347,16:25:02.830,enp0s25,5063.2,173091.4
348,16:25:03.837,enp0s25,12818.6,681887.5
349,16:25:04.844,enp0s25,2661.4,85899.2
350,16:25:05.850,enp0s25,1550.0,40054.4
351,16:25:06.857,enp0s25,2924.2,89658.8
352,16:25:07.863,enp0s25,1819.6,30431.2
353,16:25:08.870,enp0s25,1044.6,19093.3
354,16:25:09.877,enp0s25,2286.4,41277.9
355,16:25:10.883,enp0s25,2933.4,67945.3
356,16:25:11.890,enp0s25,3239.8,108064.9
357,16:25:12.896,enp0s25,5913.8,268727.3
358,16:25:13.903,enp0s25,2316.6,71358.8
359,16:25:14.910,enp0s25,4025.0,168673.0
360,16:25:15.916,enp0s25,1854.0,60873.3
361,16:25:16.923,enp0s25,5010.8,183382.7
362,16:25:17.930,enp0s25,5543.4,262996.4
363,16:25:18.937,enp0s25,5551.0,259839.5
364,16:25:19.944,enp0s25,4447.2,210348.1
365,16:25:20.950,enp0s25,6203.0,240455.1
366,16:25:21.957,enp0s25,2178.0,102310.8
367,16:25:22.964,enp0s25,1596.2,43640.0
368,16:25:23.970,enp0s25,3805.6,68997.5
369,16:25:24.977,enp0s25,3886.8,189612.1
370,16:25:25.984,enp0s25,4926.4,211095.8
371,16:25:26.990,enp0s25,3113.9,73024.3
372,16:25:27.997,enp0s25,1716.6,46591.3
373,16:25:29.004,enp0s25,1140.4,20281.3
374,16:25:30.010,enp0s25,977.2,23342.4
375,16:25:31.017,enp0s25,2526.7,87384.5
376,16:25:32.023,enp0s25,1304.0,20954.9
377,16:25:33.030,enp0s25,3233.4,111328.3
378,16:25:34.039,enp0s25,9837.8,344467.6
379,16:25:35.045,enp0s25,11973.2,401571.3
380,16:25:36.053,enp0s25,4734.6,125006.4
381,16:25:37.062,enp0s25,18156.1,626480.5
382,16:25:38.070,enp0s25,17021.4,980761.1
383,16:25:39.081,enp0s25,13973.5,462848.0
384,16:25:40.089,enp0s25,10110.0,211779.1
385,16:25:41.095,enp0s25,14786.3,362617.6
386,16:25:42.103,enp0s25,22874.8,678711.3
387,16:25:43.110,enp0s25,23274.0,1131240.9
388,16:25:44.117,enp0s25,17820.9,345568.2
389,16:25:45.123,enp0s25,16344.4,256039.8
390,16:25:46.130,enp0s25,27488.5,878857.6
391,16:25:47.137,enp0s25,16465.5,603364.5
392,16:25:48.143,enp0s25,21760.4,391258.9
393,16:25:49.150,enp0s25,12380.6,159609.7
394,16:25:50.157,enp0s25,17302.3,267654.6
395,16:25:51.164,enp0s25,12246.9,165934.6
396,16:25:52.170,enp0s25,11830.7,143017.4
397,16:25:53.177,enp0s25,14258.0,238833.9
398,16:25:54.183,enp0s25,12286.6,112065.3
399,16:25:55.190,enp0s25,24197.0,572866.5
400,16:25:56.196,enp0s25,24365.8,844257.6
401,16:25:57.203,enp0s25,19768.0,545444.4
402,16:25:58.209,enp0s25,15978.5,265234.9
403,16:25:59.216,enp0s25,17171.5,249981.9
404,16:26:00.222,enp0s25,21941.6,403158.2
405,16:26:01.229,enp0s25,11857.6,142178.9
406,16:26:02.235,enp0s25,12914.6,133080.1
407,16:26:03.242,enp0s25,14540.2,189421.3
408,16:26:04.248,enp0s25,13773.6,164677.9
409,16:26:05.255,enp0s25,21553.4,315398.4
410,16:26:06.261,enp0s25,19984.3,315793.7
411,16:26:07.268,enp0s25,21732.7,293991.0
412,16:26:08.275,enp0s25,19043.2,335670.5
413,16:26:09.281,enp0s25,20137.7,368057.9
414,16:26:10.288,enp0s25,16905.8,190985.8
415,16:26:11.296,enp0s25,14613.2,172296.7
416,16:26:12.303,enp0s25,13790.8,154360.9
417,16:26:13.310,enp0s25,19381.5,441860.1
418,16:26:14.317,enp0s25,16577.2,465696.5
419,16:26:15.323,enp0s25,13435.2,232868.0
420,16:26:16.330,enp0s25,27042.0,462340.4
421,16:26:17.338,enp0s25,18389.2,531186.8
422,16:26:18.345,enp0s25,21280.6,373906.2
423,16:26:19.352,enp0s25,28426.3,1081947.5
424,16:26:20.359,enp0s25,26739.4,837063.4
425,16:26:21.366,enp0s25,28906.7,655944.2
426,16:26:22.374,enp0s25,15220.6,601898.3
427,16:26:23.381,enp0s25,16365.6,232087.4
428,16:26:24.388,enp0s25,12359.8,173604.3
429,16:26:25.395,enp0s25,9993.8,159173.9
430,16:26:26.402,enp0s25,14870.0,403745.2
431,16:26:27.409,enp0s25,15578.2,314148.8
432,16:26:28.416,enp0s25,24454.1,503341.0
433,16:26:29.422,enp0s25,19467.9,941586.5
434,16:26:30.429,enp0s25,24251.5,797579.4
435,16:26:31.437,enp0s25,27033.8,641999.1
436,16:26:32.443,enp0s25,23626.9,371955.5
437,16:26:33.450,enp0s25,26325.2,594833.1
438,16:26:34.457,enp0s25,17532.0,422319.7
439,16:26:35.464,enp0s25,4359.0,40848.6
440,16:26:36.473,enp0s25,13391.8,218267.1
441,16:26:37.482,enp0s25,23874.3,662688.9
442,16:26:38.489,enp0s25,19429.2,366931.8
443,16:26:39.497,enp0s25,26677.9,473041.9
444,16:26:40.506,enp0s25,28819.6,567105.7
445,16:26:41.512,enp0s25,26694.7,653631.7
446,16:26:42.519,enp0s25,14404.1,202544.5
447,16:26:43.530,enp0s25,28408.9,586120.9
448,16:26:44.537,enp0s25,35958.9,784428.8
449,16:26:45.544,enp0s25,10707.1,208765.3
450,16:26:46.552,enp0s25,36051.2,788771.3
451,16:26:47.560,enp0s25,11213.6,156601.0
452,16:26:48.569,enp0s25,16501.2,330128.2
453,16:26:49.578,enp0s25,34126.1,722961.5
454,16:26:50.589,enp0s25,22398.1,581195.8
455,16:26:51.596,enp0s25,17088.2,282911.3
456,16:26:52.612,enp0s25,38253.9,781815.1
457,16:26:53.620,enp0s25,26163.7,589346.5
458,16:26:54.627,enp0s25,16395.5,282699.6
459,16:26:55.638,enp0s25,27845.4,613093.0
460,16:26:56.646,enp0s25,29797.7,873605.3
461,16:26:57.654,enp0s25,21860.1,347677.2
462,16:26:58.666,enp0s25,29490.9,770203.5
463,16:26:59.673,enp0s25,28017.0,744671.2
464,16:27:00.680,enp0s25,21776.8,586836.5
465,16:27:01.687,enp0s25,11974.5,321183.6
466,16:27:02.694,enp0s25,13662.8,238717.1
467,16:27:03.703,enp0s25,17701.6,451659.5
468,16:27:04.710,enp0s25,7382.8,416316.7
469,16:27:05.718,enp0s25,9082.7,188622.8
470,16:27:06.725,enp0s25,18552.3,336560.0
471,16:27:07.740,enp0s25,11559.8,427676.6
472,16:27:08.747,enp0s25,10179.6,254130.5
473,16:27:09.831,enp0s25,18349.9,393477.2
474,16:27:10.839,enp0s25,29967.0,619455.2
475,16:27:11.846,enp0s25,2974.2,86308.3
476,16:27:12.854,enp0s25,1199.5,13453.6
477,16:27:13.861,enp0s25,8741.2,183554.5
478,16:27:14.871,enp0s25,5373.0,95271.8
479,16:27:15.888,enp0s25,4449.5,100731.7
480,16:27:16.899,enp0s25,7519.3,101504.8
481,16:27:17.915,enp0s25,11944.9,234708.1
482,16:27:18.922,enp0s25,13184.6,240519.3
483,16:27:19.929,enp0s25,8590.8,293841.6
484,16:27:20.936,enp0s25,513.9,551.3
485,16:27:21.943,enp0s25,4718.4,144006.2
486,16:27:22.951,enp0s25,13933.7,326106.1
487,16:27:23.957,enp0s25,11089.6,233744.9
488,16:27:24.972,enp0s25,15209.6,319079.7
489,16:27:25.980,enp0s25,9043.5,234351.7
490,16:27:26.987,enp0s25,11719.3,315643.4
491,16:27:27.993,enp0s25,8338.6,153702.5
492,16:27:29.002,enp0s25,6864.6,167071.1
493,16:27:30.011,enp0s25,14270.6,394528.7
494,16:27:31.021,enp0s25,3850.6,94126.7
495,16:27:32.029,enp0s25,31159.1,712815.4
496,16:27:33.037,enp0s25,14065.9,316349.2
497,16:27:34.044,enp0s25,7983.2,210581.5
498,16:27:35.051,enp0s25,5947.9,123236.1
499,16:27:36.058,enp0s25,13780.4,295077.9
500,16:27:37.065,enp0s25,1119.2,19863.8
501,16:27:38.072,enp0s25,1700.0,24032.5
502,16:27:39.079,enp0s25,9034.3,188698.3
503,16:27:40.088,enp0s25,5402.2,127680.7
504,16:27:41.098,enp0s25,9623.4,223908.8
505,16:27:42.109,enp0s25,4678.5,102762.1
506,16:27:43.123,enp0s25,4233.2,76787.9
507,16:27:44.138,enp0s25,12750.0,193593.9
508,16:27:45.147,enp0s25,9564.5,214015.4
509,16:27:46.160,enp0s25,4232.0,78688.7
510,16:27:47.171,enp0s25,3885.2,112455.1
511,16:27:48.185,enp0s25,5280.8,153345.1
512,16:27:49.192,enp0s25,5463.7,151113.7
513,16:27:50.199,enp0s25,3169.1,75537.4
514,16:27:51.206,enp0s25,9783.6,218989.6
515,16:27:52.214,enp0s25,2557.3,57390.2
516,16:27:53.221,enp0s25,13093.8,191310.3
517,16:27:54.228,enp0s25,17715.6,529302.7
518,16:27:55.235,enp0s25,14568.7,482615.8
519,16:27:56.242,enp0s25,13100.4,475657.5
520,16:27:57.248,enp0s25,15877.6,368757.9
521,16:27:58.255,enp0s25,13669.6,312259.4
522,16:27:59.262,enp0s25,16947.6,431897.4
523,16:28:00.268,enp0s25,14599.0,374890.4
524,16:28:01.275,enp0s25,6910.7,177972.2
525,16:28:02.281,enp0s25,7863.8,112565.3
526,16:28:03.288,enp0s25,4421.9,76799.8
527,16:28:04.295,enp0s25,7433.4,136929.5
528,16:28:05.302,enp0s25,6087.9,135342.7
529,16:28:06.308,enp0s25,3751.9,67414.3
530,16:28:07.315,enp0s25,4184.0,71161.0
531,16:28:08.321,enp0s25,4167.8,78328.4
532,16:28:09.328,enp0s25,6380.3,127366.6
533,16:28:10.335,enp0s25,15079.1,425746.2
534,16:28:11.341,enp0s25,17756.5,314074.2
535,16:28:12.348,enp0s25,21127.5,873794.6
536,16:28:13.354,enp0s25,10932.6,515559.7
537,16:28:14.361,enp0s25,12566.7,338427.3
538,16:28:15.368,enp0s25,15704.5,313628.3
539,16:28:16.374,enp0s25,12732.3,219613.3
540,16:28:17.381,enp0s25,12228.3,210010.6
541,16:28:18.387,enp0s25,9824.6,148765.1
542,16:28:19.394,enp0s25,19660.8,563098.2
543,16:28:20.400,enp0s25,36221.4,1277311.4
544,16:28:21.407,enp0s25,10707.9,175500.7
545,16:28:22.414,enp0s25,11614.7,229670.0
546,16:28:23.421,enp0s25,10838.7,205203.7
547,16:28:24.428,enp0s25,12215.2,283057.4
548,16:28:25.434,enp0s25,9784.5,158613.8
549,16:28:26.441,enp0s25,6805.5,133523.7
550,16:28:27.448,enp0s25,11094.8,163948.4
551,16:28:28.455,enp0s25,7050.0,171980.3
552,16:28:29.462,enp0s25,8224.5,218112.3
553,16:28:30.468,enp0s25,24298.8,499622.5
554,16:28:31.475,enp0s25,45559.9,1395841.5
555,16:28:32.482,enp0s25,15160.6,353884.7
556,16:28:33.488,enp0s25,35736.7,923748.5
557,16:28:34.495,enp0s25,21914.7,508520.5
558,16:28:35.502,enp0s25,14061.0,281884.6
559,16:28:36.508,enp0s25,23612.6,363994.5
560,16:28:37.515,enp0s25,34179.4,862355.3
561,16:28:38.522,enp0s25,33658.7,1359156.3
562,16:28:39.528,enp0s25,22972.3,653403.2
563,16:28:40.535,enp0s25,32035.5,551925.4
564,16:28:41.541,enp0s25,19329.2,325956.2
565,16:28:42.548,enp0s25,34903.5,679043.3
566,16:28:43.556,enp0s25,24140.6,601530.6
567,16:28:44.563,enp0s25,19995.4,321462.9
568,16:28:45.570,enp0s25,30646.0,612247.6
569,16:28:46.578,enp0s25,17579.6,363306.7
570,16:28:47.585,enp0s25,28573.4,630364.7
571,16:28:48.592,enp0s25,24161.3,670410.9
572,16:28:49.598,enp0s25,17826.5,291136.9
573,16:28:50.606,enp0s25,29346.3,480097.7
574,16:28:51.612,enp0s25,16549.2,510451.9
575,16:28:52.619,enp0s25,15074.6,243359.8
576,16:28:53.626,enp0s25,41856.7,1271145.5
577,16:28:54.633,enp0s25,12327.5,323425.0
578,16:28:55.640,enp0s25,16510.7,264464.5
579,16:28:56.647,enp0s25,28356.8,590320.8
580,16:28:57.659,enp0s25,22248.2,469515.0
581,16:28:58.672,enp0s25,20721.5,422905.1
582,16:28:59.684,enp0s25,17549.2,347714.6
583,16:29:00.693,enp0s25,30431.0,701730.0
584,16:29:01.700,enp0s25,21706.4,423153.6
585,16:29:02.706,enp0s25,38310.7,863667.0
586,16:29:03.713,enp0s25,23250.7,357903.2
587,16:29:04.720,enp0s25,24472.2,436937.5
588,16:29:05.730,enp0s25,32489.2,906845.3
589,16:29:06.738,enp0s25,26674.6,548942.9
590,16:29:07.746,enp0s25,23973.8,547356.0
591,16:29:08.753,enp0s25,22175.3,492637.4
592,16:29:09.763,enp0s25,19609.9,290267.1
593,16:29:10.775,enp0s25,20622.9,335738.6
594,16:29:11.785,enp0s25,27094.1,823079.5
595,16:29:12.791,enp0s25,24308.9,866615.6
596,16:29:13.798,enp0s25,21661.5,744194.9
597,16:29:14.810,enp0s25,19172.3,408507.4
598,16:29:15.821,enp0s25,15327.3,351280.6
599,16:29:16.828,enp0s25,39850.5,1044813.3
600,16:29:17.839,enp0s25,19749.9,481755.0
601,16:29:18.852,enp0s25,9393.0,250460.6
602,16:29:19.861,enp0s25,17579.4,253586.5
603,16:29:20.878,enp0s25,33579.1,784666.4
604,16:29:21.889,enp0s25,14699.2,280172.4
605,16:29:22.896,enp0s25,20912.3,538600.1
606,16:29:23.903,enp0s25,6116.2,87766.5
607,16:29:24.910,enp0s25,12822.0,333970.0
608,16:29:25.917,enp0s25,23030.8,516354.1
609,16:29:26.930,enp0s25,4290.2,95553.3
610,16:29:27.946,enp0s25,24537.4,741896.3
611,16:29:28.953,enp0s25,4324.9,65385.5
612,16:29:29.960,enp0s25,3681.7,40137.2
613,16:29:30.967,enp0s25,14812.8,284301.5
614,16:29:31.974,enp0s25,32294.5,717153.2
615,16:29:32.981,enp0s25,6046.5,126113.1
616,16:29:33.988,enp0s25,12814.8,214385.3
617,16:29:34.999,enp0s25,14304.2,228024.7
618,16:29:36.008,enp0s25,7996.0,111996.0
619,16:29:37.015,enp0s25,20368.2,489796.7
620,16:29:38.022,enp0s25,28957.7,569580.4
621,16:29:39.029,enp0s25,23068.5,443012.7
622,16:29:40.036,enp0s25,8198.4,134689.3
623,16:29:41.042,enp0s25,36100.7,882010.8
624,16:29:42.049,enp0s25,18164.4,358454.0
625,16:29:43.056,enp0s25,40018.9,996798.9
626,16:29:44.063,enp0s25,13934.2,307126.2
627,16:29:45.070,enp0s25,24189.8,519352.3
628,16:29:46.076,enp0s25,8266.6,193493.0
629,16:29:47.084,enp0s25,13168.4,278801.4
630,16:29:48.091,enp0s25,10963.7,180992.7
631,16:29:49.098,enp0s25,14725.6,352180.2
632,16:29:50.113,enp0s25,15148.5,288349.8
633,16:29:51.122,enp0s25,12544.8,226473.4
634,16:29:52.130,enp0s25,11003.2,224577.1
635,16:29:53.137,enp0s25,10939.5,202367.4
636,16:29:54.144,enp0s25,11856.1,308645.2
637,16:29:55.155,enp0s25,9841.9,128612.8
638,16:29:56.162,enp0s25,22183.4,436408.2
639,16:29:57.169,enp0s25,8489.6,141626.3
640,16:29:58.175,enp0s25,6596.8,94820.6
641,16:29:59.182,enp0s25,13920.5,325236.0
642,16:30:00.191,enp0s25,9110.8,184721.2
643,16:30:01.199,enp0s25,8534.2,117250.4
644,16:30:02.206,enp0s25,13335.6,240788.8
645,16:30:03.212,enp0s25,6569.6,108266.1
646,16:30:04.219,enp0s25,25246.8,819949.3
647,16:30:05.227,enp0s25,14515.7,552328.4
648,16:30:06.239,enp0s25,5789.8,86908.6
649,16:30:07.245,enp0s25,176.6,935.3
650,16:30:08.252,enp0s25,2844.4,23552.6
651,16:30:09.260,enp0s25,2585.2,25325.9
652,16:30:10.268,enp0s25,11314.8,217748.6
653,16:30:11.275,enp0s25,12680.4,329806.4
654,16:30:12.284,enp0s25,32960.4,990404.7
655,16:30:13.292,enp0s25,12546.2,384013.1
656,16:30:14.299,enp0s25,21648.5,658832.9
657,16:30:15.308,enp0s25,6457.0,180385.3
658,16:30:16.317,enp0s25,4705.2,66328.1
659,16:30:17.324,enp0s25,2759.5,41237.8
660,16:30:18.339,enp0s25,3781.5,41523.2
661,16:30:19.348,enp0s25,3728.4,54532.0
662,16:30:20.356,enp0s25,2918.2,32693.7
663,16:30:21.363,enp0s25,3143.7,49818.4
664,16:30:22.370,enp0s25,17663.6,505657.7
665,16:30:23.378,enp0s25,1348.6,9215.6
666,16:30:24.390,enp0s25,15681.3,412101.9
667,16:30:25.398,enp0s25,17481.5,466548.0
668,16:30:26.405,enp0s25,10147.8,368909.6
669,16:30:27.412,enp0s25,30717.0,1144939.6
670,16:30:28.422,enp0s25,38526.4,1697411.6
671,16:30:29.428,enp0s25,34284.8,1508966.3
672,16:30:30.435,enp0s25,31977.6,1452324.2
673,16:30:31.442,enp0s25,33616.9,1485917.9
674,16:30:32.450,enp0s25,49593.4,2099486.5
675,16:30:33.457,enp0s25,28246.8,1078653.7
676,16:30:34.464,enp0s25,15983.5,517584.2
677,16:30:35.471,enp0s25,16254.1,563449.2
678,16:30:36.478,enp0s25,7235.4,182932.3
679,16:30:37.487,enp0s25,6058.1,200578.4
680,16:30:38.494,enp0s25,6813.2,238142.6
681,16:30:39.501,enp0s25,17265.1,749554.3
682,16:30:40.508,enp0s25,18018.5,756370.3
683,16:30:41.516,enp0s25,19702.7,791855.4
684,16:30:42.528,enp0s25,23236.7,905443.1
685,16:30:43.537,enp0s25,42839.8,1531852.2
686,16:30:44.544,enp0s25,17900.5,690372.5
687,16:30:45.551,enp0s25,6266.5,137280.2
688,16:30:46.557,enp0s25,12745.7,325508.1
689,16:30:47.569,enp0s25,11109.9,354231.4
690,16:30:48.577,enp0s25,13426.6,518198.7
691,16:30:49.584,enp0s25,6567.8,190284.9
692,16:30:50.590,enp0s25,6364.4,190337.1
693,16:30:51.604,enp0s25,10325.2,330805.9
694,16:30:52.619,enp0s25,23843.1,860981.9
695,16:30:53.627,enp0s25,5819.1,190110.6
696,16:30:54.633,enp0s25,2435.7,77825.9
697,16:30:55.640,enp0s25,18702.1,693139.0
698,16:30:56.652,enp0s25,13365.0,632800.1
699,16:30:57.660,enp0s25,12525.2,530080.4
700,16:30:58.667,enp0s25,27690.2,1139688.8
701,16:30:59.674,enp0s25,50131.3,1882231.0
702,16:31:00.680,enp0s25,68695.7,2703592.5
703,16:31:01.687,enp0s25,52665.2,2301738.8
704,16:31:02.693,enp0s25,48012.8,2044533.2
705,16:31:03.701,enp0s25,33149.6,1514886.3
706,16:31:04.708,enp0s25,26284.3,1159982.3
707,16:31:05.714,enp0s25,31077.0,1316053.9
708,16:31:06.723,enp0s25,32417.4,1247695.3
709,16:31:07.729,enp0s25,18796.0,814127.7
710,16:31:08.737,enp0s25,15185.5,677175.2
711,16:31:09.745,enp0s25,18930.4,805240.0
712,16:31:10.752,enp0s25,16046.6,673239.5
713,16:31:11.759,enp0s25,19637.3,793297.0
714,16:31:12.766,enp0s25,19524.4,765370.9
715,16:31:13.773,enp0s25,19317.5,635309.1
716,16:31:14.780,enp0s25,7720.6,267811.1
717,16:31:15.787,enp0s25,19934.4,756263.7
718,16:31:16.794,enp0s25,27144.8,939590.6
719,16:31:17.802,enp0s25,35006.9,1260702.1
720,16:31:18.811,enp0s25,22256.3,965961.0
721,16:31:19.818,enp0s25,26869.7,1066397.4
722,16:31:20.825,enp0s25,30312.7,1125972.8
723,16:31:21.833,enp0s25,30203.8,1211707.9
724,16:31:22.846,enp0s25,31607.8,1041082.5
725,16:31:23.862,enp0s25,22992.5,989385.7
726,16:31:24.872,enp0s25,25267.3,964624.4
727,16:31:25.879,enp0s25,21912.9,852581.0
728,16:31:26.895,enp0s25,21860.9,905922.9
729,16:31:27.902,enp0s25,20160.8,820978.0
730,16:31:28.912,enp0s25,21638.4,859715.5
731,16:31:29.920,enp0s25,22696.6,916662.9
732,16:31:30.927,enp0s25,24358.1,943336.9
733,16:31:31.933,enp0s25,27726.9,1082161.5
734,16:31:32.940,enp0s25,29403.6,987403.4
735,16:31:33.948,enp0s25,28189.7,1042637.1
736,16:31:34.955,enp0s25,28435.2,1099730.2
737,16:31:35.962,enp0s25,40458.8,1519225.5
738,16:31:36.977,enp0s25,27989.8,1126186.0
739,16:31:37.985,enp0s25,24477.0,1031196.3
740,16:31:39.001,enp0s25,18857.4,828303.5
741,16:31:40.019,enp0s25,35132.9,1312961.8
742,16:31:41.033,enp0s25,33903.5,1372374.7
743,16:31:42.046,enp0s25,30709.6,1219551.9
744,16:31:43.054,enp0s25,25215.9,1123594.1
745,16:31:44.070,enp0s25,29256.5,1277778.3
746,16:31:45.082,enp0s25,21509.7,882909.5
747,16:31:46.098,enp0s25,30702.6,1072156.2
748,16:31:47.116,enp0s25,21317.5,887744.4
749,16:31:48.134,enp0s25,29547.9,1207957.3
750,16:31:49.146,enp0s25,17804.6,597143.7
751,16:31:50.155,enp0s25,7872.2,193196.4
752,16:31:51.161,enp0s25,12596.5,384706.2
753,16:31:52.172,enp0s25,11802.9,291227.7
754,16:31:53.180,enp0s25,21064.4,578967.5
755,16:31:54.187,enp0s25,4451.4,125334.6
756,16:31:55.194,enp0s25,8249.9,246301.2
757,16:31:56.202,enp0s25,11648.2,331596.5
758,16:31:57.209,enp0s25,7691.8,236060.4
759,16:31:58.215,enp0s25,8330.4,295952.6
760,16:31:59.222,enp0s25,10092.1,322922.7
761,16:32:00.238,enp0s25,6111.4,186350.1
762,16:32:01.257,enp0s25,5496.5,153152.7
763,16:32:02.265,enp0s25,7303.2,215032.4
764,16:32:03.278,enp0s25,8197.2,261698.6
765,16:32:04.287,enp0s25,8720.5,294089.7
766,16:32:05.294,enp0s25,21265.8,803080.3
767,16:32:06.302,enp0s25,25107.6,997102.7
768,16:32:07.317,enp0s25,21737.2,931646.9
769,16:32:08.325,enp0s25,34566.1,1223928.6
770,16:32:09.338,enp0s25,29013.8,1158275.2
771,16:32:10.348,enp0s25,23215.7,934979.0
772,16:32:11.356,enp0s25,20613.3,881914.5
773,16:32:12.363,enp0s25,25019.9,1079680.8
774,16:32:13.371,enp0s25,23478.7,959033.1
775,16:32:14.379,enp0s25,19877.7,818193.4
776,16:32:15.387,enp0s25,16055.7,627410.5
777,16:32:16.398,enp0s25,25033.1,1018839.9
778,16:32:17.410,enp0s25,9354.5,282193.6
779,16:32:18.424,enp0s25,13769.5,447346.9
780,16:32:19.437,enp0s25,12152.0,343068.8
781,16:32:20.446,enp0s25,42070.0,1461327.8
782,16:32:21.455,enp0s25,6345.8,243442.2
783,16:32:22.463,enp0s25,9335.9,293523.6
784,16:32:23.470,enp0s25,11617.6,347889.6
785,16:32:24.477,enp0s25,9628.9,313827.8
786,16:32:25.489,enp0s25,13097.6,496325.9
787,16:32:26.499,enp0s25,13040.7,465903.6
788,16:32:27.511,enp0s25,8611.4,282608.1
789,16:32:28.520,enp0s25,17228.9,592291.6
790,16:32:29.535,enp0s25,8494.9,242556.8
791,16:32:30.549,enp0s25,7543.5,211308.6
792,16:32:31.559,enp0s25,6580.0,252588.0
793,16:32:32.569,enp0s25,9108.5,334668.0
794,16:32:33.581,enp0s25,4675.4,127698.5
795,16:32:34.591,enp0s25,10350.6,386615.9
796,16:32:35.598,enp0s25,14394.9,462272.2
797,16:32:36.605,enp0s25,14151.8,517178.4
798,16:32:37.613,enp0s25,9810.9,362577.6
799,16:32:38.623,enp0s25,5478.2,169995.1
800,16:32:39.632,enp0s25,7935.1,284655.6
801,16:32:40.645,enp0s25,9579.5,356826.6
802,16:32:41.652,enp0s25,16361.3,521838.5
803,16:32:42.660,enp0s25,11041.1,375582.3
804,16:32:43.668,enp0s25,17779.8,504610.2
805,16:32:44.675,enp0s25,17675.4,576646.9
806,16:32:45.682,enp0s25,9685.9,327503.3
807,16:32:46.697,enp0s25,9708.4,309664.1
808,16:32:47.708,enp0s25,5495.5,153570.9
809,16:32:48.721,enp0s25,12207.1,403773.6
810,16:32:49.728,enp0s25,23351.4,994111.8
811,16:32:50.735,enp0s25,11356.5,347851.5
812,16:32:51.741,enp0s25,9992.3,389844.1
813,16:32:52.748,enp0s25,11077.6,403843.2
814,16:32:53.758,enp0s25,18942.8,628179.7
815,16:32:54.765,enp0s25,14932.0,539478.5
816,16:32:55.771,enp0s25,9087.1,275893.9
817,16:32:56.778,enp0s25,16286.6,492416.0
818,16:32:57.786,enp0s25,20673.5,764018.5
819,16:32:58.793,enp0s25,9487.7,339096.0
820,16:32:59.803,enp0s25,10558.7,329958.4
821,16:33:00.810,enp0s25,15384.9,597414.1
822,16:33:01.817,enp0s25,12046.5,428174.5
823,16:33:02.832,enp0s25,28805.8,1005448.7
824,16:33:03.845,enp0s25,16550.6,622160.8
825,16:33:04.855,enp0s25,9769.6,362024.6
826,16:33:05.864,enp0s25,8327.3,285933.0
827,16:33:06.879,enp0s25,14211.3,571767.3
828,16:33:07.895,enp0s25,11541.3,387330.7
829,16:33:08.908,enp0s25,12597.3,434854.9
830,16:33:09.915,enp0s25,16336.6,586195.4
831,16:33:10.926,enp0s25,22722.4,794876.9
832,16:33:11.937,enp0s25,13597.9,468749.1
833,16:33:12.946,enp0s25,17811.1,608968.8
834,16:33:13.961,enp0s25,9908.4,324006.5
835,16:33:14.971,enp0s25,10869.6,371715.2
836,16:33:15.981,enp0s25,12680.0,478266.9
837,16:33:16.996,enp0s25,9146.2,311040.2
838,16:33:18.007,enp0s25,13558.3,489557.0
839,16:33:19.017,enp0s25,10436.2,373473.9
840,16:33:20.032,enp0s25,13074.2,546486.9
841,16:33:21.047,enp0s25,8411.6,329459.0
842,16:33:22.063,enp0s25,9357.4,316690.7
843,16:33:23.077,enp0s25,17183.1,623675.1
844,16:33:24.088,enp0s25,12598.3,459597.6
845,16:33:25.099,enp0s25,15493.8,691953.6
846,16:33:26.112,enp0s25,16317.9,652795.3
847,16:33:27.127,enp0s25,20258.9,844554.5
848,16:33:28.136,enp0s25,14636.6,598899.9
849,16:33:29.148,enp0s25,16276.4,655510.4
850,16:33:30.156,enp0s25,14118.8,584151.3
851,16:33:31.170,enp0s25,13740.6,585770.2
852,16:33:32.185,enp0s25,17358.8,707360.1
853,16:33:33.202,enp0s25,13477.4,554680.0
854,16:33:34.217,enp0s25,8874.4,362833.5
855,16:33:35.228,enp0s25,10154.7,364830.3
856,16:33:36.234,enp0s25,10814.9,419674.6
857,16:33:37.243,enp0s25,11579.1,428110.6
858,16:33:38.257,enp0s25,11546.8,450368.9
859,16:33:39.270,enp0s25,8634.2,330750.2
860,16:33:40.280,enp0s25,10555.8,383146.3
861,16:33:41.297,enp0s25,9741.2,374548.4
862,16:33:42.313,enp0s25,11269.0,408896.4
863,16:33:43.325,enp0s25,13430.2,513275.3
864,16:33:44.341,enp0s25,11708.4,458488.5
865,16:33:45.356,enp0s25,17209.9,700597.7
866,16:33:46.362,enp0s25,12179.4,441637.4
867,16:33:47.369,enp0s25,14955.0,541455.4
868,16:33:48.381,enp0s25,14534.5,549921.2
869,16:33:49.395,enp0s25,14647.5,564683.3
870,16:33:50.406,enp0s25,14038.6,535954.5
871,16:33:51.417,enp0s25,14393.2,557734.5
872,16:33:52.427,enp0s25,21035.0,915095.7
873,16:33:53.438,enp0s25,16466.0,698409.5
874,16:33:54.450,enp0s25,12259.4,498553.1
875,16:33:55.459,enp0s25,11471.6,433239.3
876,16:33:56.468,enp0s25,13507.1,516060.0
877,16:33:57.485,enp0s25,14444.3,540427.2
878,16:33:58.497,enp0s25,11756.0,458024.3
879,16:33:59.511,enp0s25,16305.8,692602.3
880,16:34:00.524,enp0s25,12234.2,481486.3
881,16:34:01.536,enp0s25,16489.2,663514.4
882,16:34:02.548,enp0s25,11260.4,449841.9
883,16:34:03.557,enp0s25,10251.0,366207.8
884,16:34:04.568,enp0s25,5640.6,208346.4
885,16:34:05.577,enp0s25,10284.0,424707.1
886,16:34:06.593,enp0s25,6270.4,243411.7
887,16:34:07.603,enp0s25,12468.2,523658.8
888,16:34:08.613,enp0s25,12459.4,485042.0
889,16:34:09.622,enp0s25,9025.0,348319.8
890,16:34:10.635,enp0s25,19648.2,932517.4
891,16:34:11.643,enp0s25,7987.2,280637.7
892,16:34:12.655,enp0s25,11447.8,467134.3
893,16:34:13.670,enp0s25,16562.8,732503.3
894,16:34:14.682,enp0s25,14830.6,669011.2
895,16:34:15.691,enp0s25,10050.0,384444.6
896,16:34:16.700,enp0s25,7017.8,237452.2
897,16:34:17.714,enp0s25,6088.8,196022.8
898,16:34:18.729,enp0s25,5475.4,178705.1
899,16:34:19.747,enp0s25,9139.9,394151.9
900,16:34:20.756,enp0s25,7098.8,268639.8
901,16:34:21.771,enp0s25,7073.0,248353.1
902,16:34:22.786,enp0s25,6614.8,263049.0
903,16:34:23.803,enp0s25,9627.4,418273.2
904,16:34:24.818,enp0s25,12566.4,714817.4
905,16:34:25.831,enp0s25,5016.3,194853.3
906,16:34:26.843,enp0s25,16337.6,675616.4
907,16:34:27.852,enp0s25,22992.8,1102416.9
908,16:34:28.867,enp0s25,27169.4,1276243.4
909,16:34:29.882,enp0s25,19589.2,871942.2
910,16:34:30.892,enp0s25,22150.4,1029823.1
911,16:34:31.903,enp0s25,17203.3,774933.2
912,16:34:32.912,enp0s25,19060.6,868936.4
913,16:34:33.929,enp0s25,17269.8,777876.9
914,16:34:34.937,enp0s25,15044.4,625710.8
915,16:34:35.954,enp0s25,14497.4,668397.7
916,16:34:36.962,enp0s25,13784.9,653074.0
917,16:34:37.972,enp0s25,17713.8,864308.7
918,16:34:38.987,enp0s25,15161.3,680167.3
919,16:34:39.994,enp0s25,12161.6,593546.4
920,16:34:41.009,enp0s25,8030.6,254520.6
921,16:34:42.028,enp0s25,8961.8,300957.8
922,16:34:43.047,enp0s25,9477.4,383367.7
923,16:34:44.060,enp0s25,7391.8,282576.8
924,16:34:45.076,enp0s25,8067.3,335345.4
925,16:34:46.088,enp0s25,4317.0,179239.1
926,16:34:47.103,enp0s25,2259.4,77503.6
927,16:34:48.121,enp0s25,2928.8,106063.5
928,16:34:49.138,enp0s25,1409.5,52626.7
929,16:34:50.153,enp0s25,2867.2,105217.9
930,16:34:51.169,enp0s25,2139.8,82428.8
931,16:34:52.180,enp0s25,1656.0,65054.4
932,16:34:53.196,enp0s25,2270.0,83059.5
933,16:34:54.215,enp0s25,2059.4,77376.8
934,16:34:55.230,enp0s25,2806.2,113009.1
935,16:34:56.246,enp0s25,4953.7,144678.2
936,16:34:57.259,enp0s25,7269.4,291780.7
937,16:34:58.269,enp0s25,4727.4,199676.1
938,16:34:59.277,enp0s25,5243.8,219105.8
939,16:35:00.289,enp0s25,7857.8,304424.0
940,16:35:01.308,enp0s25,5671.2,231949.0
941,16:35:02.324,enp0s25,5559.4,228490.5
942,16:35:03.337,enp0s25,6777.2,283358.8
943,16:35:04.347,enp0s25,4999.2,215008.6
944,16:35:05.356,enp0s25,6392.2,248900.2
945,16:35:06.368,enp0s25,8215.8,318188.8
946,16:35:07.377,enp0s25,19992.0,829541.2
947,16:35:08.385,enp0s25,14702.8,643114.8
948,16:35:09.396,enp0s25,15425.9,642908.5
949,16:35:10.409,enp0s25,14954.9,648174.9
950,16:35:11.417,enp0s25,18264.1,790900.3
951,16:35:12.433,enp0s25,16524.0,756652.6
952,16:35:13.450,enp0s25,22732.0,1039079.6
953,16:35:14.469,enp0s25,22832.2,1087960.1
954,16:35:15.482,enp0s25,21352.1,925930.3
955,16:35:16.491,enp0s25,19854.3,920270.2
956,16:35:17.499,enp0s25,19048.3,896499.4
957,16:35:18.505,enp0s25,8215.3,239945.7
958,16:35:19.514,enp0s25,9060.7,374067.5
959,16:35:20.530,enp0s25,9139.2,298584.8
960,16:35:21.544,enp0s25,12562.3,553425.4
961,16:35:22.558,enp0s25,8639.4,335662.6
962,16:35:23.567,enp0s25,9118.0,354505.8
963,16:35:24.574,enp0s25,3364.0,130782.9
964,16:35:25.591,enp0s25,3068.0,125196.8
965,16:35:26.609,enp0s25,4195.2,157248.7
966,16:35:27.619,enp0s25,5482.4,210951.2
967,16:35:28.633,enp0s25,3377.6,134437.5
968,16:35:29.644,enp0s25,5236.7,229722.0
969,16:35:30.653,enp0s25,5749.9,190070.3
970,16:35:31.666,enp0s25,4829.8,197000.3
971,16:35:32.678,enp0s25,5784.4,255919.8
972,16:35:33.693,enp0s25,3685.6,152650.8
973,16:35:34.701,enp0s25,5279.6,205362.3
974,16:35:35.709,enp0s25,8686.2,386117.7
975,16:35:36.716,enp0s25,13791.8,666169.3
976,16:35:37.730,enp0s25,4013.4,146901.1
977,16:35:38.746,enp0s25,3029.4,125273.6
978,16:35:39.758,enp0s25,3999.6,152590.8
979,16:35:40.767,enp0s25,6419.0,244383.1
980,16:35:41.779,enp0s25,5006.4,185256.8
981,16:35:42.787,enp0s25,8612.2,298557.7
982,16:35:43.798,enp0s25,12028.4,526909.2
983,16:35:44.807,enp0s25,12385.2,475347.2
984,16:35:45.815,enp0s25,4480.2,172153.0
985,16:35:46.822,enp0s25,4307.0,181022.3
986,16:35:47.829,enp0s25,5809.4,241287.7
987,16:35:48.836,enp0s25,3398.4,133255.5
988,16:35:49.843,enp0s25,4692.6,185237.3
989,16:35:50.850,enp0s25,5211.8,181463.0
990,16:35:51.857,enp0s25,4754.7,170164.0
991,16:35:52.863,enp0s25,7553.3,284157.2
992,16:35:53.870,enp0s25,4956.6,221555.0
993,16:35:54.877,enp0s25,4944.4,180699.2
994,16:35:55.883,enp0s25,4529.4,180760.3
995,16:35:56.896,enp0s25,6480.8,258017.4
996,16:35:57.903,enp0s25,8958.8,380634.5
997,16:35:58.913,enp0s25,6864.2,296537.0
998,16:35:59.919,enp0s25,5539.6,210491.0
999,16:36:00.926,enp0s25,2740.0,99835.7
1000,16:36:01.933,enp0s25,6567.6,246426.5
1001,16:36:02.939,enp0s25,9246.8,395544.9
1002,16:36:03.945,enp0s25,6203.2,223833.1
1003,16:36:04.952,enp0s25,11461.8,491824.9
1004,16:36:05.959,enp0s25,5869.2,225757.1
1005,16:36:06.966,enp0s25,7587.6,312823.5
1006,16:36:07.976,enp0s25,6749.4,254753.3
1007,16:36:08.983,enp0s25,2517.6,99166.4
1008,16:36:09.990,enp0s25,3641.4,136874.5
1009,16:36:10.996,enp0s25,2927.8,117984.5
1010,16:36:12.003,enp0s25,4147.0,173498.5
1011,16:36:13.010,enp0s25,7145.6,304140.8
1012,16:36:14.017,enp0s25,5479.5,210874.9
1013,16:36:15.023,enp0s25,5774.0,217370.1
1014,16:36:16.030,enp0s25,8253.8,355898.9
1015,16:36:17.037,enp0s25,4402.0,159348.6
1016,16:36:18.044,enp0s25,4420.4,163778.5
1017,16:36:19.051,enp0s25,2933.0,100744.0
1018,16:36:20.058,enp0s25,5417.6,186457.2
1019,16:36:21.064,enp0s25,6254.8,250901.9
1020,16:36:22.071,enp0s25,3282.8,132102.9
1021,16:36:23.078,enp0s25,5215.6,195043.7
1022,16:36:24.085,enp0s25,3500.8,137845.1
1023,16:36:25.092,enp0s25,3740.2,146531.2
1024,16:36:26.099,enp0s25,4319.4,173239.7
1025,16:36:27.106,enp0s25,7831.2,304254.0
1026,16:36:28.113,enp0s25,5893.4,223380.6
1027,16:36:29.121,enp0s25,4026.6,145838.6
1028,16:36:30.128,enp0s25,3779.6,140411.2
1029,16:36:31.135,enp0s25,5856.2,218529.9
1030,16:36:32.142,enp0s25,3963.8,146477.8
1031,16:36:33.149,enp0s25,6275.8,250524.9
1032,16:36:34.155,enp0s25,5680.8,227395.3
1033,16:36:35.162,enp0s25,6370.1,246785.0
1034,16:36:36.168,enp0s25,8887.6,354440.0
1035,16:36:37.175,enp0s25,6049.4,250023.3
1036,16:36:38.182,enp0s25,3986.3,154362.6
1037,16:36:39.189,enp0s25,6616.6,263168.8
1038,16:36:40.195,enp0s25,7106.0,272553.3
1039,16:36:41.202,enp0s25,6228.4,239316.5
1040,16:36:42.209,enp0s25,4302.2,151289.4
1041,16:36:43.216,enp0s25,5281.2,214667.2
1042,16:36:44.223,enp0s25,3773.7,132974.0
1043,16:36:45.230,enp0s25,3610.7,128153.8
1044,16:36:46.237,enp0s25,4917.1,175356.5
1045,16:36:47.244,enp0s25,7649.7,285378.0
1046,16:36:48.250,enp0s25,3883.4,143677.5
1047,16:36:49.257,enp0s25,4672.3,165452.7
1048,16:36:50.264,enp0s25,7276.2,276763.7
1049,16:36:51.271,enp0s25,4131.4,159467.4
1050,16:36:52.277,enp0s25,8501.7,268427.4
1051,16:36:53.284,enp0s25,6101.7,219332.4
1052,16:36:54.290,enp0s25,5684.9,203823.5
1053,16:36:55.298,enp0s25,6787.2,241866.6
1054,16:36:56.304,enp0s25,8673.0,360716.8
1055,16:36:57.311,enp0s25,8816.6,294774.5
1056,16:36:58.317,enp0s25,4377.4,168700.4
1057,16:36:59.324,enp0s25,4568.6,179094.1
1058,16:37:00.330,enp0s25,7289.8,282942.1
1059,16:37:01.337,enp0s25,10668.8,499867.5
1060,16:37:02.343,enp0s25,16884.1,776874.7
1061,16:37:03.350,enp0s25,7698.6,333036.5
1062,16:37:04.356,enp0s25,5078.8,186830.5
1063,16:37:05.363,enp0s25,9104.0,343852.5
1064,16:37:06.370,enp0s25,6767.0,274915.6
1065,16:37:07.377,enp0s25,6508.1,269868.1
1066,16:37:08.384,enp0s25,5851.3,157991.7
1067,16:37:09.390,enp0s25,5456.6,154915.9
1068,16:37:10.397,enp0s25,5825.8,216100.5
1069,16:37:11.403,enp0s25,4399.0,94798.1
1070,16:37:12.410,enp0s25,17327.4,412374.6
1071,16:37:13.416,enp0s25,12985.6,861018.8
1072,16:37:14.423,enp0s25,24398.7,848975.1
1073,16:37:15.430,enp0s25,11085.9,225065.2
1074,16:37:16.436,enp0s25,13819.4,266205.2
1075,16:37:17.443,enp0s25,12252.1,242930.6
1076,16:37:18.450,enp0s25,27686.6,895293.2
1077,16:37:19.457,enp0s25,17524.6,789843.4
1078,16:37:20.463,enp0s25,24116.2,640566.5
1079,16:37:21.470,enp0s25,17740.9,375009.5
1080,16:37:22.476,enp0s25,15011.1,306552.6
1081,16:37:23.483,enp0s25,21274.1,617945.1
1082,16:37:24.489,enp0s25,16841.1,485685.8
1083,16:37:25.496,enp0s25,12201.4,211422.1
1084,16:37:26.502,enp0s25,13497.2,193164.8
1085,16:37:27.509,enp0s25,11013.5,196505.1
1086,16:37:28.516,enp0s25,9842.6,156085.3
1087,16:37:29.522,enp0s25,23941.5,516447.1
1088,16:37:30.529,enp0s25,23905.5,1043579.8
1089,16:37:31.535,enp0s25,17860.8,515401.0
1090,16:37:32.542,enp0s25,19700.3,392576.4
1091,16:37:33.548,enp0s25,9876.8,136659.7
1092,16:37:34.555,enp0s25,22314.6,421729.0
1093,16:37:35.561,enp0s25,14875.1,255853.9
1094,16:37:36.568,enp0s25,14198.8,178845.9
1095,16:37:37.574,enp0s25,14874.8,270960.4
1096,16:37:38.581,enp0s25,13795.3,212535.4
1097,16:37:39.588,enp0s25,20252.4,350942.5
1098,16:37:40.594,enp0s25,17816.2,351761.5
1099,16:37:41.601,enp0s25,24404.9,497464.2
1100,16:37:42.607,enp0s25,35283.4,1088432.0
1101,16:37:43.614,enp0s25,30901.6,1092597.6
1102,16:37:44.620,enp0s25,30396.4,679589.9
1103,16:37:45.627,enp0s25,20370.0,357153.7
1104,16:37:46.634,enp0s25,23364.7,475039.8
1105,16:37:47.640,enp0s25,20227.6,579673.0
1106,16:37:48.647,enp0s25,29303.0,894564.9
1107,16:37:49.653,enp0s25,20571.8,455543.6
1108,16:37:50.660,enp0s25,14740.3,257048.0
1109,16:37:51.666,enp0s25,27580.6,525925.0
1110,16:37:52.673,enp0s25,17583.0,500425.6
1111,16:37:53.679,enp0s25,22264.3,657174.8
1112,16:37:54.686,enp0s25,18563.8,434180.5
1113,16:37:55.692,enp0s25,13695.8,186166.7
1114,16:37:56.699,enp0s25,16076.2,365126.7
1115,16:37:57.705,enp0s25,9495.4,245911.1
1116,16:37:58.712,enp0s25,9635.0,168645.9
1117,16:37:59.721,enp0s25,7228.3,98580.2
1118,16:38:00.730,enp0s25,6897.9,105131.2
1119,16:38:01.739,enp0s25,11653.1,247702.1
1120,16:38:02.745,enp0s25,22107.3,553416.7
1121,16:38:03.755,enp0s25,12767.3,243650.8
1122,16:38:04.762,enp0s25,14487.0,301879.4
1123,16:38:05.768,enp0s25,14944.9,456239.3
1124,16:38:06.775,enp0s25,24777.1,825951.5
1125,16:38:07.781,enp0s25,28617.1,805232.1
1126,16:38:08.788,enp0s25,17602.8,433600.4
1127,16:38:09.795,enp0s25,15072.9,348328.7
1128,16:38:10.801,enp0s25,18582.6,440108.1
1129,16:38:11.808,enp0s25,10061.4,171165.3
1130,16:38:12.814,enp0s25,11937.5,224540.5
1131,16:38:13.821,enp0s25,14478.3,445600.7
1132,16:38:14.827,enp0s25,13029.3,259712.4
1133,16:38:15.834,enp0s25,23563.2,620856.8
1134,16:38:16.841,enp0s25,8549.9,178683.3
1135,16:38:17.847,enp0s25,36681.6,896778.6
1136,16:38:18.854,enp0s25,22250.3,618062.1
1137,16:38:19.861,enp0s25,32090.9,1012067.6
1138,16:38:20.868,enp0s25,23122.4,722261.1
1139,16:38:21.874,enp0s25,23475.3,689509.7
1140,16:38:22.881,enp0s25,16064.3,609723.2
1141,16:38:23.887,enp0s25,8925.4,319085.4
1142,16:38:24.894,enp0s25,27691.8,699968.0
1143,16:38:25.901,enp0s25,19275.4,496277.5
1144,16:38:26.907,enp0s25,19669.8,588781.6
1145,16:38:27.914,enp0s25,21576.2,734656.4
1146,16:38:28.922,enp0s25,15686.7,523591.0
1147,16:38:29.928,enp0s25,16406.7,422254.6
1148,16:38:30.935,enp0s25,20441.2,478543.4
1149,16:38:31.943,enp0s25,25022.8,609230.7
1150,16:38:32.949,enp0s25,14161.4,402324.0
1151,16:38:33.956,enp0s25,27365.7,784404.6
1152,16:38:34.963,enp0s25,25935.6,501181.6
1153,16:38:35.970,enp0s25,14199.4,527765.2
1154,16:38:36.977,enp0s25,10529.9,218974.4
1155,16:38:37.983,enp0s25,8484.6,156000.2
1156,16:38:38.991,enp0s25,28739.0,753737.4
1157,16:38:39.998,enp0s25,19352.9,848242.6
1158,16:38:41.005,enp0s25,27910.4,730986.4
1159,16:38:42.012,enp0s25,17419.2,289397.6
1160,16:38:43.024,enp0s25,16703.3,324741.0
1161,16:38:44.034,enp0s25,17812.8,447485.6
1162,16:38:45.040,enp0s25,18795.1,490776.6
1163,16:38:46.047,enp0s25,14380.3,293935.1
1164,16:38:47.054,enp0s25,26959.9,614390.5
1165,16:38:48.062,enp0s25,15477.9,490121.8
1166,16:38:49.070,enp0s25,23702.0,547524.3
1167,16:38:50.077,enp0s25,35530.1,980909.1
1168,16:38:51.087,enp0s25,4872.2,98536.7
1169,16:38:52.094,enp0s25,6392.3,104484.4
1170,16:38:53.102,enp0s25,14376.5,328867.0
1171,16:38:54.109,enp0s25,9084.9,184177.1
1172,16:38:55.116,enp0s25,13436.4,343808.1
1173,16:38:56.123,enp0s25,10903.8,201699.0
1174,16:38:57.130,enp0s25,9086.0,131686.7
1175,16:38:58.141,enp0s25,13921.6,463306.9
1176,16:38:59.149,enp0s25,11414.5,253236.3
1177,16:39:00.156,enp0s25,24202.2,523300.0
1178,16:39:01.163,enp0s25,6044.1,137033.8
1179,16:39:02.170,enp0s25,8447.6,185459.3
1180,16:39:03.178,enp0s25,4510.6,64393.0
1181,16:39:04.185,enp0s25,5637.3,109425.1
1182,16:39:05.192,enp0s25,7390.2,113502.6
1183,16:39:06.202,enp0s25,7172.6,164825.3
1184,16:39:07.210,enp0s25,5948.1,102881.7
1185,16:39:08.217,enp0s25,5596.9,110271.3
1186,16:39:09.224,enp0s25,6246.6,189590.3
1187,16:39:10.231,enp0s25,6154.3,109157.7
1188,16:39:11.239,enp0s25,7795.3,174880.8
1189,16:39:12.246,enp0s25,5716.2,75701.8
1190,16:39:13.253,enp0s25,7814.9,194747.7
1191,16:39:14.260,enp0s25,4784.4,172550.0
1192,16:39:15.268,enp0s25,6806.2,341128.4
1193,16:39:16.276,enp0s25,14266.4,498714.0
1194,16:39:17.283,enp0s25,6663.1,151068.1
1195,16:39:18.290,enp0s25,5705.0,264765.1
1196,16:39:19.297,enp0s25,2308.0,47477.8
1197,16:39:20.304,enp0s25,2451.6,94753.8
1198,16:39:21.311,enp0s25,489.8,10976.3
1199,16:39:22.318,enp0s25,1952.8,51169.6
1200,16:39:24.520,enp0s25,2365.7,44007.6
1201,16:39:25.531,enp0s25,10032.5,319039.7
1202,16:39:26.541,enp0s25,10022.9,295729.5
1203,16:39:27.548,enp0s25,7906.3,277866.8
1204,16:39:28.559,enp0s25,1377.6,38690.5
1205,16:39:29.571,enp0s25,683.0,12410.1
1206,16:39:30.583,enp0s25,9398.6,285225.4
1207,16:39:31.591,enp0s25,6941.3,218646.4
1208,16:39:32.603,enp0s25,10377.4,292253.3
1209,16:39:33.612,enp0s25,10260.2,356418.2
1210,16:39:34.626,enp0s25,9887.9,277239.1
1211,16:39:35.637,enp0s25,2323.7,55030.6
1212,16:39:36.648,enp0s25,6598.1,149700.9
1213,16:39:37.657,enp0s25,6936.7,134243.2
1214,16:39:38.667,enp0s25,1623.5,18303.5
1215,16:39:39.674,enp0s25,12069.1,296096.1
1216,16:39:40.682,enp0s25,13055.5,374996.6
1217,16:39:41.689,enp0s25,7628.8,243543.8
1218,16:39:42.696,enp0s25,2957.5,120087.6
1219,16:39:43.703,enp0s25,9007.6,284451.7
1220,16:39:44.711,enp0s25,1760.0,43140.7
1221,16:39:45.721,enp0s25,11598.8,317584.0
1222,16:39:46.730,enp0s25,28841.0,1054005.2
1223,16:39:47.738,enp0s25,14686.2,420933.1
1224,16:39:48.746,enp0s25,7457.6,265216.1
1225,16:39:49.753,enp0s25,6906.1,164988.5
1226,16:39:50.760,enp0s25,11735.8,331879.3
1227,16:39:51.766,enp0s25,15895.3,517738.3
1228,16:39:52.774,enp0s25,4340.2,135018.5
1229,16:39:53.784,enp0s25,24361.5,900137.3
1230,16:39:54.797,enp0s25,14793.2,469446.7
1231,16:39:55.811,enp0s25,8248.2,361683.2
1232,16:39:56.826,enp0s25,6192.7,103769.0
1233,16:39:57.840,enp0s25,8772.4,245629.5
1234,16:39:58.851,enp0s25,9028.3,217329.8
1235,16:39:59.862,enp0s25,10923.0,330715.8
1236,16:40:01.718,enp0s25,15762.8,608600.1
1237,16:40:02.737,enp0s25,5707.2,157332.5
1238,16:40:03.752,enp0s25,9274.6,202046.0
1239,16:40:04.762,enp0s25,5854.9,111791.8
1240,16:40:05.769,enp0s25,15050.6,371998.7
1241,16:40:06.776,enp0s25,17459.7,437200.4
1242,16:40:07.783,enp0s25,16454.6,352776.2
1243,16:40:08.790,enp0s25,6561.4,145879.7
1244,16:40:09.796,enp0s25,4530.4,100399.3
1245,16:40:10.803,enp0s25,8661.9,231044.8
1246,16:40:11.809,enp0s25,8634.5,176265.5
1247,16:40:12.816,enp0s25,22002.4,580926.2
1248,16:40:13.822,enp0s25,15027.2,581226.1
1249,16:40:14.829,enp0s25,6676.4,184328.2
1250,16:40:15.836,enp0s25,3556.1,69038.4
1251,16:40:16.842,enp0s25,9477.3,221341.0
1252,16:40:17.849,enp0s25,9715.0,191751.9
1253,16:40:18.857,enp0s25,12350.7,327077.6
1254,16:40:19.863,enp0s25,4448.4,176158.8
1255,16:40:20.870,enp0s25,2459.8,35490.1
1256,16:40:21.876,enp0s25,7096.0,251494.1
1257,16:40:22.883,enp0s25,8886.1,264852.1
1258,16:40:23.889,enp0s25,5177.0,169101.7
1259,16:40:24.896,enp0s25,13746.9,342517.6
1260,16:40:25.902,enp0s25,7518.2,168044.9
1261,16:40:26.909,enp0s25,7560.8,170870.7
1262,16:40:27.916,enp0s25,16107.3,360281.3
1263,16:40:28.922,enp0s25,19857.6,433681.7
1264,16:40:29.929,enp0s25,30203.0,933962.0
1265,16:40:30.935,enp0s25,18354.5,733417.9
1266,16:40:31.942,enp0s25,17388.3,391971.1
1267,16:40:32.948,enp0s25,10637.4,236836.5
1268,16:40:33.955,enp0s25,22045.0,500895.2
1269,16:40:34.961,enp0s25,10296.6,199134.3
1270,16:40:35.968,enp0s25,25025.3,661712.0
1271,16:40:36.979,enp0s25,15554.3,394687.8
1272,16:40:37.988,enp0s25,13461.3,358951.8
1273,16:40:38.994,enp0s25,7830.5,167399.4
1274,16:40:40.002,enp0s25,5828.1,77252.8
1275,16:40:41.009,enp0s25,16652.6,364706.9
1276,16:40:42.016,enp0s25,9566.4,182164.9
1277,16:40:43.022,enp0s25,8109.6,121172.2
1278,16:40:44.029,enp0s25,9772.7,136623.7
1279,16:40:45.036,enp0s25,7993.2,149377.3
1280,16:40:46.043,enp0s25,6061.0,83233.8
1281,16:40:47.049,enp0s25,24493.2,796063.3
1282,16:40:48.057,enp0s25,20331.4,598966.6
1283,16:40:49.064,enp0s25,11001.1,230052.0
1284,16:40:50.071,enp0s25,12479.1,214876.5
1285,16:40:51.080,enp0s25,21653.9,466669.2
1286,16:40:52.087,enp0s25,9235.7,200818.2
1287,16:40:53.094,enp0s25,18758.4,438866.7
1288,16:40:54.100,enp0s25,15984.8,379216.1
1289,16:40:55.107,enp0s25,11217.4,214445.6
1290,16:40:56.114,enp0s25,12372.2,219870.5
1291,16:40:57.121,enp0s25,9706.1,198335.2
1292,16:40:58.127,enp0s25,8653.5,239668.5
1293,16:40:59.134,enp0s25,26389.9,677882.0
1294,16:41:00.141,enp0s25,16994.1,483816.3
1295,16:41:01.150,enp0s25,8621.0,249778.2
1296,16:41:02.163,enp0s25,11966.4,212457.7
1297,16:41:03.176,enp0s25,8965.8,161427.8
1298,16:41:04.183,enp0s25,11322.0,230779.7
1299,16:41:05.190,enp0s25,13581.6,453134.3
1300,16:41:06.201,enp0s25,9149.2,300189.0
1301,16:41:07.207,enp0s25,8948.2,301028.2
1302,16:41:08.241,enp0s25,8069.9,121904.2
1303,16:41:09.248,enp0s25,15038.7,551655.2
1304,16:41:10.257,enp0s25,3652.5,64778.5
1305,16:41:11.264,enp0s25,5946.1,126750.2
1306,16:41:12.271,enp0s25,4989.6,139060.9
1307,16:41:13.277,enp0s25,2822.4,29094.5
1308,16:41:14.284,enp0s25,3819.8,71496.2
1309,16:41:15.290,enp0s25,4752.5,95220.9
1310,16:41:16.297,enp0s25,1934.4,17419.4
1311,16:41:17.305,enp0s25,13568.5,636220.1
1312,16:41:18.314,enp0s25,12436.5,412516.8
1313,16:41:19.322,enp0s25,13646.5,476709.4
1314,16:41:20.329,enp0s25,15526.9,462461.2
1315,16:41:21.335,enp0s25,4562.3,73001.7
1316,16:41:22.342,enp0s25,8776.2,333968.5
1317,16:41:23.350,enp0s25,14878.7,297242.6
1318,16:41:24.358,enp0s25,2659.5,33509.1
1319,16:41:25.365,enp0s25,5174.6,79761.5
1320,16:41:26.372,enp0s25,3653.2,37950.9
1321,16:41:27.385,enp0s25,11237.2,177824.4
1322,16:41:28.392,enp0s25,1084.8,5949.0
1323,16:41:29.403,enp0s25,30956.1,815354.7
1324,16:41:30.413,enp0s25,15396.6,385127.6
1325,16:41:31.419,enp0s25,10213.4,331221.2
1326,16:41:32.434,enp0s25,10835.5,219415.9
1327,16:41:33.451,enp0s25,6571.7,107729.8
1328,16:41:34.466,enp0s25,29490.3,539919.8
1329,16:41:35.474,enp0s25,26481.3,949040.6
1330,16:41:36.481,enp0s25,17877.3,767018.9
1331,16:41:37.487,enp0s25,27557.9,796426.8
1332,16:41:38.497,enp0s25,18147.4,278032.7
1333,16:41:39.513,enp0s25,8800.2,229581.0
1334,16:41:40.521,enp0s25,16144.7,372405.3
1335,16:41:41.529,enp0s25,14610.8,466157.8
1336,16:41:42.537,enp0s25,14767.7,258659.3
1337,16:41:43.545,enp0s25,15606.0,268749.5
1338,16:41:44.552,enp0s25,6375.5,152194.7
1339,16:41:45.560,enp0s25,8512.4,126131.3
1340,16:41:46.567,enp0s25,27648.3,810611.7
1341,16:41:47.574,enp0s25,8411.0,150051.8
1342,16:41:48.581,enp0s25,14829.4,319279.0
1343,16:41:49.588,enp0s25,25027.0,661740.7
1344,16:41:50.595,enp0s25,11209.4,159077.1
1345,16:41:51.602,enp0s25,18791.2,449805.3
1346,16:41:52.609,enp0s25,14797.0,334700.0
1347,16:41:53.616,enp0s25,7559.9,188180.8
1348,16:41:54.627,enp0s25,36978.3,901255.1
1349,16:41:55.634,enp0s25,33776.2,939623.9
1350,16:41:56.644,enp0s25,24039.6,968705.1
1351,16:41:57.654,enp0s25,19874.6,675902.0
1352,16:41:58.673,enp0s25,21863.1,474927.1
1353,16:41:59.681,enp0s25,18101.7,555884.1
1354,16:42:00.688,enp0s25,32894.4,949740.3
1355,16:42:01.695,enp0s25,34773.5,1157083.7
1356,16:42:02.702,enp0s25,31875.9,1100008.0
1357,16:42:03.708,enp0s25,28288.5,919861.3
1358,16:42:04.716,enp0s25,23546.8,930327.0
1359,16:42:05.729,enp0s25,24420.0,826601.6
1360,16:42:06.740,enp0s25,33755.0,1178889.7
1361,16:42:07.749,enp0s25,23358.9,860612.5
1362,16:42:08.763,enp0s25,25677.3,865608.8
1363,16:42:09.776,enp0s25,34946.6,1086991.9
1364,16:42:10.784,enp0s25,35779.3,1117875.5
1365,16:42:11.791,enp0s25,11903.1,611987.3
1366,16:42:12.798,enp0s25,24321.6,791675.4
1367,16:42:13.805,enp0s25,25646.1,796051.5
1368,16:42:14.812,enp0s25,25683.6,1008150.5
1369,16:42:15.822,enp0s25,23060.4,847016.0
1370,16:42:16.831,enp0s25,25855.5,938457.6
1371,16:42:17.837,enp0s25,17639.5,631550.3
1372,16:42:18.844,enp0s25,3971.5,57866.7
1373,16:42:19.851,enp0s25,5465.9,55532.7
1374,16:42:20.860,enp0s25,5273.9,36778.7
1375,16:42:21.867,enp0s25,11244.5,235728.3
1376,16:42:22.874,enp0s25,9976.8,222709.8
1377,16:42:23.880,enp0s25,5837.7,62750.1
1378,16:42:24.888,enp0s25,16862.4,445779.0
1379,16:42:25.895,enp0s25,22911.1,964446.0
1380,16:42:26.902,enp0s25,21487.6,867618.9
1381,16:42:27.908,enp0s25,20879.8,799247.5
1382,16:42:28.915,enp0s25,10234.8,309896.1
1383,16:42:29.922,enp0s25,28532.4,850428.0
1384,16:42:30.934,enp0s25,42686.3,1763717.9
1385,16:42:31.941,enp0s25,33269.5,1651809.8
1386,16:42:32.948,enp0s25,21934.3,852363.2
1387,16:42:33.955,enp0s25,21205.5,784648.6
1388,16:42:34.964,enp0s25,25445.7,1051981.1
1389,16:42:35.974,enp0s25,21103.3,887499.1
1390,16:42:36.984,enp0s25,31226.6,1424211.8
1391,16:42:37.993,enp0s25,34657.0,1555435.0
1392,16:42:39.000,enp0s25,45641.0,1769017.0
1393,16:42:40.007,enp0s25,30884.1,1425279.8
1394,16:42:41.017,enp0s25,26653.9,1220490.7
1395,16:42:42.026,enp0s25,46670.7,1637775.5
1396,16:42:43.033,enp0s25,34097.4,1314056.2
1397,16:42:44.046,enp0s25,35973.8,1421836.0
1398,16:42:45.054,enp0s25,50661.8,2050098.4
1399,16:42:46.061,enp0s25,45196.9,1846097.8
1400,16:42:47.077,enp0s25,31133.0,1434252.1
1401,16:42:48.086,enp0s25,26113.8,1109245.3
1402,16:42:49.098,enp0s25,34056.9,1127508.3
1403,16:42:50.106,enp0s25,32912.3,1199319.9
1404,16:42:51.113,enp0s25,29760.6,1228274.2
1405,16:42:52.121,enp0s25,19744.2,798928.9
1406,16:42:53.129,enp0s25,24992.3,863508.9
1407,16:42:54.143,enp0s25,13471.1,566926.7
1408,16:42:55.155,enp0s25,17937.6,761675.3
1409,16:42:56.162,enp0s25,21564.1,625160.7
1410,16:42:57.173,enp0s25,8490.0,252261.9
1411,16:42:58.182,enp0s25,24695.5,680584.5
1412,16:42:59.189,enp0s25,25129.4,1001042.7
1413,16:43:00.205,enp0s25,34319.6,1123651.5
1414,16:43:01.215,enp0s25,41732.3,1329486.0
1415,16:43:02.223,enp0s25,20576.6,917147.8
1416,16:43:03.230,enp0s25,25538.2,1063025.5
1417,16:43:04.244,enp0s25,41242.7,1660314.5
1418,16:43:05.253,enp0s25,24547.0,1023496.7
1419,16:43:06.260,enp0s25,19270.5,875268.3
1420,16:43:07.267,enp0s25,19621.9,870758.7
1421,16:43:08.274,enp0s25,23454.5,848018.5
1422,16:43:09.282,enp0s25,26736.8,975431.3
1423,16:43:10.289,enp0s25,14000.4,423508.0
1424,16:43:11.295,enp0s25,24746.4,789777.6
1425,16:43:12.302,enp0s25,22573.8,840827.8
1426,16:43:13.310,enp0s25,2580.6,121318.7
1427,16:43:14.317,enp0s25,13604.7,276545.1
1428,16:43:15.324,enp0s25,9999.6,191282.1
1429,16:43:16.330,enp0s25,7829.9,215528.2
1430,16:43:17.337,enp0s25,10959.0,172051.2
1431,16:43:18.346,enp0s25,9973.0,199022.2
1432,16:43:19.353,enp0s25,6801.9,177975.9
1433,16:43:20.360,enp0s25,7844.2,250697.0
1434,16:43:21.369,enp0s25,8590.0,279522.2
1435,16:43:22.380,enp0s25,2720.0,109288.8
1436,16:43:23.390,enp0s25,3013.9,76798.1
1437,16:43:24.398,enp0s25,588.9,7183.8
1438,16:43:25.411,enp0s25,8076.4,260101.1
1439,16:43:26.418,enp0s25,1114.9,25404.5
1440,16:43:27.426,enp0s25,1028.8,51775.8
1441,16:43:28.433,enp0s25,7359.6,294549.4
1442,16:43:29.441,enp0s25,16929.5,775158.5
1443,16:43:30.449,enp0s25,21919.3,971008.0
1444,16:43:31.457,enp0s25,21875.0,898288.6
1445,16:43:32.464,enp0s25,20457.8,923556.8
1446,16:43:33.472,enp0s25,35119.9,1380931.4
1447,16:43:34.483,enp0s25,19260.5,800807.6
1448,16:43:35.492,enp0s25,9943.3,295268.1
1449,16:43:36.503,enp0s25,11928.3,350007.2
1450,16:43:37.510,enp0s25,15122.0,410927.8
1451,16:43:38.517,enp0s25,4629.8,166535.5
1452,16:43:39.524,enp0s25,6393.2,249691.9
1453,16:43:40.530,enp0s25,6073.6,211268.9
1454,16:43:41.537,enp0s25,7845.6,302321.8
1455,16:43:42.544,enp0s25,8680.9,299221.7
1456,16:43:43.551,enp0s25,4106.4,162448.4
1457,16:43:44.560,enp0s25,4364.5,173017.6
1458,16:43:45.567,enp0s25,4688.8,205549.4
1459,16:43:46.580,enp0s25,3925.8,125558.9
1460,16:43:47.589,enp0s25,7900.1,362432.4
1461,16:43:48.597,enp0s25,5939.2,160398.1
1462,16:43:49.603,enp0s25,12890.4,506097.7
1463,16:43:50.620,enp0s25,12869.0,415761.5
1464,16:43:51.636,enp0s25,21976.1,641094.8
1465,16:43:52.648,enp0s25,9232.6,758112.9
1466,16:43:53.656,enp0s25,19008.1,553948.8
1467,16:43:54.662,enp0s25,12409.4,437664.7
1468,16:43:55.670,enp0s25,13513.0,305920.0
1469,16:43:56.684,enp0s25,22787.0,638500.9
1470,16:43:57.699,enp0s25,16039.4,470350.2
1471,16:43:58.715,enp0s25,11367.8,300332.9
1472,16:43:59.726,enp0s25,8781.8,218438.8
1473,16:44:00.738,enp0s25,7632.3,122488.1
1474,16:44:01.752,enp0s25,7431.4,101983.1
1475,16:44:02.764,enp0s25,15713.8,402591.4
1476,16:44:03.772,enp0s25,9657.9,260404.5
1477,16:44:04.779,enp0s25,6558.6,158524.2
1478,16:44:05.786,enp0s25,14406.1,378682.1
1479,16:44:06.793,enp0s25,8418.2,214801.6
1480,16:44:07.800,enp0s25,10036.1,215948.9
1481,16:44:08.807,enp0s25,20451.6,608649.5
1482,16:44:09.814,enp0s25,24092.4,826147.2
1483,16:44:10.822,enp0s25,11858.3,310786.3
1484,16:44:11.836,enp0s25,8129.1,220207.6
1485,16:44:12.844,enp0s25,15135.1,452366.8
1486,16:44:13.861,enp0s25,11324.0,293896.3
1487,16:44:14.870,enp0s25,18186.8,579615.9
1488,16:44:15.884,enp0s25,26839.1,960329.8
1489,16:44:16.892,enp0s25,21541.6,780066.3
1490,16:44:17.899,enp0s25,25963.2,966535.9
1491,16:44:18.908,enp0s25,22921.1,886694.1
1492,16:44:19.917,enp0s25,23099.8,795100.8
1493,16:44:20.926,enp0s25,34357.4,1135493.4
1494,16:44:21.934,enp0s25,46208.7,1566442.7
1495,16:44:22.941,enp0s25,43601.9,1632057.2
1496,16:44:23.950,enp0s25,35798.5,1428828.2
1497,16:44:24.964,enp0s25,36124.3,1074456.7
1498,16:44:25.974,enp0s25,29024.0,938621.9
1499,16:44:26.983,enp0s25,29143.2,920213.5
1500,16:44:27.995,enp0s25,27135.8,971392.0
1501,16:44:29.006,enp0s25,25514.4,809366.6
1502,16:44:30.020,enp0s25,14862.1,253584.8
1503,16:44:31.030,enp0s25,30308.4,955851.5
1504,16:44:32.043,enp0s25,14351.8,341406.4
1505,16:44:33.051,enp0s25,7166.5,157997.0
1506,16:44:34.062,enp0s25,12892.2,304432.9
1507,16:44:35.083,enp0s25,7605.1,135602.2
1508,16:44:36.094,enp0s25,9927.8,179352.1
1509,16:44:37.107,enp0s25,11158.0,229276.4
1510,16:44:38.117,enp0s25,11319.0,342536.6
1511,16:44:39.126,enp0s25,24028.8,729756.4
1512,16:44:40.137,enp0s25,22531.6,611884.0
1513,16:44:41.146,enp0s25,12839.7,447583.9
1514,16:44:42.161,enp0s25,27852.9,794826.2
1515,16:44:43.169,enp0s25,22531.9,695952.3
1516,16:44:44.180,enp0s25,18947.6,399090.3
1517,16:44:45.188,enp0s25,15381.0,335225.8
1518,16:44:46.198,enp0s25,25463.4,502163.0
1519,16:44:47.206,enp0s25,18482.1,372246.2
1520,16:44:48.217,enp0s25,14317.8,350504.8
1521,16:44:49.227,enp0s25,14647.1,305524.5
1522,16:44:50.259,enp0s25,14067.6,325297.6
1523,16:44:51.270,enp0s25,22954.4,556227.0
1524,16:44:52.285,enp0s25,22760.7,656836.8
1525,16:44:53.299,enp0s25,12502.8,349414.6
1526,16:44:54.308,enp0s25,16451.6,458113.2
1527,16:44:55.317,enp0s25,17378.6,365414.3
1528,16:44:56.325,enp0s25,16101.2,371174.4
1529,16:44:57.333,enp0s25,31380.5,835627.7
1530,16:44:58.340,enp0s25,24202.0,1058175.8
1531,16:44:59.346,enp0s25,11570.5,236448.7
1532,16:45:00.356,enp0s25,24875.6,651746.1
1533,16:45:01.363,enp0s25,23777.3,720405.9
1534,16:45:02.370,enp0s25,22204.3,694506.7
1535,16:45:03.382,enp0s25,17963.7,477104.5
1536,16:45:04.391,enp0s25,21140.0,588249.1
1537,16:45:05.397,enp0s25,13566.8,480341.5
1538,16:45:06.404,enp0s25,7040.9,164192.9
1539,16:45:07.411,enp0s25,19796.4,519590.4
1540,16:45:08.418,enp0s25,8425.6,203683.7
1541,16:45:09.431,enp0s25,11761.1,331315.2
1542,16:45:10.443,enp0s25,6937.3,118890.1
1543,16:45:11.450,enp0s25,10682.4,316710.8
1544,16:45:12.462,enp0s25,19014.6,521428.2
1545,16:45:13.473,enp0s25,27164.5,819270.6
1546,16:45:14.483,enp0s25,17692.9,676120.2
1547,16:45:15.492,enp0s25,20920.0,868429.2
1548,16:45:16.499,enp0s25,36619.6,1120953.0
1549,16:45:17.509,enp0s25,16084.1,587280.1
1550,16:45:18.523,enp0s25,24110.7,572678.4
1551,16:45:19.538,enp0s25,20052.0,515235.7
1552,16:45:20.585,enp0s25,22798.0,725154.4
1553,16:45:21.594,enp0s25,10160.1,405539.7
1554,16:45:22.608,enp0s25,13643.9,377076.2
1555,16:45:23.625,enp0s25,14760.8,531523.5
1556,16:45:24.638,enp0s25,14110.9,357523.3
1557,16:45:25.649,enp0s25,11325.1,323846.7
1558,16:45:26.660,enp0s25,20185.3,635476.8
1559,16:45:27.676,enp0s25,14950.0,475185.7
1560,16:45:28.691,enp0s25,9007.8,254272.0
1561,16:45:29.700,enp0s25,24815.6,967428.4
1562,16:45:30.710,enp0s25,11956.4,333722.4
1563,16:45:31.723,enp0s25,4854.3,122786.5
1564,16:45:32.733,enp0s25,8949.8,251748.7
1565,16:45:33.744,enp0s25,22448.3,616105.6
1566,16:45:34.755,enp0s25,12204.6,361869.3
1567,16:45:35.765,enp0s25,14902.1,513080.6
1568,16:45:36.781,enp0s25,9747.7,398962.9
1569,16:45:37.789,enp0s25,10095.6,374610.5
1570,16:45:38.799,enp0s25,15891.1,608716.0
1571,16:45:39.815,enp0s25,12526.4,432765.5
1572,16:45:40.833,enp0s25,7722.8,311558.3
1573,16:45:41.849,enp0s25,7223.5,228518.3
1574,16:45:42.861,enp0s25,8368.7,215702.3
1575,16:45:43.872,enp0s25,7371.2,205447.2
1576,16:45:44.881,enp0s25,20321.8,505131.4
1577,16:45:45.893,enp0s25,9111.8,297349.1
1578,16:45:46.905,enp0s25,5946.2,161917.8
1579,16:45:47.921,enp0s25,7417.9,259241.2
1580,16:45:48.935,enp0s25,5913.5,192838.4
1581,16:45:49.946,enp0s25,3976.8,100713.1
1582,16:45:50.957,enp0s25,3989.0,93594.5
1583,16:45:51.972,enp0s25,8276.2,245369.3
1584,16:45:52.980,enp0s25,5622.0,141291.7
1585,16:45:53.988,enp0s25,11260.7,384779.8
1586,16:45:55.002,enp0s25,9921.3,345970.4
1587,16:45:56.012,enp0s25,15244.0,692886.3
1588,16:45:57.022,enp0s25,13304.4,594022.8
1589,16:45:58.040,enp0s25,18146.3,717359.6
1590,16:45:59.056,enp0s25,11104.7,433402.8
1591,16:46:00.068,enp0s25,3332.6,98030.2
1592,16:46:01.082,enp0s25,3905.0,106631.0
1593,16:46:02.093,enp0s25,7857.1,306881.9
1594,16:46:03.105,enp0s25,7737.6,255949.3
1595,16:46:04.116,enp0s25,6373.9,146929.6
1596,16:46:05.125,enp0s25,7839.9,301547.8
1597,16:46:06.140,enp0s25,15821.4,526426.2
1598,16:46:07.151,enp0s25,9653.2,333716.6
1599,16:46:08.165,enp0s25,13655.6,424451.9
1600,16:46:09.177,enp0s25,8017.8,281645.7
1601,16:46:10.187,enp0s25,4612.1,116477.1
1602,16:46:11.197,enp0s25,4490.5,107448.3
1603,16:46:12.210,enp0s25,2155.0,68155.5
1604,16:46:13.219,enp0s25,6901.3,225156.2
1605,16:46:14.230,enp0s25,4400.2,173889.1
1606,16:46:15.239,enp0s25,11764.1,410010.7
1607,16:46:16.246,enp0s25,19901.6,709149.0
1608,16:46:17.259,enp0s25,6551.8,299312.1
1609,16:46:18.269,enp0s25,9453.2,314531.2
1610,16:46:19.282,enp0s25,4464.6,127753.7
1611,16:46:20.291,enp0s25,3327.9,64469.6
1612,16:46:21.303,enp0s25,6749.4,189615.7
1613,16:46:22.320,enp0s25,10463.2,344111.5
1614,16:46:23.327,enp0s25,11772.1,370740.5
1615,16:46:24.336,enp0s25,13586.4,458149.2
1616,16:46:25.349,enp0s25,4499.8,145491.7
1617,16:46:26.366,enp0s25,5313.2,165320.8
1618,16:46:27.381,enp0s25,4208.3,144061.1
1619,16:46:28.393,enp0s25,8671.6,309459.0
1620,16:46:29.406,enp0s25,16742.0,626245.9
1621,16:46:30.415,enp0s25,7755.7,268348.7
1622,16:46:31.421,enp0s25,4437.4,205748.8
1623,16:46:32.430,enp0s25,1894.6,80462.5
1624,16:46:33.438,enp0s25,6459.4,220517.1
1625,16:46:34.451,enp0s25,14990.6,555147.9
1626,16:46:35.466,enp0s25,16785.4,574135.9
1627,16:46:36.478,enp0s25,3935.9,157784.9
1628,16:46:37.493,enp0s25,1560.6,65072.2
1629,16:46:38.506,enp0s25,3459.1,110562.1
1630,16:46:39.526,enp0s25,3626.7,121227.1
1631,16:46:40.535,enp0s25,7062.5,292342.9
1632,16:46:41.548,enp0s25,11591.2,312441.1
1633,16:46:42.561,enp0s25,11985.4,374501.3
1634,16:46:43.574,enp0s25,4842.6,158699.4
1635,16:46:44.589,enp0s25,3690.2,141444.5
1636,16:46:45.600,enp0s25,3572.4,142033.3
1637,16:46:46.610,enp0s25,6158.2,175584.6
1638,16:46:47.625,enp0s25,8749.6,275823.2
1639,16:46:48.638,enp0s25,4876.8,172668.1
1640,16:46:49.646,enp0s25,3985.7,128737.8
1641,16:46:50.653,enp0s25,5876.2,202251.0
1642,16:46:51.668,enp0s25,3903.7,133420.7
1643,16:46:52.677,enp0s25,5042.4,216598.1
1644,16:46:53.687,enp0s25,2606.0,103593.9
1645,16:46:54.696,enp0s25,24952.0,1138717.2
1646,16:46:55.706,enp0s25,11487.2,459181.4
1647,16:46:56.715,enp0s25,7104.7,287841.8
1648,16:46:57.724,enp0s25,7053.7,282397.1
1649,16:46:58.740,enp0s25,6876.0,280444.2
1650,16:46:59.751,enp0s25,7403.2,280186.2
1651,16:47:00.763,enp0s25,10510.1,470514.2
1652,16:47:01.772,enp0s25,7710.8,297970.9
1653,16:47:02.783,enp0s25,6660.3,273677.7
1654,16:47:03.791,enp0s25,7546.9,300306.4
1655,16:47:04.798,enp0s25,12235.4,419991.9
1656,16:47:05.809,enp0s25,15739.6,464622.1
1657,16:47:06.816,enp0s25,16472.4,477615.7
1658,16:47:07.823,enp0s25,15031.4,561887.8
1659,16:47:08.832,enp0s25,11513.7,390931.2
1660,16:47:09.841,enp0s25,6303.5,245310.4
1661,16:47:10.848,enp0s25,6736.2,232220.8
1662,16:47:11.854,enp0s25,9399.8,289849.3
1663,16:47:12.861,enp0s25,9669.1,357651.3
1664,16:47:13.868,enp0s25,9261.0,330643.5
1665,16:47:14.874,enp0s25,8651.8,301187.9
1666,16:47:15.881,enp0s25,7762.3,301973.8
1667,16:47:16.888,enp0s25,6538.3,274767.8
1668,16:47:17.894,enp0s25,9658.7,347842.5
1669,16:47:18.901,enp0s25,6575.4,279311.7
1670,16:47:19.909,enp0s25,4204.6,214288.5
1671,16:47:20.915,enp0s25,5371.8,203683.1
1672,16:47:21.923,enp0s25,6960.8,280481.6
1673,16:47:22.929,enp0s25,6864.2,277605.6
1674,16:47:23.937,enp0s25,7939.1,305127.6
1675,16:47:24.943,enp0s25,17000.0,596376.9
1676,16:47:25.950,enp0s25,8071.1,305061.3
1677,16:47:26.956,enp0s25,9646.3,347994.4
1678,16:47:27.963,enp0s25,10125.4,358828.4
1679,16:47:28.970,enp0s25,12466.6,387010.5
1680,16:47:29.977,enp0s25,16414.6,513434.2
1681,16:47:30.983,enp0s25,8075.6,282882.9
1682,16:47:31.990,enp0s25,6566.9,268391.1
1683,16:47:32.997,enp0s25,6381.2,266768.8
1684,16:47:34.004,enp0s25,6957.3,261580.2
1685,16:47:35.011,enp0s25,11213.3,390260.8
1686,16:47:36.017,enp0s25,12921.4,427504.0
1687,16:47:37.024,enp0s25,8520.2,334497.0
1688,16:47:38.030,enp0s25,5582.6,232318.5
1689,16:47:39.037,enp0s25,8241.2,290550.7
1690,16:47:40.043,enp0s25,11017.0,468390.2
1691,16:47:41.050,enp0s25,15552.0,552300.1
1692,16:47:42.056,enp0s25,15100.2,602668.0
1693,16:47:43.063,enp0s25,5761.7,149498.4
1694,16:47:44.070,enp0s25,5949.9,199778.5
1695,16:47:45.077,enp0s25,6587.0,214912.9
1696,16:47:46.084,enp0s25,13910.9,447885.9
1697,16:47:47.091,enp0s25,2883.9,107828.9
1698,16:47:48.097,enp0s25,10320.4,297841.4
1699,16:47:49.104,enp0s25,3033.2,101317.4
1700,16:47:50.110,enp0s25,4312.0,109126.5
1701,16:47:51.117,enp0s25,1483.9,44070.1
1702,16:47:52.124,enp0s25,1741.6,55830.8
1703,16:47:53.131,enp0s25,1806.7,55030.8
1704,16:47:54.137,enp0s25,3530.5,86737.5
1705,16:47:55.144,enp0s25,1872.6,50631.2
1706,16:47:56.150,enp0s25,1949.5,56298.2
1707,16:47:57.157,enp0s25,2517.2,68222.9
1708,16:47:58.163,enp0s25,2016.3,56255.7
1709,16:47:59.171,enp0s25,3327.0,78819.7
1710,16:48:00.177,enp0s25,11438.6,291119.7
1711,16:48:01.184,enp0s25,866.8,34550.9
1712,16:48:02.190,enp0s25,3349.3,79045.3
1713,16:48:03.197,enp0s25,8133.9,255496.1
1714,16:48:04.203,enp0s25,3962.8,133770.7
1715,16:48:05.210,enp0s25,3479.7,134044.9
1716,16:48:06.216,enp0s25,3946.3,144716.8
1717,16:48:07.223,enp0s25,8969.2,228236.6
1718,16:48:08.229,enp0s25,4966.3,203028.3
1719,16:48:09.236,enp0s25,6306.1,222999.9
1720,16:48:10.243,enp0s25,4169.4,169016.6
1721,16:48:11.249,enp0s25,5274.8,170793.5
1722,16:48:12.256,enp0s25,4471.8,192587.5
1723,16:48:13.262,enp0s25,4279.5,150341.6
1724,16:48:14.269,enp0s25,2715.7,98911.9
1725,16:48:15.276,enp0s25,3649.3,117319.7
1726,16:48:16.282,enp0s25,2036.6,77710.9
1727,16:48:17.289,enp0s25,4527.4,101800.3
1728,16:48:18.295,enp0s25,6660.8,208316.4
1729,16:48:19.302,enp0s25,30066.5,1007148.2
1730,16:48:20.308,enp0s25,30726.4,1024888.4
1731,16:48:21.315,enp0s25,25441.0,1317657.4
1732,16:48:22.321,enp0s25,23027.3,918009.7
1733,16:48:23.328,enp0s25,23895.5,782544.4
1734,16:48:24.334,enp0s25,17417.8,628929.0
1735,16:48:25.341,enp0s25,23994.3,770399.1
1736,16:48:26.348,enp0s25,17123.4,607697.9
1737,16:48:27.355,enp0s25,30228.2,935034.2
1738,16:48:28.362,enp0s25,36055.9,1278177.4
1739,16:48:29.369,enp0s25,27291.0,1174003.1
1740,16:48:30.375,enp0s25,30579.9,876228.9
1741,16:48:31.382,enp0s25,24607.4,721395.2
1742,16:48:32.389,enp0s25,19930.1,451310.5
1743,16:48:33.397,enp0s25,17570.4,389221.5
1744,16:48:34.404,enp0s25,18513.4,410831.7
1745,16:48:35.412,enp0s25,14332.2,336468.1
1746,16:48:36.421,enp0s25,17885.3,430661.4
1747,16:48:37.430,enp0s25,12270.5,367476.1
1748,16:48:38.436,enp0s25,12792.4,343463.8
1749,16:48:39.445,enp0s25,12952.8,235867.6
1750,16:48:40.452,enp0s25,14141.1,327718.2
1751,16:48:41.459,enp0s25,32848.6,849718.6
1752,16:48:42.465,enp0s25,22497.1,681658.4
1753,16:48:43.472,enp0s25,10901.7,273124.4
1754,16:48:44.481,enp0s25,8532.5,181616.9
1755,16:48:45.488,enp0s25,12998.8,303470.5
1756,16:48:46.495,enp0s25,10554.3,227377.2
1757,16:48:47.501,enp0s25,9372.2,160687.1
1758,16:48:48.508,enp0s25,10411.0,211477.5
1759,16:48:49.515,enp0s25,21245.2,521998.2
1760,16:48:50.521,enp0s25,19825.6,569446.2
1761,16:48:51.528,enp0s25,19244.0,449490.9
1762,16:48:52.535,enp0s25,13389.5,314985.6
1763,16:48:53.542,enp0s25,11460.7,238886.4
1764,16:48:54.548,enp0s25,15996.3,248972.4
1765,16:48:55.555,enp0s25,15537.1,316646.7
1766,16:48:56.561,enp0s25,29381.6,1006835.7
1767,16:48:57.568,enp0s25,34707.6,1143058.2
1768,16:48:58.574,enp0s25,32864.5,756590.8
1769,16:48:59.581,enp0s25,34811.0,1364967.0
1770,16:49:00.588,enp0s25,21546.0,782037.2
1771,16:49:01.595,enp0s25,28233.0,619152.4
1772,16:49:02.601,enp0s25,22010.7,487944.4
1773,16:49:03.608,enp0s25,22063.6,586617.7
1774,16:49:04.614,enp0s25,19833.4,653625.9
1775,16:49:05.621,enp0s25,15205.6,301337.8
1776,16:49:06.627,enp0s25,22402.7,640750.1
1777,16:49:07.634,enp0s25,16268.9,458627.1
1778,16:49:08.640,enp0s25,14772.3,314951.7
1779,16:49:09.647,enp0s25,16066.7,388516.9
1780,16:49:10.654,enp0s25,39306.0,1108312.2
1781,16:49:11.661,enp0s25,23017.0,688372.4
1782,16:49:12.668,enp0s25,26082.8,863880.1
1783,16:49:13.675,enp0s25,24463.9,810623.1
1784,16:49:14.682,enp0s25,22185.2,812527.0
1785,16:49:15.689,enp0s25,23630.5,821743.1
1786,16:49:16.695,enp0s25,14697.1,229326.5
1787,16:49:17.702,enp0s25,27346.7,762166.2
1788,16:49:18.709,enp0s25,18168.2,475938.4
1789,16:49:19.715,enp0s25,19983.7,547963.8
1790,16:49:20.722,enp0s25,22802.5,624269.0
1791,16:49:21.728,enp0s25,26366.2,596016.1
1792,16:49:22.735,enp0s25,17507.8,449720.4
1793,16:49:23.741,enp0s25,20437.6,397363.0
1794,16:49:24.748,enp0s25,34511.9,734778.0
1795,16:49:25.755,enp0s25,21846.8,501763.7
1796,16:49:26.761,enp0s25,21209.8,461589.3
1797,16:49:27.768,enp0s25,28610.1,606371.4
1798,16:49:28.774,enp0s25,18561.1,563461.0
1799,16:49:29.781,enp0s25,13370.5,317409.8
1800,16:49:30.787,enp0s25,26153.1,754627.3
1801,16:49:31.793,enp0s25,26267.9,713510.9
1802,16:49:32.800,enp0s25,31588.9,834204.9
1803,16:49:33.806,enp0s25,27154.2,937221.9
1804,16:49:34.813,enp0s25,36550.5,1091098.0
1805,16:49:35.820,enp0s25,28715.9,750546.7
1806,16:49:36.826,enp0s25,17988.9,556415.7
1807,16:49:37.833,enp0s25,26069.0,801216.0
1808,16:49:38.840,enp0s25,21457.9,586569.9
1809,16:49:39.847,enp0s25,10435.6,388530.7
1810,16:49:40.854,enp0s25,13994.5,415753.7
1811,16:49:41.861,enp0s25,11789.0,421862.4
1812,16:49:42.869,enp0s25,16612.8,571886.8
1813,16:49:43.876,enp0s25,9452.7,338024.1
1814,16:49:44.883,enp0s25,6121.6,201811.6
1815,16:49:45.890,enp0s25,7452.8,258426.7
1816,16:49:46.897,enp0s25,13614.9,394465.1
1817,16:49:47.905,enp0s25,10374.4,317999.3
1818,16:49:48.912,enp0s25,15892.7,498574.6
1819,16:49:49.919,enp0s25,24522.6,991025.9
1820,16:49:50.926,enp0s25,24505.3,920453.9
1821,16:49:51.933,enp0s25,19497.6,768592.5
1822,16:49:52.939,enp0s25,35846.6,1078523.8
1823,16:49:53.946,enp0s25,24170.2,949774.3
1824,16:49:54.953,enp0s25,18381.3,758471.8
1825,16:49:55.960,enp0s25,27603.4,1002031.8
1826,16:49:56.967,enp0s25,33838.6,1191757.5
1827,16:49:57.974,enp0s25,18774.2,635953.7
1828,16:49:58.981,enp0s25,32980.4,1176666.0
1829,16:49:59.989,enp0s25,32740.2,1514620.2
1830,16:50:00.997,enp0s25,50919.5,1597080.8
1831,16:50:02.004,enp0s25,23132.4,871216.2
1832,16:50:03.012,enp0s25,52177.3,1638382.3
1833,16:50:04.019,enp0s25,20583.7,619455.4
1834,16:50:05.026,enp0s25,27507.2,661569.4
1835,16:50:06.034,enp0s25,21539.7,534766.3
1836,16:50:07.041,enp0s25,29888.3,812394.1
1837,16:50:08.048,enp0s25,20410.0,608752.4
1838,16:50:09.056,enp0s25,21393.2,596322.5
1839,16:50:10.064,enp0s25,29849.9,821249.7
1840,16:50:11.080,enp0s25,17301.3,494274.1
1841,16:50:12.086,enp0s25,13658.4,334402.7
1842,16:50:13.093,enp0s25,19029.1,483218.5
1843,16:50:14.100,enp0s25,16283.9,440430.7
1844,16:50:15.107,enp0s25,16787.9,395471.1
1845,16:50:16.114,enp0s25,17441.9,510063.7
1846,16:50:17.121,enp0s25,16171.7,346434.0
1847,16:50:18.127,enp0s25,21073.4,517382.0
1848,16:50:19.134,enp0s25,9459.7,237018.6
1849,16:50:20.141,enp0s25,22282.1,697814.7
1850,16:50:21.148,enp0s25,12257.1,414445.9
1851,16:50:22.155,enp0s25,12201.2,264581.5
1852,16:50:23.162,enp0s25,9126.9,152887.2
1853,16:50:24.169,enp0s25,6933.7,111296.5
1854,16:50:25.175,enp0s25,12384.9,378138.3
1855,16:50:26.182,enp0s25,16027.3,312019.9
1856,16:50:27.189,enp0s25,20394.4,407626.4
1857,16:50:28.196,enp0s25,20384.2,589235.6
1858,16:50:29.203,enp0s25,11956.8,292144.8
1859,16:50:30.210,enp0s25,8689.6,251318.4
1860,16:50:31.217,enp0s25,4733.6,113449.5
1861,16:50:32.223,enp0s25,7767.1,164705.4
1862,16:50:33.230,enp0s25,6889.4,143101.7
1863,16:50:34.237,enp0s25,5833.8,213510.0
1864,16:50:35.243,enp0s25,12900.6,444899.1
1865,16:50:36.250,enp0s25,5781.3,151564.3
1866,16:50:37.257,enp0s25,6059.7,133692.3
1867,16:50:38.264,enp0s25,7628.9,414821.5
1868,16:50:39.271,enp0s25,4536.0,179528.9
1869,16:50:40.278,enp0s25,7827.2,347500.4
1870,16:50:41.285,enp0s25,13138.9,438160.7
1871,16:50:42.292,enp0s25,10103.2,375674.1
1872,16:50:43.302,enp0s25,8850.6,334603.9
1873,16:50:44.311,enp0s25,5250.6,225856.8
1874,16:50:45.318,enp0s25,7969.2,311023.9
1875,16:50:46.326,enp0s25,2864.7,111418.7
1876,16:50:47.333,enp0s25,4279.2,175965.5
1877,16:50:48.346,enp0s25,4941.2,173068.8
1878,16:50:49.355,enp0s25,20430.9,815381.5
1879,16:50:50.362,enp0s25,11612.2,442522.5
1880,16:50:51.369,enp0s25,3190.8,119356.1
1881,16:50:52.376,enp0s25,5098.3,147450.6
1882,16:50:53.382,enp0s25,8043.8,232857.5
1883,16:50:54.391,enp0s25,13785.7,361042.1
1884,16:50:55.400,enp0s25,6921.1,171803.0
1885,16:50:56.407,enp0s25,16347.4,444389.0
1886,16:50:57.413,enp0s25,3598.6,143871.6
1887,16:50:58.423,enp0s25,5793.6,214058.2
1888,16:50:59.440,enp0s25,14142.2,520287.1
1889,16:51:00.451,enp0s25,16332.7,463591.1
1890,16:51:01.464,enp0s25,19894.0,592114.7
1891,16:51:02.476,enp0s25,14900.4,472013.7
1892,16:51:03.484,enp0s25,36602.9,1180615.7
1893,16:51:04.490,enp0s25,12855.7,380633.3
1894,16:51:05.501,enp0s25,10196.8,264409.0
1895,16:51:06.512,enp0s25,13472.3,467057.8
1896,16:51:07.519,enp0s25,13186.1,410066.4
1897,16:51:08.526,enp0s25,19158.5,521355.0
1898,16:51:09.533,enp0s25,5463.4,138832.5
1899,16:51:10.540,enp0s25,4539.4,136701.3
1900,16:51:11.547,enp0s25,10089.1,270093.9
1901,16:51:12.558,enp0s25,13019.6,484170.4
1902,16:51:13.568,enp0s25,13440.8,459228.6
1903,16:51:14.583,enp0s25,20868.5,530117.0
1904,16:51:15.594,enp0s25,15085.0,436503.0
1905,16:51:16.606,enp0s25,7419.4,266927.4
1906,16:51:17.615,enp0s25,12206.1,387325.5
1907,16:51:18.628,enp0s25,18027.7,523867.5
1908,16:51:19.637,enp0s25,13459.4,386748.5
1909,16:51:20.652,enp0s25,5439.4,178325.3
1910,16:51:21.660,enp0s25,8170.5,253099.6
1911,16:51:22.674,enp0s25,6473.5,213652.2
1912,16:51:23.688,enp0s25,8459.1,332262.8
1913,16:51:24.699,enp0s25,14595.1,429119.2
1914,16:51:25.706,enp0s25,11978.7,426999.1
1915,16:51:26.713,enp0s25,38034.0,1266317.6
1916,16:51:27.720,enp0s25,15088.3,425990.5
1917,16:51:28.728,enp0s25,3307.6,105974.4
1918,16:51:29.734,enp0s25,3271.8,106521.5
1919,16:51:30.741,enp0s25,7088.4,193079.7
1920,16:51:31.749,enp0s25,12402.1,358093.7
1921,16:51:32.756,enp0s25,5488.5,170304.3
1922,16:51:33.763,enp0s25,13502.3,461260.9
1923,16:51:34.770,enp0s25,7753.2,183933.6
1924,16:51:35.777,enp0s25,17259.8,509618.9
1925,16:51:36.784,enp0s25,6175.1,182041.3
1926,16:51:37.791,enp0s25,18779.4,505609.9
1927,16:51:38.798,enp0s25,24839.9,911620.8
1928,16:51:39.806,enp0s25,8327.6,315118.9
1929,16:51:40.813,enp0s25,14273.7,420483.9
1930,16:51:41.820,enp0s25,5430.2,157376.2
1931,16:51:42.827,enp0s25,8058.1,240723.1
1932,16:51:43.835,enp0s25,20319.1,598209.3
1933,16:51:44.842,enp0s25,17868.0,719771.1
1934,16:51:45.849,enp0s25,7855.7,188007.6
1935,16:51:46.856,enp0s25,2662.1,52769.9
1936,16:51:47.863,enp0s25,5420.7,120025.9
1937,16:51:48.870,enp0s25,7124.8,213491.0
1938,16:51:49.877,enp0s25,21468.8,718057.4
1939,16:51:50.884,enp0s25,16256.9,459227.1
1940,16:51:51.891,enp0s25,6289.1,142357.6
1941,16:51:52.898,enp0s25,9970.3,234211.1
1942,16:51:53.905,enp0s25,16406.4,470613.9
1943,16:51:54.912,enp0s25,12655.3,311771.9
1944,16:51:55.919,enp0s25,6996.8,212641.6
1945,16:51:56.927,enp0s25,5673.8,175092.7
1946,16:51:57.938,enp0s25,13654.1,338746.4
1947,16:51:58.950,enp0s25,6066.7,159812.3
1948,16:51:59.957,enp0s25,14820.3,420874.1
1949,16:52:00.966,enp0s25,4811.1,109143.9
1950,16:52:01.975,enp0s25,3856.1,108221.8
1951,16:52:02.982,enp0s25,4508.8,104150.3
1952,16:52:03.989,enp0s25,9804.4,246958.7
1953,16:52:04.999,enp0s25,18610.4,512431.3
1954,16:52:06.008,enp0s25,7719.7,241481.1
1955,16:52:07.019,enp0s25,10797.9,291223.2
1956,16:52:08.026,enp0s25,8464.4,196874.5
1957,16:52:09.033,enp0s25,13543.6,376969.7
1958,16:52:10.040,enp0s25,12351.2,300582.8
1959,16:52:11.053,enp0s25,4775.2,162447.1
1960,16:52:12.061,enp0s25,4749.5,165769.2
1961,16:52:13.068,enp0s25,3491.5,81014.0
1962,16:52:14.077,enp0s25,8452.1,214673.8
1963,16:52:15.084,enp0s25,5031.4,139630.8
1964,16:52:16.094,enp0s25,6179.2,212746.0
1965,16:52:17.104,enp0s25,6446.0,205151.1
1966,16:52:18.124,enp0s25,17052.5,478960.8
1967,16:52:19.134,enp0s25,7337.5,175176.1
1968,16:52:20.143,enp0s25,19112.0,565003.3
1969,16:52:21.153,enp0s25,8732.1,315273.0
1970,16:52:22.167,enp0s25,7947.9,267863.7
1971,16:52:23.174,enp0s25,12764.2,463891.0
1972,16:52:24.181,enp0s25,4918.7,162631.6
1973,16:52:25.193,enp0s25,5593.3,147396.3
1974,16:52:27.603,enp0s25,15727.3,403886.3
1975,16:52:28.613,enp0s25,5894.0,175115.7
1976,16:52:29.624,enp0s25,4507.4,109316.2
1977,16:52:30.631,enp0s25,15360.9,405786.7
1978,16:52:31.638,enp0s25,2773.6,82366.4
1979,16:52:32.649,enp0s25,3593.9,79125.4
1980,16:52:33.661,enp0s25,12354.0,302613.1
1981,16:52:34.669,enp0s25,3977.5,97947.6
1982,16:52:35.676,enp0s25,5893.5,181230.0
1983,16:52:36.683,enp0s25,3487.8,78236.4
1984,16:52:37.690,enp0s25,6661.9,160445.2
1985,16:52:38.698,enp0s25,23726.2,799797.5
1986,16:52:39.706,enp0s25,16883.7,553656.1
1987,16:52:40.713,enp0s25,13996.6,568770.4
1988,16:52:41.720,enp0s25,2750.4,77943.7
1989,16:52:42.727,enp0s25,6026.1,133249.3
1990,16:52:43.734,enp0s25,3841.5,97386.7
1991,16:52:44.750,enp0s25,3986.8,95929.7
1992,16:52:45.760,enp0s25,5751.1,142378.0
1993,16:52:46.767,enp0s25,16735.8,575908.6
1994,16:52:47.774,enp0s25,8215.2,216358.2
1995,16:52:48.780,enp0s25,19530.4,683828.1
1996,16:52:49.787,enp0s25,3022.4,83553.4
1997,16:52:50.797,enp0s25,4054.1,127775.9
1998,16:52:51.805,enp0s25,4708.7,124578.4
