1,10:20:46.872,enp0s25,177,173
2,10:20:47.883,enp0s25,0,171
3,10:20:48.891,enp0s25,17153,334890
4,10:20:49.900,enp0s25,73634,1939534
5,10:20:50.909,enp0s25,147798,6404716
6,10:20:51.918,enp0s25,141186,6351516
7,10:20:52.926,enp0s25,147195,7136118
8,10:20:53.933,enp0s25,89696,4032379
9,10:20:54.940,enp0s25,170,166
10,10:20:55.947,enp0s25,536,536
11,10:20:56.953,enp0s25,0,0
12,10:20:57.996,enp0s25,0,64
13,10:20:59.003,enp0s25,0,0
14,10:21:00.010,enp0s25,0,64
15,10:21:01.017,enp0s25,2488,11076
16,10:21:02.025,enp0s25,64,128
17,10:21:03.032,enp0s25,6409,19033
18,10:21:04.039,enp0s25,922,849
19,10:21:05.046,enp0s25,14074,285865
20,10:21:06.065,enp0s25,178702,7136536
21,10:21:07.072,enp0s25,162890,7145460
22,10:21:08.080,enp0s25,163870,7162002
23,10:21:09.088,enp0s25,163030,7152950
24,10:21:10.096,enp0s25,163380,7162002
25,10:21:11.104,enp0s25,163380,7162045
26,10:21:12.112,enp0s25,163030,7139639
27,10:21:13.126,enp0s25,147974,6487093
28,10:21:14.137,enp0s25,0,64
29,10:21:15.144,enp0s25,0,0
30,10:21:16.155,enp0s25,0,64
31,10:21:17.162,enp0s25,0,0
32,10:21:18.169,enp0s25,0,64
33,10:21:19.176,enp0s25,0,0
34,10:21:20.183,enp0s25,0,64
35,10:21:21.190,enp0s25,1709,7275
36,10:21:22.202,enp0s25,70,649
37,10:21:23.211,enp0s25,5883,12382
38,10:21:24.218,enp0s25,1341,907
39,10:21:25.225,enp0s25,1866,7538
40,10:21:26.232,enp0s25,0,64
41,10:21:27.239,enp0s25,8202,31748
42,10:21:28.248,enp0s25,3256,37813
43,10:21:29.255,enp0s25,0,0
44,10:21:30.263,enp0s25,0,64
45,10:21:31.270,enp0s25,0,0
46,10:21:32.277,enp0s25,7181,18035
47,10:21:33.306,enp0s25,1487,1020
48,10:21:34.314,enp0s25,1574,6110
49,10:21:35.329,enp0s25,52564,1428276
50,10:21:36.337,enp0s25,188364,7135170
51,10:21:37.345,enp0s25,173342,7071736
52,10:21:38.429,enp0s25,142970,5923138
53,10:21:39.438,enp0s25,139230,5687034
54,10:21:40.446,enp0s25,164360,6838846
55,10:21:41.453,enp0s25,168630,7055026
56,10:21:42.461,enp0s25,170240,7124137
57,10:21:43.469,enp0s25,169470,7135341
58,10:21:44.478,enp0s25,165130,6946904
59,10:21:45.485,enp0s25,170094,7124158
60,10:21:46.494,enp0s25,167370,6998148
61,10:21:47.501,enp0s25,167930,6994870
62,10:21:48.509,enp0s25,27440,1139657
63,10:21:49.517,enp0s25,0,171
64,10:21:50.524,enp0s25,0,0
65,10:21:51.531,enp0s25,0,64
66,10:21:52.539,enp0s25,0,0
67,10:21:53.547,enp0s25,0,64
68,10:21:54.554,enp0s25,0,0
69,10:21:55.563,enp0s25,100,230
70,10:21:56.570,enp0s25,64,64
71,10:21:57.577,enp0s25,0,64
72,10:21:58.583,enp0s25,0,0
73,10:21:59.590,enp0s25,0,64
74,10:22:00.598,enp0s25,0,0
75,10:22:01.605,enp0s25,0,64
76,10:22:02.611,enp0s25,0,107
Build Completed
