1,22:03:53.427,0.0,0.0,0.0
2,22:03:53.596,4.389999999999999,11.0737633,2230798.0
3,22:03:53.764,3.9800000000000004,11.0741246,2230886.4
4,22:03:53.932,3.849999999999999,11.0744523,2231032.8
5,22:03:54.100,2.21,11.0739519,2230736.0
6,22:03:54.268,2.3400000000000007,11.0741762,2230828.4
7,22:03:54.437,2.6399999999999997,11.0740374,2230749.2
8,22:03:54.605,4.66,11.0753101,2231136.4
9,22:03:54.774,4.57,11.076890600000002,2231359.6
10,22:03:54.947,5.140000000000001,11.075191100000001,2231152.4
11,22:03:55.119,6.2,11.0762333,2231337.2
12,22:03:55.289,4.430000000000001,11.078028399999999,2231601.2
13,22:03:55.463,4.49,11.078226999999998,2231572.0
14,22:03:55.638,3.72,11.077669099999998,2231484.8
15,22:03:55.811,4.040000000000001,11.0766603,2231393.2
16,22:03:55.987,3.87,11.077345500000002,2231570.8
17,22:03:56.161,4.52,11.0773732,2231489.6
18,22:03:56.337,4.300000000000001,11.0774168,2231585.2
19,22:03:56.509,3.97,11.0780602,2231515.6
20,22:03:56.683,4.090000000000001,11.077583700000002,2231449.6
21,22:03:56.857,3.71,11.0773335,2231469.6
22,22:03:57.029,3.2399999999999998,11.077561899999997,2231492.8
23,22:03:57.200,3.3800000000000003,11.0786677,2231756.8
24,22:03:57.378,3.5300000000000002,11.078655999999999,2231642.0
25,22:03:57.553,3.5,11.0779092,2231644.0
26,22:03:57.725,3.8000000000000007,11.077857599999998,2231603.2
27,22:03:57.901,3.370000000000001,11.0785327,2231776.0
28,22:03:58.077,3.8200000000000003,11.0787252,2231702.4
29,22:03:58.251,4.280000000000001,11.0777365,2231713.6
30,22:03:58.424,4.24,11.0791007,2231818.8
31,22:03:58.599,3.5599999999999996,11.0780462,2231604.0
32,22:03:58.774,3.3699999999999997,11.0776035,2231563.6
33,22:03:58.949,3.7600000000000002,11.077673099999998,2231610.8
34,22:03:59.122,3.9800000000000004,11.077702899999998,2231498.4
35,22:03:59.297,2.88,11.0777624,2231631.2
36,22:03:59.470,3.3400000000000007,11.0781715,2231626.0
37,22:03:59.641,4.960000000000001,11.0773851,2231520.0
38,22:03:59.815,4.420000000000001,11.0776532,2231592.0
39,22:03:59.991,3.4200000000000004,11.078304399999999,2231567.2
40,22:04:00.165,4.340000000000001,11.078803,2231691.2
41,22:04:00.334,3.97,11.0781496,2231692.0
42,22:04:00.509,3.8199999999999994,11.077913200000001,2231660.8
43,22:04:00.685,4.119999999999999,11.0774247,2231479.6
44,22:04:00.859,3.8000000000000007,11.0769562,2231367.2
45,22:04:01.032,4.6899999999999995,11.0766086,2231273.6
46,22:04:01.206,3.69,11.076503399999998,2231316.8
47,22:04:01.382,3.2,11.076962100000001,2231391.2
48,22:04:01.551,5.37,11.077605600000002,2231518.8
49,22:04:01.726,3.7,11.0774863,2231540.8
50,22:04:01.903,3.3200000000000003,11.0780125,2231462.0
51,22:04:02.072,3.79,11.0776571,2231528.0
52,22:04:02.246,4.8500000000000005,11.0771072,2231469.6
53,22:04:02.422,3.4899999999999998,11.077271800000002,2231502.4
54,22:04:02.597,4.65,11.07754,2231531.6
55,22:04:02.765,4.46,11.077782299999999,2231487.2
56,22:04:02.941,4.86,11.0779588,2231564.4
57,22:04:03.117,4.360000000000001,11.0773038,2231486.8
58,22:04:03.294,3.21,11.077927200000001,2231587.2
59,22:04:03.466,4.090000000000001,11.077279899999999,2231491.6
60,22:04:03.642,4.290000000000001,11.0773215,2231431.2
61,22:04:03.815,4.39,11.0773414,2231464.4
62,22:04:03.989,3.9900000000000007,11.0773473,2231445.2
63,22:04:04.159,4.15,11.0765649,2231402.0
64,22:04:04.334,3.9799999999999995,11.0776314,2231530.0
65,22:04:04.506,4.44,11.077889599999999,2231475.6
66,22:04:04.679,4.33,11.0767654,2231380.8
67,22:04:04.855,4.4,11.0758323,2231210.8
68,22:04:05.030,3.7600000000000002,11.0761877,2231260.4
69,22:04:05.203,3.84,11.0770059,2231437.2
70,22:04:05.375,4.5200000000000005,11.076747699999999,2231349.6
71,22:04:05.546,4.470000000000001,11.0769442,2231402.8
72,22:04:05.721,4.06,11.0764339,2231278.0
73,22:04:05.894,4.2700000000000005,11.077402800000002,2231436.0
74,22:04:06.069,4.750000000000001,11.077839800000001,2231515.2
75,22:04:06.244,4.499999999999999,11.077117,2231410.4
76,22:04:06.417,3.3600000000000003,11.0771528,2231454.0
77,22:04:06.590,4.380000000000001,11.0775678,2231438.8
78,22:04:06.768,4.76,11.076551100000001,2231386.0
79,22:04:06.944,5.35,11.077289799999999,2231589.2
80,22:04:07.115,4.24,11.076944300000001,2231381.2
81,22:04:07.284,4.5600000000000005,11.0779014,2231597.6
82,22:04:07.457,4.66,11.077236199999998,2231440.8
83,22:04:07.631,4.69,11.0780859,2231704.0
84,22:04:07.804,4.42,11.0778953,2231556.4
85,22:04:07.978,4.260000000000001,11.077617400000001,2231487.6
86,22:04:08.150,3.9800000000000004,11.077581799999999,2231558.4
87,22:04:08.322,4.720000000000001,11.078032400000001,2231620.8
88,22:04:08.494,4.58,11.078135699999999,2231748.8
89,22:04:08.671,4.630000000000001,11.076767499999999,2231304.0
90,22:04:08.847,4.470000000000001,11.077023700000002,2231451.6
91,22:04:09.021,4.0600000000000005,11.077240300000001,2231452.0
92,22:04:09.194,3.81,11.0770612,2231392.4
93,22:04:09.367,4.470000000000001,11.076930399999998,2231428.0
94,22:04:09.540,4.4799999999999995,11.0764578,2231414.0
95,22:04:09.713,4.930000000000001,11.077422799999999,2231440.4
96,22:04:09.884,3.8899999999999997,11.0773851,2231471.6
97,22:04:10.060,4.97,11.0768371,2231432.0
98,22:04:10.232,3.5199999999999996,11.077535999999998,2231476.0
99,22:04:10.408,3.8800000000000003,11.0773772,2231551.6
100,22:04:10.581,4.160000000000001,11.077236199999998,2231462.4
101,22:04:10.751,4.9799999999999995,11.077027699999999,2231488.8
102,22:04:10.923,4.550000000000001,11.0770256,2231445.6
103,22:04:11.097,4.5200000000000005,11.0768629,2231398.0
104,22:04:11.272,4.68,11.076958099999999,2231461.2
105,22:04:11.445,3.8699999999999997,11.0770375,2231464.8
106,22:04:11.617,4.1000000000000005,11.077138999999999,2231351.6
107,22:04:11.789,4.359999999999999,11.0766703,2231377.6
108,22:04:11.963,4.7700000000000005,11.0765134,2231356.0
109,22:04:12.133,4.07,11.0764696,2231197.6
110,22:04:12.307,4.41,11.0768509,2231295.6
111,22:04:12.482,4.130000000000001,11.077341399999998,2231399.2
112,22:04:12.653,3.8299999999999996,11.076557099999999,2231324.4
113,22:04:12.825,4.53,11.076348499999998,2231284.8
114,22:04:12.998,4.110000000000001,11.076159899999999,2231324.0
115,22:04:13.170,4.58,11.076167799999999,2231256.4
116,22:04:13.341,4.51,11.0767834,2231346.8
117,22:04:13.519,3.5099999999999993,11.075953600000002,2231170.0
118,22:04:13.694,4.930000000000001,11.0769046,2231456.8
119,22:04:13.867,3.95,11.076138199999999,2231342.4
120,22:04:14.040,4.08,11.0763188,2231285.2
121,22:04:14.216,4.3,11.077152800000002,2231402.8
122,22:04:14.391,4.64,11.077234200000001,2231522.4
123,22:04:14.562,4.3100000000000005,11.076882800000002,2231394.0
124,22:04:14.737,4.38,11.0769025,2231418.8
125,22:04:14.914,4.540000000000001,11.077470600000002,2231446.4
126,22:04:15.088,4.56,11.0770515,2231406.8
127,22:04:15.260,4.74,11.0769562,2231386.0
128,22:04:15.438,3.4299999999999997,11.0770991,2231411.6
129,22:04:15.613,3.8800000000000003,11.077206499999999,2231397.6
130,22:04:15.783,4.0600000000000005,11.077430799999998,2231484.8
131,22:04:15.956,3.7699999999999996,11.076843100000001,2231317.6
132,22:04:16.130,3.85,11.076503399999998,2231397.2
133,22:04:16.301,4.0200000000000005,11.0769343,2231332.8
134,22:04:16.471,3.17,11.0762453,2231262.0
135,22:04:16.647,3.46,11.0770674,2231393.6
136,22:04:16.822,4.36,11.0772321,2231443.6
137,22:04:16.994,4.9300000000000015,11.0761581,2231264.8
138,22:04:17.163,3.3299999999999996,11.0760269,2231221.6
139,22:04:17.338,3.4699999999999998,11.0763228,2231258.0
140,22:04:17.513,4.35,11.0761182,2231252.0
141,22:04:17.683,4.29,11.0759695,2231274.0
142,22:04:17.860,4.39,11.076364299999998,2231240.0
143,22:04:18.036,3.96,11.0771546,2231444.4
144,22:04:18.210,3.5099999999999993,11.0759852,2231193.6
145,22:04:18.381,3.0700000000000003,11.0764499,2231257.2
146,22:04:18.554,3.3200000000000003,11.076281200000002,2231318.4
147,22:04:18.730,4.25,11.077681100000001,2231555.6
148,22:04:18.900,3.2,11.0770674,2231344.8
149,22:04:19.078,3.7800000000000002,11.0767417,2231354.8
150,22:04:19.251,3.9,11.076078599999999,2231306.8
151,22:04:19.427,3.5699999999999994,11.076314700000001,2231277.2
152,22:04:19.601,4.0,11.0762692,2231198.0
153,22:04:19.777,4.1899999999999995,11.0764836,2231351.6
154,22:04:19.950,2.95,11.0765094,2231344.8
155,22:04:20.121,4.590000000000001,11.077283900000001,2231450.4
156,22:04:20.292,3.7900000000000005,11.077943200000004,2231644.8
157,22:04:20.466,3.35,11.076986100000001,2231395.2
158,22:04:20.641,4.0,11.075826600000001,2231275.2
159,22:04:20.814,4.12,11.077496200000002,2231443.6
160,22:04:20.989,3.8600000000000003,11.0767258,2231352.4
161,22:04:21.164,3.96,11.076598699999998,2231349.2
162,22:04:21.341,3.95,11.0766027,2231301.6
163,22:04:21.510,3.5200000000000005,11.0770278,2231355.6
164,22:04:21.687,4.38,11.0767418,2231277.2
165,22:04:21.863,3.6399999999999997,11.0784275,2231727.6
166,22:04:22.038,3.44,11.078268900000001,2231653.6
167,22:04:22.206,3.53,11.077893199999997,2231560.0
168,22:04:22.383,3.54,11.078163499999999,2231662.4
169,22:04:22.556,3.6,11.0785726,2231684.8
170,22:04:22.729,3.96,11.0776691,2231579.6
171,22:04:22.906,3.2399999999999998,11.0782469,2231743.6
172,22:04:23.081,2.96,11.0782767,2231679.6
173,22:04:23.253,4.55,11.0795494,2232136.0
174,22:04:23.422,3.97,11.0801114,2232000.4
175,22:04:23.598,3.0700000000000003,11.0800716,2232079.2
176,22:04:23.773,4.24,11.0806298,2232105.6
177,22:04:23.949,3.5800000000000005,11.080504600000001,2232030.8
178,22:04:24.121,3.8,11.079845299999999,2231999.6
179,22:04:24.295,4.0,11.0796289,2231919.6
180,22:04:24.468,4.209999999999999,11.0792179,2231930.4
181,22:04:24.642,3.9800000000000004,11.0799248,2232002.8
182,22:04:24.816,4.73,11.081957899999999,2232435.2
183,22:04:24.991,4.42,11.0817654,2232327.2
184,22:04:25.163,3.9299999999999997,11.0814259,2232321.2
185,22:04:25.337,5.300000000000001,11.0811837,2232189.6
186,22:04:25.510,3.5200000000000005,11.081487300000001,2232286.4
187,22:04:25.684,3.3800000000000003,11.081074300000001,2232212.4
188,22:04:25.855,4.79,11.081630400000002,2232234.8
189,22:04:26.031,3.5,11.082339300000001,2232493.6
190,22:04:26.206,3.3400000000000007,11.082381,2232438.8
191,22:04:26.380,4.17,11.0813286,2232303.2
192,22:04:26.556,3.54,11.081465699999999,2232372.4
193,22:04:26.732,3.7999999999999994,11.082388900000002,2232439.2
194,22:04:26.906,4.46,11.082859500000001,2232672.8
195,22:04:27.077,4.550000000000001,11.083000599999998,2232635.2
196,22:04:27.250,3.55,11.0830382,2232604.8
197,22:04:27.426,4.22,11.0826768,2232500.8
198,22:04:27.599,4.539999999999999,11.0823352,2232444.4
199,22:04:27.770,4.09,11.083032499999998,2232614.4
200,22:04:27.946,4.670000000000001,11.0825597,2232508.0
201,22:04:28.121,4.279999999999999,11.0827384,2232601.2
202,22:04:28.293,4.369999999999999,11.082426700000001,2232598.4
203,22:04:28.462,3.2900000000000005,11.0822994,2232516.0
204,22:04:28.638,4.17,11.0832149,2232700.4
205,22:04:28.810,3.97,11.083479,2232798.8
206,22:04:28.984,4.54,11.084301100000001,2232917.6
207,22:04:29.159,4.32,11.084731999999999,2233003.6
208,22:04:29.334,3.06,11.084301100000001,2232833.2
209,22:04:29.508,4.87,11.0838246,2232798.0
210,22:04:29.678,3.4,11.083824400000001,2232771.2
211,22:04:29.856,3.54,11.084646500000002,2232972.0
212,22:04:30.030,4.020000000000001,11.084110500000001,2232833.6
213,22:04:30.206,4.78,11.0835267,2232760.8
214,22:04:30.380,3.9899999999999998,11.086802800000001,2233402.8
215,22:04:30.554,4.1,11.0864396,2233348.0
216,22:04:30.729,4.05,11.086447500000002,2233309.2
217,22:04:30.901,5.0,11.087247899999998,2233462.4
218,22:04:31.075,3.97,11.085709,2233179.2
219,22:04:31.251,4.25,11.0853792,2233186.8
220,22:04:31.426,4.370000000000001,11.0865111,2233266.8
221,22:04:31.598,4.71,11.086143700000001,2233214.8
222,22:04:31.774,3.5099999999999993,11.0862033,2233178.4
223,22:04:31.947,5.25,11.086471399999999,2233298.8
224,22:04:32.120,3.810000000000001,11.0867912,2233320.4
225,22:04:32.290,4.290000000000001,11.087899100000001,2233615.2
226,22:04:32.465,2.89,11.086946,2233415.6
227,22:04:32.642,4.000000000000001,11.0870472,2233373.2
228,22:04:32.816,3.8,11.0874066,2233566.0
229,22:04:32.990,4.67,11.088026099999999,2233667.2
230,22:04:33.163,4.69,11.087813899999999,2233609.6
231,22:04:33.337,4.56,11.087529899999998,2233647.6
232,22:04:33.510,4.89,11.087593299999998,2233563.6
233,22:04:33.685,3.35,11.087200200000002,2233446.4
234,22:04:33.858,4.49,11.0885981,2233760.4
235,22:04:34.029,5.14,11.0901052,2234008.0
236,22:04:34.203,4.22,11.090015900000001,2233993.2
237,22:04:34.375,3.94,11.090671200000001,2234216.4
238,22:04:34.549,5.0,11.0899999,2234016.0
239,22:04:34.722,4.53,11.089690099999999,2234017.6
240,22:04:34.900,4.33,11.090538,2234242.8
241,22:04:35.074,4.22,11.090895499999998,2234149.2
242,22:04:35.248,4.540000000000001,11.090409,2234122.0
243,22:04:35.417,4.53,11.0900575,2234038.4
244,22:04:35.590,3.8400000000000007,11.090579700000001,2234166.8
245,22:04:35.763,4.16,11.0908775,2234235.2
246,22:04:35.935,4.91,11.091657799999998,2234244.8
247,22:04:36.111,4.09,11.0915229,2234304.0
248,22:04:36.286,4.78,11.0917631,2234346.8
249,22:04:36.459,4.4,11.0919757,2234481.6
250,22:04:36.629,4.500000000000001,11.0917651,2234372.8
251,22:04:36.806,4.29,11.0920928,2234513.6
252,22:04:36.980,5.040000000000001,11.094132000000002,2234858.0
253,22:04:37.152,3.6399999999999997,11.093869999999999,2234789.2
254,22:04:37.326,3.4899999999999998,11.0933975,2234746.0
255,22:04:37.498,4.0600000000000005,11.093461000000001,2234702.8
256,22:04:37.675,4.860000000000001,11.093854100000001,2234820.8
257,22:04:37.847,4.700000000000001,11.0943127,2234843.2
258,22:04:38.023,4.73,11.0936971,2234798.8
259,22:04:38.197,4.2299999999999995,11.0927302,2234699.6
260,22:04:38.371,3.8200000000000003,11.0935642,2234621.6
261,22:04:38.542,4.26,11.0931748,2234776.0
262,22:04:38.718,3.91,11.093145200000002,2234632.4
263,22:04:38.890,4.21,11.0941519,2234859.6
264,22:04:39.061,5.29,11.0939535,2234761.2
265,22:04:39.236,4.34,11.093252500000002,2234708.4
266,22:04:39.410,3.6100000000000003,11.093415099999998,2234721.6
267,22:04:39.581,4.52,11.0939354,2234827.6
268,22:04:39.752,4.83,11.0934013,2234679.2
269,22:04:39.929,4.79,11.0933993,2234604.4
270,22:04:40.105,4.67,11.0927639,2234592.0
271,22:04:40.275,4.7700000000000005,11.092535600000001,2234630.4
272,22:04:40.449,4.5200000000000005,11.0932724,2234671.2
273,22:04:40.622,4.33,11.0935721,2234778.8
274,22:04:40.793,3.65,11.093131199999998,2234678.4
275,22:04:40.964,5.1,11.0934074,2234734.8
276,22:04:41.139,4.16,11.0930499,2234693.6
277,22:04:41.310,3.8,11.093492699999999,2234691.2
278,22:04:41.482,4.69,11.094269299999999,2234934.4
279,22:04:41.657,3.6100000000000003,11.094219499999998,2234866.0
280,22:04:41.830,3.79,11.094114099999999,2234870.8
281,22:04:42.006,3.95,11.095524000000001,2235127.2
282,22:04:42.176,3.6700000000000004,11.095196300000001,2235112.4
283,22:04:42.352,4.41,11.096072099999999,2235292.4
284,22:04:42.526,4.26,11.096129600000001,2235260.0
285,22:04:42.696,4.24,11.096979399999999,2235373.2
286,22:04:42.871,4.42,11.0963857,2235332.4
287,22:04:43.045,4.159999999999999,11.095760299999998,2235253.6
288,22:04:43.222,3.69,11.0974758,2235472.0
289,22:04:43.394,3.5700000000000003,11.0967472,2235501.2
290,22:04:43.570,3.96,11.0972475,2235587.2
291,22:04:43.746,4.31,11.0978314,2235690.4
292,22:04:43.919,4.119999999999999,11.0989532,2235770.8
293,22:04:44.090,4.880000000000001,11.0983098,2235660.4
294,22:04:44.264,3.5,11.0981332,2235605.6
295,22:04:44.438,3.9199999999999995,11.0975793,2235574.4
296,22:04:44.610,3.8900000000000006,11.096834499999998,2235421.2
297,22:04:44.784,3.5200000000000005,11.0975137,2235530.4
298,22:04:44.958,4.04,11.0977876,2235600.8
299,22:04:45.130,4.45,11.0977876,2235609.2
300,22:04:45.300,3.78,11.097648699999999,2235571.6
301,22:04:45.474,4.5600000000000005,11.097541500000002,2235566.0
302,22:04:45.646,3.2299999999999995,11.0978611,2235602.8
303,22:04:45.815,3.8000000000000007,11.0980041,2235682.8
304,22:04:45.994,4.84,11.0978929,2235576.8
305,22:04:46.167,4.1,11.0976544,2235668.0
306,22:04:46.339,3.4799999999999995,11.098579899999999,2235814.8
307,22:04:46.512,4.28,11.098619600000001,2235772.8
308,22:04:46.689,4.08,11.097468000000003,2235544.8
309,22:04:46.863,3.5200000000000005,11.097497800000001,2235560.8
310,22:04:47.038,4.2,11.098216599999999,2235712.8
311,22:04:47.216,4.42,11.0969715,2235334.0
312,22:04:47.391,3.4899999999999998,11.0977182,2235569.6
313,22:04:47.564,3.04,11.099028700000002,2235881.2
314,22:04:47.735,3.6399999999999997,11.0989771,2235850.4
315,22:04:47.911,3.25,11.098881800000001,2235878.4
316,22:04:48.083,3.8300000000000005,11.0985124,2235696.0
317,22:04:48.255,3.81,11.098669300000001,2235742.4
318,22:04:48.425,3.2399999999999998,11.098276099999998,2235698.8
319,22:04:48.602,3.9900000000000007,11.097547400000002,2235481.6
320,22:04:48.774,2.91,11.098637499999999,2235754.8
321,22:04:48.944,3.66,11.0994576,2235970.8
322,22:04:49.118,4.8100000000000005,11.098728900000001,2235760.0
323,22:04:49.291,3.5599999999999996,11.099209199999999,2235849.6
324,22:04:49.461,3.710000000000001,11.098713,2235769.2
325,22:04:49.635,4.09,11.0983992,2235886.8
326,22:04:49.811,4.180000000000001,11.0996522,2235896.4
327,22:04:49.986,3.9900000000000007,11.098788299999999,2235834.4
328,22:04:50.156,3.97,11.1002855,2236036.8
329,22:04:50.331,3.84,11.1004086,2236144.4
330,22:04:50.504,3.3600000000000003,11.1000671,2236111.6
331,22:04:50.678,3.8,11.099846799999998,2235974.4
332,22:04:50.849,4.58,11.1001784,2236102.0
333,22:04:51.026,4.0600000000000005,11.100353100000001,2236153.6
334,22:04:51.201,5.069999999999999,11.1008733,2236268.0
335,22:04:51.374,3.9,11.100440500000001,2236187.2
336,22:04:51.545,4.680000000000001,11.1001823,2236037.6
337,22:04:51.721,4.6,11.102034799999998,2236534.0
338,22:04:51.893,3.5199999999999996,11.101566199999999,2236352.8
339,22:04:52.066,4.69,11.102749800000002,2236612.8
340,22:04:52.244,4.5600000000000005,11.103349300000001,2236694.0
341,22:04:52.419,3.81,11.1036295,2236757.6
342,22:04:52.589,5.6,11.1028452,2236557.2
343,22:04:52.761,3.750000000000001,11.102696100000001,2236737.6
344,22:04:52.935,5.08,11.1023347,2236523.6
345,22:04:53.111,4.16,11.103192600000002,2236774.0
346,22:04:53.285,3.660000000000001,11.1036573,2236716.0
347,22:04:53.459,4.69,11.1026842,2236579.2
348,22:04:53.634,3.5800000000000005,11.102263400000002,2236512.4
349,22:04:53.807,3.3500000000000005,11.1032859,2236730.4
350,22:04:53.979,3.97,11.1037941,2236748.8
351,22:04:54.157,4.75,11.1042251,2236844.0
352,22:04:54.332,3.65,11.1031607,2236691.2
353,22:04:54.501,4.66,11.1030237,2236617.2
354,22:04:54.674,4.4,11.103474400000001,2236708.0
355,22:04:54.849,4.24,11.1040165,2236885.6
356,22:04:55.025,3.5700000000000003,11.103522100000001,2236866.4
357,22:04:55.197,4.58,11.1043324,2236917.6
358,22:04:55.370,4.589999999999999,11.1038538,2236873.6
359,22:04:55.543,4.66,11.104044499999999,2236828.0
360,22:04:55.716,4.63,11.103603699999999,2236755.2
361,22:04:55.885,4.32,11.1030912,2236606.8
362,22:04:56.060,4.04,11.103728700000001,2236850.0
363,22:04:56.232,3.2299999999999995,11.1037504,2236766.8
364,22:04:56.403,3.7,11.1047951,2236960.8
365,22:04:56.579,4.110000000000001,11.1045151,2236933.2
366,22:04:56.755,3.66,11.1046898,2237055.6
367,22:04:56.931,2.7800000000000002,11.104878300000001,2236988.8
368,22:04:57.103,4.820000000000001,11.105617099999998,2237155.6
369,22:04:57.279,3.5700000000000003,11.1055415,2237151.6
370,22:04:57.455,3.7599999999999993,11.1049716,2237006.4
371,22:04:57.629,4.570000000000001,11.104209299999999,2236871.2
372,22:04:57.799,3.97,11.1044197,2236915.6
373,22:04:57.972,4.55,11.1045744,2236888.8
374,22:04:58.147,4.08,11.1043184,2236966.0
375,22:04:58.319,4.050000000000001,11.106981300000001,2237410.0
376,22:04:58.495,4.529999999999999,11.106882000000002,2237399.6
377,22:04:58.671,3.45,11.1077079,2237564.8
378,22:04:58.844,4.130000000000001,11.1077376,2237442.8
379,22:04:59.018,3.85,11.107924399999998,2237608.0
380,22:04:59.193,4.24,11.109574400000001,2237910.8
381,22:04:59.369,3.95,11.1087007,2237891.2
382,22:04:59.543,3.2700000000000005,11.109371800000002,2237968.8
383,22:04:59.718,4.610000000000001,11.1086809,2237718.4
384,22:04:59.891,4.18,11.108587699999998,2237862.0
385,22:05:00.062,3.2,11.111234399999997,2238371.2
386,22:05:00.233,5.28,11.111377399999999,2238312.4
387,22:05:00.408,3.88,11.111135100000002,2238244.4
388,22:05:00.580,3.79,11.1113516,2238315.6
389,22:05:00.753,4.12,11.110847099999999,2238199.2
390,22:05:00.926,4.5600000000000005,11.112920300000003,2238710.0
391,22:05:01.102,4.61,11.1133513,2238646.8
392,22:05:01.277,4.53,11.1131547,2238688.4
393,22:05:01.446,3.8400000000000007,11.113162500000001,2238756.8
394,22:05:01.622,4.409999999999999,11.114399500000001,2238934.4
395,22:05:01.799,4.57,11.1139905,2238862.0
396,22:05:01.973,4.1000000000000005,11.1140142,2238851.2
397,22:05:02.145,4.390000000000001,11.114405399999999,2238986.8
398,22:05:02.319,4.090000000000001,11.1141038,2239117.2
399,22:05:02.491,2.9300000000000006,11.1155156,2239251.2
400,22:05:02.665,4.250000000000001,11.1171179,2239544.4
401,22:05:02.839,4.13,11.1171219,2239535.2
402,22:05:03.012,4.83,11.116764400000001,2239400.4
403,22:05:03.189,4.53,11.1169312,2239464.8
404,22:05:03.362,4.37,11.1186865,2239900.4
405,22:05:03.537,3.6900000000000004,11.1190997,2239951.6
406,22:05:03.712,4.5600000000000005,11.121454700000001,2240340.8
407,22:05:03.884,4.0,11.121454699999997,2240398.0
408,22:05:04.056,4.89,11.1223343,2240637.6
409,22:05:04.232,5.340000000000001,11.1217465,2240404.8
410,22:05:04.410,4.659999999999999,11.1218994,2240493.2
411,22:05:04.579,4.62,11.1231245,2240707.6
412,22:05:04.753,3.8899999999999997,11.122449500000002,2240522.8
413,22:05:04.929,4.64,11.1224333,2240678.8
414,22:05:05.102,4.38,11.124071700000004,2240904.8
415,22:05:05.274,4.88,11.124522400000002,2240897.6
416,22:05:05.451,4.730000000000001,11.124790599999999,2240944.4
417,22:05:05.625,4.0600000000000005,11.124264200000002,2240918.8
418,22:05:05.799,4.65,11.124677499999999,2241052.8
419,22:05:05.969,4.43,11.1259141,2241236.0
420,22:05:06.147,4.47,11.1267821,2241400.8
421,22:05:06.321,5.15,11.1260872,2241423.6
422,22:05:06.495,4.17,11.1262954,2241344.0
423,22:05:06.669,5.37,11.126287600000001,2241405.6
424,22:05:06.842,5.32,11.1274591,2241672.4
425,22:05:07.015,3.95,11.128954299999998,2241838.8
426,22:05:07.188,4.550000000000001,11.1284143,2241772.4
427,22:05:07.360,5.36,11.128338799999998,2241796.0
428,22:05:07.535,4.44,11.130533,2242198.4
429,22:05:07.707,3.96,11.129969,2242020.4
430,22:05:07.881,3.6700000000000004,11.136265499999999,2243294.4
431,22:05:08.054,4.88,11.137806399999999,2243714.4
432,22:05:08.229,4.26,11.1502108,2246187.6
433,22:05:08.399,5.0600000000000005,11.150967099999999,2246282.8
434,22:05:08.579,4.069999999999999,11.1527643,2246755.6
435,22:05:08.753,4.569999999999999,11.154255599999999,2246860.4
436,22:05:08.927,4.87,11.1560168,2247372.4
437,22:05:09.099,4.2700000000000005,11.1702639,2250454.0
438,22:05:09.270,4.92,11.188809699999998,2253869.6
439,22:05:09.443,4.33,11.2049114,2257187.6
440,22:05:09.614,5.12,11.218793000000002,2259856.8
441,22:05:09.787,5.26,11.218636199999999,2259964.4
442,22:05:09.961,4.51,11.227049399999999,2261894.4
443,22:05:10.135,5.2,11.231892499999999,2262560.8
444,22:05:10.302,5.32,11.2320234,2262610.8
445,22:05:10.478,5.080000000000001,11.2404027,2264438.4
446,22:05:10.648,5.540000000000001,11.2558036,2267387.2
447,22:05:10.820,3.87,11.2745024,2271159.6
448,22:05:10.997,4.61,11.2771394,2271790.8
449,22:05:11.169,3.91,11.290407500000002,2274421.6
450,22:05:11.340,5.4,11.2922165,2274795.6
451,22:05:11.515,4.390000000000001,11.3049861,2277335.2
452,22:05:11.688,4.2700000000000005,11.3046505,2277222.4
453,22:05:11.864,4.18,11.305806200000001,2277516.4
454,22:05:12.034,4.39,11.3056513,2277560.4
455,22:05:12.209,4.4,11.310629200000001,2278475.2
456,22:05:12.386,4.180000000000001,11.3402056,2284392.8
457,22:05:12.559,2.45,11.366378500000001,2289836.8
458,22:05:12.731,3.22,11.392024999999999,2294722.8
459,22:05:12.907,4.11,11.408017500000001,2298161.6
460,22:05:13.079,3.87,11.4141788,2299390.4
461,22:05:13.254,3.6799999999999997,11.4278838,2302081.2
462,22:05:13.425,4.32,11.4335269,2303233.2
463,22:05:13.599,3.3899999999999997,11.4507842,2306702.4
464,22:05:13.774,4.430000000000001,11.4570828,2308144.0
465,22:05:13.943,2.93,11.474489,2311456.4
466,22:05:14.116,3.85,11.504633199999999,2317625.2
467,22:05:14.290,4.010000000000001,11.5240311,2321470.8
468,22:05:14.464,4.15,11.5500905,2326651.2
469,22:05:14.635,3.85,11.5666568,2330022.8
470,22:05:14.810,4.340000000000001,11.566913100000003,2330133.6
471,22:05:14.984,3.71,11.572967299999998,2331353.6
472,22:05:15.154,3.400000000000001,11.5811203,2333047.2
473,22:05:15.328,4.040000000000001,11.582871599999999,2333372.4
474,22:05:15.505,3.400000000000001,11.595297799999999,2336014.8
475,22:05:15.678,3.66,11.6259525,2342012.4
476,22:05:15.851,4.110000000000001,11.668943599999999,2350739.6
477,22:05:16.026,4.58,11.6746424,2351820.4
478,22:05:16.199,3.5,11.689764999999998,2354824.8
479,22:05:16.370,4.7,11.689715399999999,2354935.2
480,22:05:16.546,4.98,11.6918817,2355326.8
481,22:05:16.721,5.220000000000001,11.707395800000002,2358546.4
482,22:05:16.895,4.74,11.7330998,2363714.8
483,22:05:17.066,4.1,11.7639629,2369852.8
484,22:05:17.244,3.3800000000000003,11.781831700000001,2373540.4
485,22:05:17.418,4.76,11.7909318,2375294.4
486,22:05:17.592,3.9200000000000004,11.814696,2380008.8
487,22:05:17.762,3.5800000000000005,11.8255577,2382220.8
488,22:05:17.936,4.7700000000000005,11.8281847,2382766.4
489,22:05:18.108,4.36,11.8333056,2383838.8
490,22:05:18.280,3.8599999999999994,11.8482117,2386769.2
491,22:05:18.455,4.2700000000000005,11.866493700000001,2390461.6
492,22:05:18.629,4.94,11.8812888,2393566.0
493,22:05:18.807,3.849999999999999,11.896816699999999,2396579.2
494,22:05:18.975,4.45,11.8991198,2397032.0
495,22:05:19.147,3.95,11.900075099999999,2397252.4
496,22:05:19.322,4.61,11.9021738,2397598.8
497,22:05:19.493,3.72,11.902197800000001,2397683.2
498,22:05:19.667,4.92,11.90409,2397882.4
499,22:05:19.838,3.85,11.907177700000002,2398630.4
500,22:05:20.009,3.81,11.916720900000001,2400546.4
501,22:05:20.180,3.9599999999999995,11.9382968,2404972.0
502,22:05:20.352,4.3100000000000005,11.9575317,2408801.6
503,22:05:20.526,3.7699999999999996,11.962859300000002,2409930.8
504,22:05:20.697,5.0600000000000005,11.9668207,2410574.8
505,22:05:20.870,3.4,11.966312199999999,2410580.8
506,22:05:21.045,4.01,11.9710678,2411587.6
507,22:05:21.215,4.64,11.9849098,2414434.4
508,22:05:21.390,5.01,11.9924274,2415788.4
509,22:05:21.565,3.4200000000000004,11.9954576,2416373.2
510,22:05:21.739,4.9,11.996397,2416674.8
511,22:05:21.908,4.6899999999999995,11.998807500000002,2417198.4
512,22:05:22.085,3.9400000000000004,12.0077607,2419162.8
513,22:05:22.261,4.170000000000001,12.0123335,2419888.4
514,22:05:22.434,4.66,12.0131579,2420065.2
515,22:05:22.606,4.82,12.0153458,2420530.8
516,22:05:22.781,4.59,12.0169921,2420838.8
517,22:05:22.956,4.75,12.0213723,2421651.2
518,22:05:23.126,5.28,12.0223255,2421821.2
519,22:05:23.302,4.4399999999999995,12.026211199999999,2422628.8
520,22:05:23.473,4.99,12.0248354,2422310.0
521,22:05:23.647,4.590000000000001,12.029591,2423576.8
522,22:05:23.819,4.69,12.037515800000001,2424889.6
523,22:05:23.998,4.2700000000000005,12.0418622,2425740.0
524,22:05:24.173,4.860000000000001,12.043168799999998,2426038.4
525,22:05:24.345,4.64,12.0481606,2427100.8
526,22:05:24.519,4.89,12.0561707,2428753.2
527,22:05:24.693,4.220000000000001,12.0655351,2430580.4
528,22:05:24.869,3.7900000000000005,12.070360400000002,2431492.0
529,22:05:25.040,4.08,12.0737,2432277.2
530,22:05:25.215,5.75,12.0765893,2432720.0
531,22:05:25.390,3.5100000000000002,12.088936,2435303.2
532,22:05:25.564,4.83,12.126449000000001,2442905.6
533,22:05:25.732,3.9299999999999997,12.129058,2443373.2
534,22:05:25.906,4.18,12.1283234,2443279.2
535,22:05:26.079,4.090000000000001,12.129467,2443454.4
536,22:05:26.250,4.740000000000001,12.130072700000001,2443639.6
537,22:05:26.424,4.11,12.133313300000001,2444247.6
538,22:05:26.597,4.380000000000001,12.1358607,2444704.0
539,22:05:26.768,5.16,12.139049899999998,2445350.4
540,22:05:26.942,4.98,12.139615699999998,2445427.2
541,22:05:27.119,3.94,12.1407912,2445799.6
542,22:05:27.293,4.23,12.1421295,2445989.6
543,22:05:27.463,3.4299999999999997,12.1473995,2447120.4
544,22:05:27.636,3.81,12.147738999999998,2447087.2
545,22:05:27.808,4.61,12.1566645,2448997.2
546,22:05:27.985,3.3,12.1626393,2450165.2
547,22:05:28.160,4.58,12.165155000000002,2450580.0
548,22:05:28.335,3.5800000000000005,12.167093,2450992.0
549,22:05:28.510,4.68,12.167351200000002,2451028.8
550,22:05:28.682,4.300000000000001,12.1699801,2451722.8
551,22:05:28.855,4.8,12.187922599999998,2455182.8
552,22:05:29.030,4.1,12.212729299999998,2460177.6
553,22:05:29.202,3.0500000000000003,12.2151497,2460747.6
554,22:05:29.372,4.44,12.215453600000002,2460763.2
555,22:05:29.547,4.07,12.218694000000003,2461484.0
556,22:05:29.720,3.3899999999999997,12.2203601,2461808.8
557,22:05:29.893,3.8600000000000003,12.221627,2462026.8
558,22:05:30.064,3.8,12.222748800000002,2462222.0
559,22:05:30.238,3.6400000000000006,12.2261623,2462848.4
560,22:05:30.408,4.11,12.2264899,2463057.6
561,22:05:30.580,3.6700000000000004,12.2667648,2471068.0
562,22:05:30.756,4.58,12.2680434,2471276.4
563,22:05:30.931,3.4,12.267761499999999,2471197.6
564,22:05:31.103,3.96,12.2663001,2471050.8
565,22:05:31.275,3.2000000000000006,12.2669096,2471169.2
566,22:05:31.448,4.6,12.267562900000001,2471256.8
567,22:05:31.621,3.2099999999999995,12.269324099999999,2471580.4
568,22:05:31.794,4.38,12.2743003,2472847.2
569,22:05:31.970,3.41,12.277715600000002,2473247.2
570,22:05:32.139,3.9599999999999995,12.278613000000002,2473408.0
571,22:05:32.312,3.3600000000000003,12.28955,2475706.4
572,22:05:32.485,3.37,12.2910651,2475895.6
573,22:05:32.659,3.660000000000001,12.2909142,2475889.6
574,22:05:32.833,3.5300000000000002,12.291946800000002,2476179.6
575,22:05:33.004,3.0400000000000005,12.317871299999998,2481581.6
576,22:05:33.178,2.74,12.3331172,2484441.6
577,22:05:33.351,3.6300000000000003,12.337503499999999,2485388.4
578,22:05:33.522,3.9900000000000007,12.3443401,2486651.6
579,22:05:33.697,3.3600000000000003,12.3461311,2487103.6
580,22:05:33.868,3.97,12.3563432,2489181.2
581,22:05:34.037,3.400000000000001,12.3645639,2490721.2
582,22:05:34.210,3.2400000000000007,12.3682214,2491434.8
583,22:05:34.385,3.9800000000000004,12.373660000000001,2492596.4
584,22:05:34.557,5.29,12.3753358,2492915.2
585,22:05:34.728,3.88,12.388570400000003,2495808.0
586,22:05:34.901,3.4800000000000004,12.4126523,2500724.4
587,22:05:35.074,3.08,12.427496999999997,2503677.2
588,22:05:35.243,3.5500000000000007,12.4546784,2508900.0
589,22:05:35.417,2.9000000000000004,12.453495,2508730.0
590,22:05:35.592,3.2400000000000007,12.4591345,2509898.4
591,22:05:35.769,4.090000000000001,12.4693764,2511878.8
592,22:05:35.943,3.44,12.4722853,2512495.2
593,22:05:36.116,4.65,12.4713998,2511849.2
594,22:05:36.288,3.87,12.4861053,2515225.6
595,22:05:36.467,3.41,12.502383599999998,2518581.6
596,22:05:36.640,3.6300000000000003,12.5170279,2521559.2
597,22:05:36.816,3.9400000000000004,12.5258343,2523304.0
598,22:05:36.993,3.2399999999999998,12.5276472,2523746.4
599,22:05:37.166,3.0800000000000005,12.532206299999999,2524516.8
600,22:05:37.336,4.04,12.5345373,2524988.0
601,22:05:37.510,2.88,12.537257800000003,2525496.8
602,22:05:37.685,3.3300000000000005,12.540833899999999,2526255.6
603,22:05:37.856,3.3899999999999997,12.542746,2526690.4
604,22:05:38.028,2.91,12.5524757,2528601.2
605,22:05:38.201,2.6100000000000003,12.5781442,2533745.6
606,22:05:38.374,3.7600000000000002,12.5847087,2535170.8
607,22:05:38.545,3.41,12.6001907,2538151.6
608,22:05:38.719,3.0300000000000002,12.598904199999998,2538030.4
609,22:05:38.893,3.97,12.6048294,2539175.6
610,22:05:39.064,3.55,12.608331999999999,2539951.2
611,22:05:39.237,3.1000000000000005,12.627302999999998,2543782.4
612,22:05:39.410,3.37,12.637257100000001,2545678.8
613,22:05:39.585,4.12,12.6403347,2546342.4
614,22:05:39.761,3.8299999999999996,12.643140399999997,2546892.4
615,22:05:39.935,3.95,12.652663500000003,2548810.0
616,22:05:40.106,3.3800000000000003,12.654228100000001,2549125.2
617,22:05:40.283,3.41,12.672686900000002,2552903.6
618,22:05:40.455,3.6900000000000004,12.6796367,2554240.8
619,22:05:40.630,3.21,12.682817599999998,2555158.4
620,22:05:40.806,2.7800000000000002,12.698141,2558031.6
621,22:05:40.981,3.7800000000000002,12.7038457,2559114.8
622,22:05:41.154,3.37,12.704189300000001,2559158.0
623,22:05:41.327,3.71,12.7103427,2560450.4
624,22:05:41.501,3.55,12.7245817,2563340.8
625,22:05:41.673,3.56,12.741443999999998,2566728.4
626,22:05:41.849,2.7300000000000004,12.765122600000002,2571489.2
627,22:05:42.024,3.3300000000000005,12.784999000000001,2575489.6
628,22:05:42.197,2.6,12.7975602,2578010.4
629,22:05:42.367,4.59,12.807363599999999,2580077.6
630,22:05:42.542,2.63,12.8345648,2585404.8
631,22:05:42.716,2.7900000000000005,12.847096299999999,2587943.2
632,22:05:42.888,2.97,12.8686307,2592299.6
633,22:05:43.063,3.0700000000000003,12.884345099999999,2595405.6
634,22:05:43.238,2.4699999999999998,12.898761000000002,2598376.0
635,22:05:43.413,3.2600000000000002,12.917572900000001,2602256.0
636,22:05:43.584,3.970000000000001,12.925469799999998,2603832.4
637,22:05:43.759,2.45,12.9484557,2608389.2
638,22:05:43.933,2.3400000000000003,12.968064100000001,2612558.8
639,22:05:44.107,3.0900000000000007,12.980506100000003,2615052.4
640,22:05:44.279,2.8600000000000003,13.000565100000003,2619016.4
641,22:05:44.453,2.77,13.0000745,2618727.2
642,22:05:44.627,3.6800000000000006,13.0135433,2621500.4
643,22:05:44.797,3.66,13.0199728,2622807.6
644,22:05:44.973,3.0900000000000003,13.039837299999999,2626799.6
645,22:05:45.150,2.56,13.0547395,2629934.8
646,22:05:45.325,2.4200000000000004,13.076452699999999,2634172.0
647,22:05:45.493,3.0,13.0967618,2638246.8
648,22:05:45.666,3.37,13.1005881,2639074.8
649,22:05:45.841,2.9,13.10975,2640934.4
650,22:05:46.013,3.1200000000000006,13.1250833,2643971.2
651,22:05:46.188,2.9400000000000004,13.140021199999998,2647007.2
652,22:05:46.361,2.7300000000000004,13.144556599999998,2647951.2
653,22:05:46.534,4.0,13.146321599999998,2648223.6
654,22:05:46.706,3.7,13.147113999999998,2648593.6
655,22:05:46.883,3.3899999999999997,13.1535256,2649684.8
656,22:05:47.058,2.95,13.166319299999998,2652483.6
657,22:05:47.231,3.2,13.1815867,2655470.4
658,22:05:47.405,3.2400000000000007,13.184914800000001,2656113.6
659,22:05:47.578,3.0000000000000004,13.187444500000002,2656560.0
660,22:05:47.750,3.1000000000000005,13.189557099999998,2657084.4
661,22:05:47.918,3.6400000000000006,13.196157600000001,2658284.0
662,22:05:48.092,3.4300000000000006,13.197436200000002,2658620.4
663,22:05:48.266,2.75,13.2151542,2662054.4
664,22:05:48.439,3.84,13.2138237,2661824.0
665,22:05:48.614,3.670000000000001,13.220037,2663072.8
666,22:05:48.790,3.2,13.221085299999999,2663287.6
667,22:05:48.958,3.96,13.222471200000001,2663602.4
668,22:05:49.125,3.54,13.2236347,2663870.8
669,22:05:49.297,3.06,13.225866700000001,2664352.8
670,22:05:49.470,2.7099999999999995,13.235312400000002,2666256.4
671,22:05:49.639,3.65,13.237115400000002,2666598.0
672,22:05:49.815,3.3899999999999997,13.2417678,2667525.6
673,22:05:49.987,2.4400000000000004,13.243834900000001,2667964.0
674,22:05:50.161,2.75,13.249903100000001,2669206.4
675,22:05:50.332,3.3400000000000007,13.254118700000001,2669988.4
676,22:05:50.509,2.31,13.255397299999998,2670172.0
677,22:05:50.686,3.7900000000000005,13.260099299999998,2671307.2
678,22:05:50.858,4.090000000000001,13.2622041,2671700.8
679,22:05:51.033,3.63,13.267340999999998,2672652.4
680,22:05:51.205,3.5500000000000007,13.3051714,2680459.6
681,22:05:51.379,3.47,13.3104593,2681461.6
682,22:05:51.549,3.250000000000001,13.3197541,2683237.2
683,22:05:51.727,3.5500000000000007,13.327601399999997,2684744.0
684,22:05:51.901,3.65,13.3269619,2684619.2
685,22:05:52.072,2.7800000000000002,13.3332845,2685989.6
686,22:05:52.249,3.1900000000000004,13.3351945,2686354.8
687,22:05:52.422,3.4900000000000007,13.3398806,2687250.8
688,22:05:52.594,2.7800000000000002,13.3456828,2688396.8
689,22:05:52.765,3.16,13.3590245,2691107.2
690,22:05:52.944,3.54,13.360938599999997,2691463.2
691,22:05:53.117,2.47,13.361428900000002,2691630.8
692,22:05:53.291,2.6100000000000003,13.361857800000001,2691673.2
693,22:05:53.465,3.2399999999999998,13.3636369,2692060.0
694,22:05:53.639,2.93,13.364594,2692131.6
695,22:05:53.812,2.54,13.367703599999999,2692842.4
696,22:05:53.985,3.18,13.370513400000002,2693459.2
697,22:05:54.160,3.5400000000000005,13.374073399999997,2694226.0
698,22:05:54.336,3.9800000000000004,13.3753882,2694423.6
699,22:05:54.509,3.9300000000000006,13.3775923,2694866.8
700,22:05:54.684,4.720000000000001,13.380173500000001,2695365.2
701,22:05:54.862,4.11,13.384956899999997,2696564.4
702,22:05:55.036,3.8,13.3910888,2697442.0
703,22:05:55.209,2.7800000000000002,13.390464899999998,2697480.0
704,22:05:55.382,3.5700000000000003,13.3922958,2697820.8
705,22:05:55.558,3.3500000000000005,13.391624699999998,2697764.4
706,22:05:55.733,2.8899999999999997,13.3939918,2698202.4
707,22:05:55.904,3.650000000000001,13.3947023,2698267.6
708,22:05:56.079,3.3200000000000003,13.3966503,2698695.2
709,22:05:56.254,2.1800000000000006,13.398665699999999,2699084.4
710,22:05:56.432,3.5100000000000002,13.399051,2699231.6
711,22:05:56.604,3.13,13.4010109,2699562.0
712,22:05:56.778,3.3500000000000005,13.4034572,2699983.6
713,22:05:56.954,3.3800000000000003,13.405061499999999,2700377.2
714,22:05:57.127,3.0200000000000005,13.406985700000002,2700714.8
715,22:05:57.299,3.4799999999999995,13.4090092,2701293.6
716,22:05:57.474,2.77,13.4141439,2702120.4
717,22:05:57.649,2.87,13.415785999999997,2702510.8
718,22:05:57.820,3.05,13.416629899999998,2702702.0
719,22:05:57.990,3.02,13.4176724,2702930.0
720,22:05:58.164,2.43,13.4556679,2710569.6
721,22:05:58.338,2.16,13.455671900000002,2710562.8
722,22:05:58.507,2.16,13.455731599999998,2710562.0
723,22:05:58.683,2.7700000000000005,13.457470800000001,2711010.4
724,22:05:58.856,3.2600000000000002,13.4588211,2711206.0
725,22:05:59.030,3.04,13.467134999999999,2712876.8
726,22:05:59.204,2.62,13.468773100000002,2713160.4
727,22:05:59.379,2.57,13.470587999999998,2713544.4
728,22:05:59.557,2.2800000000000002,13.4787947,2715249.2
729,22:05:59.729,3.3600000000000003,13.4826707,2716020.0
730,22:05:59.905,3.47,13.485676999999999,2716610.4
731,22:06:00.080,3.1800000000000006,13.4895847,2717377.6
732,22:06:00.254,3.81,13.528422,2725223.6
733,22:06:00.425,4.040000000000001,13.528745700000002,2725275.6
734,22:06:00.602,2.3,13.5391345,2727411.6
735,22:06:00.778,2.9000000000000004,13.540850100000004,2727753.2
736,22:06:00.950,2.79,13.5469441,2728861.2
737,22:06:01.121,3.2700000000000005,13.548058200000003,2729111.2
738,22:06:01.297,3.1700000000000004,13.548389699999998,2729290.8
739,22:06:01.473,2.43,13.553496900000003,2730253.2
740,22:06:01.644,3.1100000000000003,13.5533775,2730186.4
741,22:06:01.816,3.22,13.5532327,2730218.4
742,22:06:01.990,2.75,13.5539377,2730371.2
743,22:06:02.165,3.55,13.5552224,2730596.4
744,22:06:02.338,3.25,13.557059,2730988.4
745,22:06:02.513,2.7700000000000005,13.5578194,2731189.6
746,22:06:02.689,3.3099999999999996,13.5583437,2731256.8
747,22:06:02.862,3.78,13.5608734,2731870.0
748,22:06:03.034,2.64,13.56163,2731885.6
749,22:06:03.210,2.35,13.5638399,2732429.6
750,22:06:03.385,2.4600000000000004,13.563655199999996,2732434.0
751,22:06:03.557,2.1900000000000004,13.5636156,2732290.8
752,22:06:03.731,2.9300000000000006,13.563671199999998,2732422.4
753,22:06:03.902,2.48,13.563850000000002,2732337.6
754,22:06:04.073,2.62,13.5637784,2732288.8
755,22:06:04.250,2.95,13.5632959,2732322.4
756,22:06:04.425,3.2,13.5639532,2732312.0
757,22:06:04.601,2.4400000000000004,13.5637487,2732364.0
758,22:06:04.774,2.45,13.564094,2732424.0
759,22:06:04.949,2.9400000000000004,13.564378300000001,2732513.2
760,22:06:05.124,1.8700000000000003,13.5678114,2733064.8
761,22:06:05.298,2.95,13.567555000000002,2733109.2
762,22:06:05.470,2.48,13.5702872,2733563.6
763,22:06:05.645,2.5,13.569932,2733718.0
764,22:06:05.820,2.29,13.572080600000001,2733994.8
765,22:06:05.996,2.43,13.574780999999998,2734617.6
766,22:06:06.167,2.81,13.5784882,2735305.2
767,22:06:06.342,3.6399999999999997,13.578466300000002,2735260.0
768,22:06:06.517,2.1900000000000004,13.579347900000002,2735416.4
769,22:06:06.690,2.58,13.5817744,2736079.6
770,22:06:06.862,2.81,13.5861803,2736834.0
771,22:06:07.035,2.4900000000000007,13.587369900000002,2736972.4
772,22:06:07.210,2.4400000000000004,13.588747999999999,2737416.8
773,22:06:07.380,2.83,13.5888095,2737384.8
774,22:06:07.553,2.97,13.595322299999998,2738780.8
775,22:06:07.729,1.98,13.602740699999998,2740195.6
776,22:06:07.905,2.44,13.611045,2741952.4
777,22:06:08.074,3.75,13.622821599999998,2744355.2
778,22:06:08.249,2.93,13.623544399999997,2744402.8
779,22:06:08.422,2.75,13.625345300000001,2744742.8
780,22:06:08.595,3.41,13.628383500000002,2745358.8
781,22:06:08.767,2.96,13.632442099999997,2746123.6
782,22:06:08.939,2.8000000000000003,13.6383811,2747300.4
783,22:06:09.111,2.970000000000001,13.646695,2749088.0
784,22:06:09.283,2.2800000000000002,13.650106400000002,2749682.0
785,22:06:09.458,3.410000000000001,13.6542326,2750595.6
786,22:06:09.628,2.9300000000000006,13.675792699999999,2754941.6
787,22:06:09.800,2.97,13.679279600000001,2755702.4
788,22:06:09.967,2.29,13.6874249,2757289.6
789,22:06:10.137,3.2700000000000005,13.6908281,2757996.4
790,22:06:10.311,2.46,13.701550700000002,2760056.4
791,22:06:10.485,2.5000000000000004,13.7141952,2762580.0
792,22:06:10.658,2.14,13.7273442,2765455.6
793,22:06:10.833,2.9300000000000006,13.749784199999999,2769853.6
794,22:06:11.004,2.7600000000000007,13.760246400000003,2771902.4
795,22:06:11.172,2.8899999999999997,13.7608025,2772054.4
796,22:06:11.340,2.04,13.7745173,2774814.0
797,22:06:11.512,2.37,13.779618499999998,2775801.6
798,22:06:11.683,3.35,13.783655300000001,2776657.2
799,22:06:11.858,3.04,13.7951422,2778892.8
800,22:06:12.031,2.4900000000000007,13.808386500000001,2781584.8
801,22:06:12.202,2.5000000000000004,13.8299385,2785989.6
802,22:06:12.373,3.7700000000000005,13.8362154,2787215.6
803,22:06:12.547,5.42,13.8402918,2788167.6
804,22:06:12.715,3.8,13.843949399999996,2788831.6
805,22:06:12.888,2.83,13.852942399999998,2790777.6
806,22:06:13.062,2.9400000000000004,13.854088100000002,2790833.2
807,22:06:13.236,4.69,13.853504300000003,2790767.2
808,22:06:13.412,4.970000000000001,13.855837499999998,2791241.6
809,22:06:13.589,4.569999999999999,13.8585361,2791701.6
810,22:06:13.762,3.400000000000001,13.8729321,2794643.2
811,22:06:13.936,5.540000000000001,13.884220399999998,2796936.4
812,22:06:14.113,5.57,13.887915800000002,2797594.8
813,22:06:14.290,6.160000000000001,13.887584199999997,2797723.6
814,22:06:14.463,5.63,13.888189799999997,2797702.8
815,22:06:14.633,5.760000000000001,13.8889026,2797821.6
816,22:06:14.811,5.57,13.8916427,2798400.8
817,22:06:14.986,5.44,13.9086816,2801802.0
818,22:06:15.159,6.62,13.911612499999999,2802347.6
819,22:06:15.334,5.380000000000001,13.9132923,2802789.6
820,22:06:15.508,3.810000000000001,13.914019099999999,2803021.6
821,22:06:15.679,3.5400000000000005,13.915252200000001,2803269.2
822,22:06:15.849,2.77,13.919976,2804148.4
823,22:06:16.026,3.97,13.920994700000003,2804169.2
824,22:06:16.200,5.0600000000000005,13.923230499999999,2804740.8
825,22:06:16.374,4.29,13.9254365,2805212.0
826,22:06:16.543,3.12,13.926506900000001,2805363.6
827,22:06:16.719,4.33,13.9353767,2807236.0
828,22:06:16.893,5.69,13.942485299999998,2808636.8
829,22:06:17.069,6.320000000000001,13.9466373,2809472.4
830,22:06:17.247,5.029999999999999,13.944883899999999,2809007.2
831,22:06:17.419,4.7299999999999995,13.9460992,2809382.4
832,22:06:17.591,5.030000000000001,13.948565599999998,2809879.6
833,22:06:17.765,5.42,13.949311900000001,2810076.0
834,22:06:17.941,4.41,13.9509403,2810377.6
835,22:06:18.115,4.79,13.9548937,2811165.2
836,22:06:18.290,4.180000000000001,13.9482099,2809845.6
837,22:06:18.461,2.72,13.950002899999998,2810242.0
838,22:06:18.639,3.2300000000000004,13.9569469,2811519.2
839,22:06:18.812,5.709999999999999,13.9568613,2811552.0
840,22:06:18.985,5.5200000000000005,13.959702699999998,2812228.8
841,22:06:19.160,5.37,13.962155000000001,2812632.0
842,22:06:19.336,5.459999999999999,13.9622486,2812655.6
843,22:06:19.509,4.49,13.9617539,2812568.4
844,22:06:19.679,5.05,13.9650047,2813199.6
845,22:06:19.855,6.01,13.9651732,2813218.8
846,22:06:20.031,5.209999999999999,13.966064900000001,2813436.4
847,22:06:20.203,6.18,13.9667003,2813620.0
848,22:06:20.374,5.779999999999999,13.967001999999999,2813546.0
849,22:06:20.547,4.300000000000001,13.9682213,2813854.4
850,22:06:20.724,3.5900000000000007,13.9653142,2813239.2
851,22:06:20.897,3.8299999999999996,13.968993699999999,2813870.4
852,22:06:21.073,4.550000000000001,13.972051499999997,2814612.8
853,22:06:21.246,3.0100000000000007,13.9723435,2814673.2
854,22:06:21.420,3.05,13.973989699999999,2814961.2
855,22:06:21.594,3.1,13.9741286,2815036.0
856,22:06:21.767,3.4,13.986908199999998,2817621.6
857,22:06:21.942,4.000000000000002,13.991443499999999,2818568.8
858,22:06:22.115,3.0300000000000002,13.996089899999998,2819386.4
859,22:06:22.286,2.5200000000000005,13.999443500000002,2820175.6
860,22:06:22.462,2.7900000000000005,14.004997400000002,2821250.4
861,22:06:22.635,3.3300000000000005,14.007152,2821635.2
862,22:06:22.809,3.0000000000000004,14.010602999999998,2822406.4
863,22:06:22.984,3.7400000000000007,14.014602200000002,2823256.4
864,22:06:23.158,3.16,14.0182874,2823956.4
865,22:06:23.332,3.62,14.021391099999999,2824573.6
866,22:06:23.501,2.64,14.0213751,2824522.0
867,22:06:23.672,3.5700000000000003,14.021750500000001,2824577.6
868,22:06:23.843,3.1100000000000003,14.021498099999999,2824576.8
869,22:06:24.018,2.7500000000000004,14.023152200000002,2824873.2
870,22:06:24.192,2.7900000000000005,14.0224572,2824653.6
871,22:06:24.361,3.55,14.026998500000001,2825612.4
872,22:06:24.533,3.35,14.0286108,2826058.4
873,22:06:24.705,3.16,14.028870900000001,2826122.8
874,22:06:24.876,2.3800000000000003,14.0327628,2826963.6
875,22:06:25.050,2.3600000000000003,14.033902699999999,2827076.4
876,22:06:25.221,2.3200000000000003,14.037792300000001,2827842.4
877,22:06:25.393,2.7500000000000004,14.0407589,2828536.0
878,22:06:25.570,3.1900000000000004,14.044900899999998,2829377.6
879,22:06:25.743,2.1900000000000004,14.048344,2829929.6
880,22:06:25.917,2.7800000000000002,14.047414900000001,2829935.6
881,22:06:26.089,3.3600000000000003,14.051432,2830587.2
882,22:06:26.261,3.5200000000000005,14.051066500000001,2830558.0
883,22:06:26.429,2.9600000000000004,14.053580300000002,2831029.2
884,22:06:26.604,3.41,14.052218299999998,2830868.0
885,22:06:26.775,3.0700000000000003,14.092125700000002,2838784.8
886,22:06:26.949,2.89,14.0950247,2838948.0
887,22:06:27.122,2.81,14.094387399999999,2839226.8
888,22:06:27.299,2.7600000000000007,14.093668400000002,2839094.4
889,22:06:27.474,2.6300000000000003,14.094876,2839446.8
890,22:06:27.647,3.46,14.095821,2839101.6
891,22:06:27.815,2.81,14.0578136,2832023.2
892,22:06:27.983,4.7299999999999995,14.067027199999998,2833745.2
893,22:06:28.151,6.010000000000001,14.077678200000003,2835961.6
894,22:06:28.322,5.19,14.0940438,2839073.6
895,22:06:28.491,4.85,14.0993356,2840179.2
896,22:06:28.660,5.050000000000001,14.1005569,2840490.8
897,22:06:28.830,4.510000000000001,14.0815562,2836746.0
898,22:06:28.998,5.24,14.089228700000001,2837088.8
899,22:06:29.166,4.62,14.104631399999999,2841434.0
900,22:06:29.334,5.480000000000001,14.123975599999998,2845157.6
901,22:06:29.501,5.35,14.140933,2848857.2
902,22:06:29.669,4.1899999999999995,14.155390500000001,2851491.2
903,22:06:29.837,4.000000000000001,14.158392800000001,2852148.8
904,22:06:30.006,2.9400000000000004,14.170511199999998,2854520.0
905,22:06:30.174,3.9899999999999998,14.1714146,2854822.0
906,22:06:30.343,4.06,14.1711944,2854737.6
907,22:06:30.513,3.12,14.1814163,2856845.2
908,22:06:30.680,2.8200000000000003,14.196134,2859726.0
909,22:06:30.849,3.150000000000001,14.213987,2863342.4
910,22:06:31.017,3.21,14.2159469,2863758.8
911,22:06:31.188,4.0,14.2243244,2865368.0
912,22:06:31.357,2.79,14.223998599999998,2865334.8
913,22:06:31.527,2.34,14.2239033,2865285.2
914,22:06:31.696,2.9100000000000006,14.2242112,2865273.2
915,22:06:31.865,2.8300000000000005,14.2237485,2865416.0
916,22:06:32.033,3.14,14.224797,2865499.2
917,22:06:32.202,2.4899999999999998,14.227068300000003,2865939.2
918,22:06:32.370,2.6000000000000005,14.2398779,2868516.4
919,22:06:32.538,2.480000000000001,14.253316799999999,2871270.4
920,22:06:32.707,2.21,14.2537735,2871310.4
921,22:06:32.875,2.95,14.2544884,2871488.4
922,22:06:33.044,2.6900000000000004,14.2540276,2871495.6
923,22:06:33.213,5.2299999999999995,14.254524,2871464.4
924,22:06:33.382,5.9399999999999995,14.254944799999999,2871587.2
925,22:06:33.552,4.909999999999999,14.269601,2874465.6
926,22:06:33.720,4.68,14.2691066,2874415.2
927,22:06:33.889,5.15,14.2687889,2874345.2
928,22:06:34.058,5.33,14.270299900000003,2874695.2
929,22:06:34.229,3.1000000000000005,14.2732508,2875255.2
930,22:06:34.399,2.47,14.2773034,2876104.4
931,22:06:34.568,3.2000000000000006,14.277781899999999,2876172.4
932,22:06:34.738,2.04,14.279177899999999,2876463.2
933,22:06:34.907,3.4400000000000004,14.2816281,2876953.6
934,22:06:35.077,2.12,14.2848528,2877540.0
935,22:06:35.245,3.1399999999999997,14.2885441,2878600.8
936,22:06:35.415,3.5500000000000007,14.290235899999999,2878702.8
937,22:06:35.585,2.64,14.2909368,2879015.6
938,22:06:35.753,2.48,14.296699100000001,2880218.8
939,22:06:35.923,3.7300000000000004,14.3012284,2881079.2
940,22:06:36.092,2.38,14.308823500000003,2882438.8
941,22:06:36.262,2.9200000000000004,14.3048979,2879929.2
942,22:06:36.432,2.62,14.307455600000003,2882128.8
943,22:06:36.600,2.7900000000000005,14.3122389,2883061.6
944,22:06:36.769,2.33,14.3189066,2884595.2
945,22:06:36.936,2.18,14.322586000000001,2885158.4
946,22:06:37.105,2.1399999999999997,14.321827500000001,2885080.0
947,22:06:37.274,3.1200000000000006,14.3216669,2885013.6
948,22:06:37.442,3.2600000000000002,14.323144099999999,2885344.8
949,22:06:37.612,2.6100000000000008,14.3269725,2886019.2
950,22:06:37.781,2.92,14.3264739,2885894.0
951,22:06:37.950,2.3500000000000005,14.325971599999999,2885932.8
952,22:06:38.119,2.7800000000000002,14.326714200000001,2886103.6
953,22:06:38.288,2.9400000000000004,14.3304116,2886798.4
954,22:06:38.457,2.5900000000000003,14.331176,2886912.0
955,22:06:38.627,3.21,14.3357292,2887922.0
956,22:06:38.795,2.98,14.3372939,2888193.2
957,22:06:38.964,2.74,14.338975599999998,2888528.0
958,22:06:39.133,2.9600000000000004,14.3425219,2889280.0
959,22:06:39.301,2.77,14.3442893,2889504.8
960,22:06:39.471,2.9400000000000004,14.344031099999999,2889526.8
961,22:06:39.639,2.670000000000001,14.344595000000002,2889594.0
962,22:06:39.811,3.0900000000000007,14.3448253,2889611.6
963,22:06:39.980,2.17,14.3413206,2888895.6
964,22:06:40.147,2.02,14.343820499999998,2889432.4
965,22:06:40.316,2.5100000000000007,14.343635799999998,2889518.0
966,22:06:40.487,2.3600000000000003,14.343064100000001,2889361.2
967,22:06:40.655,2.9200000000000004,14.344650700000003,2889692.4
968,22:06:40.825,2.7800000000000002,14.3442495,2889518.0
969,22:06:40.994,2.3600000000000003,14.3445572,2889676.8
970,22:06:41.163,2.04,14.348975400000004,2890572.4
971,22:06:41.332,2.2800000000000002,14.350019799999998,2890782.8
972,22:06:41.501,2.6499999999999995,14.350782299999997,2890814.0
973,22:06:41.672,3.04,14.348633699999999,2890513.2
974,22:06:41.840,2.29,14.3482783,2890440.0
975,22:06:42.008,2.64,14.34974,2890705.2
976,22:06:42.176,2.3,14.350556000000001,2890910.8
977,22:06:42.347,2.5,14.350542,2890801.6
978,22:06:42.517,2.5799999999999996,14.350564,2890840.0
979,22:06:42.686,2.18,14.3507504,2890832.8
980,22:06:42.855,2.34,14.3502403,2890879.6
981,22:06:43.022,1.81,14.351205099999998,2891044.4
982,22:06:43.190,1.9,14.350921099999997,2890903.2
983,22:06:43.358,3.2600000000000002,14.351226999999998,2890882.8
984,22:06:43.526,2.960000000000001,14.3510702,2891013.6
985,22:06:43.693,2.7800000000000002,14.352970500000001,2891305.6
986,22:06:43.861,2.62,14.355206299999997,2891752.8
987,22:06:44.029,2.74,14.3567907,2892140.0
988,22:06:44.197,2.0,14.3600912,2892828.0
989,22:06:44.365,2.5800000000000005,14.364219199999999,2893541.6
990,22:06:44.533,1.9700000000000002,14.364890399999998,2893800.4
991,22:06:44.701,2.95,14.369352000000001,2894593.2
992,22:06:44.869,2.0300000000000002,14.379280300000001,2896664.0
993,22:06:45.037,2.47,14.4187252,2904561.6
994,22:06:45.205,1.6799999999999997,14.430875500000003,2907063.2
995,22:06:45.373,2.4600000000000004,14.4326864,2907389.6
996,22:06:45.541,2.7400000000000007,14.4327598,2907521.2
997,22:06:45.708,2.8600000000000003,14.437695999999999,2908454.0
998,22:06:45.876,2.7800000000000002,14.437992100000002,2908698.4
999,22:06:46.043,2.7900000000000005,14.4528407,2911426.0
1000,22:06:46.211,1.5599999999999998,14.470608200000004,2915060.4
1001,22:06:46.380,1.75,14.4880304,2918518.8
1002,22:06:46.548,2.46,14.502047100000002,2921390.0
1003,22:06:46.715,2.02,14.5028909,2921476.4
1004,22:06:46.883,2.0300000000000002,14.512551199999999,2923544.0
1005,22:06:47.050,2.45,14.517431600000004,2924536.0
1006,22:06:47.218,2.1700000000000004,14.518015700000001,2924615.2
1007,22:06:47.386,2.1500000000000004,14.527409700000002,2926484.0
1008,22:06:47.553,1.72,14.5424052,2929486.8
1009,22:06:47.721,2.35,14.560446800000003,2933190.4
1010,22:06:47.889,2.3200000000000003,14.5628952,2933624.4
1011,22:06:48.061,2.16,14.570756399999999,2935204.4
1012,22:06:48.234,2.3400000000000003,14.571369999999998,2935324.0
1013,22:06:48.403,2.29,14.570814100000002,2935177.6
1014,22:06:48.577,2.62,14.5704783,2935160.4
1015,22:06:48.746,2.8000000000000007,14.5705838,2935160.8
1016,22:06:48.916,3.05,14.5709529,2935293.6
1017,22:06:49.086,3.0300000000000002,14.571157500000002,2935330.0
1018,22:06:49.254,2.7300000000000004,14.5865561,2938434.4
1019,22:06:49.422,2.5799999999999996,14.597529,2940722.4
1020,22:06:49.591,2.9300000000000006,14.5996634,2941006.8
1021,22:06:49.758,2.34,14.6002969,2941277.6
1022,22:06:49.925,2.31,14.6007635,2941296.0
1023,22:06:50.092,2.4600000000000004,14.603207999999999,2941708.8
1024,22:06:50.259,2.9400000000000004,14.603394499999999,2941913.2
1025,22:06:50.429,3.35,14.619182499999999,2944927.2
1026,22:06:50.597,2.25,14.619378900000001,2945043.2
1027,22:06:50.766,3.0799999999999996,14.6207173,2945282.8
1028,22:06:50.934,3.2299999999999995,14.619678800000003,2945032.0
1029,22:06:51.101,2.15,14.6231635,2945671.2
1030,22:06:51.269,2.5000000000000004,14.622881799999998,2945670.0
1031,22:06:51.438,2.64,14.622399199999998,2945558.0
1032,22:06:51.605,2.9200000000000004,14.622468700000002,2945612.8
1033,22:06:51.772,2.16,14.622921400000001,2945705.2
1034,22:06:51.939,3.16,14.623219,2945694.0
1035,22:06:52.106,3.04,14.6233921,2945824.8
1036,22:06:52.274,1.86,14.624142399999997,2945959.2
1037,22:06:52.442,2.29,14.624291500000002,2946003.6
1038,22:06:52.610,2.59,14.6254551,2946330.0
1039,22:06:52.778,1.8700000000000003,14.6323969,2947649.6
1040,22:06:52.945,2.8,14.6334433,2947775.6
1041,22:06:53.112,2.46,14.6322123,2947737.6
1042,22:06:53.279,2.48,14.636981700000002,2948638.0
1043,22:06:53.446,2.8000000000000003,14.641791000000001,2949506.8
1044,22:06:53.614,3.2299999999999995,14.650021600000002,2951134.4
1045,22:06:53.781,1.41,14.658543899999998,2952985.6
1046,22:06:53.948,2.6600000000000006,14.658720599999999,2952912.0
1047,22:06:54.116,2.58,14.6594911,2953103.2
1048,22:06:54.283,2.9600000000000004,14.670155900000001,2955251.2
1049,22:06:54.452,2.4699999999999998,14.6755729,2956388.4
1050,22:06:54.619,2.62,14.68204,2957682.8
1051,22:06:54.787,2.7800000000000002,14.6829812,2957892.0
1052,22:06:54.955,2.58,14.685173400000002,2958295.6
1053,22:06:55.124,2.4700000000000006,14.6852986,2958222.4
1054,22:06:55.292,2.1900000000000004,14.6855607,2958271.6
1055,22:06:55.460,2.97,14.6872702,2958698.4
1056,22:06:55.628,3.6,14.6876457,2958764.4
1057,22:06:55.796,3.19,14.6889998,2959100.4
1058,22:06:55.963,2.91,14.6923833,2959701.6
1059,22:06:56.130,2.93,14.692738799999997,2959744.8
1060,22:06:56.298,3.25,14.6933622,2959953.6
1061,22:06:56.466,2.62,14.694422600000001,2960107.6
1062,22:06:56.634,3.2300000000000004,14.694069199999998,2960099.6
1063,22:06:56.802,2.6400000000000006,14.703185200000002,2961824.8
1064,22:06:56.970,3.65,14.7046903,2962135.2
1065,22:06:57.137,3.4400000000000004,14.7056613,2962402.4
1066,22:06:57.306,2.98,14.706733600000002,2962661.2
1067,22:06:57.475,4.0,14.707819699999998,2962852.4
1068,22:06:57.643,2.96,14.708838600000002,2963132.0
1069,22:06:57.810,2.9000000000000004,14.7097757,2963223.6
1070,22:06:57.978,2.9900000000000007,14.713477000000001,2963964.8
1071,22:06:58.146,3.2,14.713049900000001,2963888.4
1072,22:06:58.314,2.7500000000000004,14.715833899999998,2964439.6
1073,22:06:58.482,3.25,14.7163323,2964452.4
1074,22:06:58.651,3.12,14.715567799999999,2964399.6
1075,22:06:58.818,2.75,14.7163126,2964545.2
1076,22:06:58.986,2.56,14.717486,2964743.6
1077,22:06:59.155,4.16,14.715871399999997,2964438.4
1078,22:06:59.323,3.22,14.715097200000002,2964269.2
1079,22:06:59.491,2.98,14.714445800000002,2964226.8
1080,22:06:59.659,3.250000000000001,14.715446600000002,2964404.8
1081,22:06:59.826,2.3400000000000007,14.7170094,2964644.4
1082,22:06:59.995,2.42,14.7164216,2964659.6
1083,22:07:00.162,2.9300000000000006,14.7185879,2965112.8
1084,22:07:00.330,2.7700000000000005,14.718526500000001,2965012.0
1085,22:07:00.501,2.31,14.721053999999999,2965552.0
1086,22:07:00.668,2.5900000000000007,14.723184900000001,2965757.6
1087,22:07:00.836,2.7800000000000002,14.723083400000002,2965887.2
1088,22:07:01.004,2.43,14.7265782,2966613.6
1089,22:07:01.172,2.1500000000000004,14.7273824,2966890.4
1090,22:07:01.339,2.66,14.730322999999999,2967390.0
1091,22:07:01.510,2.4800000000000004,14.732028699999997,2967741.6
1092,22:07:01.678,2.22,14.733931000000002,2968090.4
1093,22:07:01.846,1.72,14.763795400000001,2974330.4
1094,22:07:02.014,1.41,14.7724268,2975800.0
1095,22:07:02.182,2.9300000000000006,14.7728219,2975874.8
1096,22:07:02.350,2.73,14.771954299999999,2975796.8
1097,22:07:02.520,1.7,14.772137,2975762.8
1098,22:07:02.687,3.05,14.772365299999999,2975832.4
1099,22:07:02.855,2.16,14.772317699999999,2975771.2
1100,22:07:03.023,1.8699999999999999,14.7742437,2976152.4
1101,22:07:03.192,2.6700000000000004,14.777764199999998,2976892.4
1102,22:07:03.360,2.01,14.778183299999998,2977000.0
1103,22:07:03.529,2.0100000000000002,14.777671100000001,2976858.0
1104,22:07:03.696,2.6100000000000003,14.779307,2977318.4
1105,22:07:03.864,2.0200000000000005,14.7793251,2977281.6
1106,22:07:04.034,1.58,14.781699799999998,2977641.2
1107,22:07:04.202,2.02,14.781400099999999,2977618.8
1108,22:07:04.370,2.5100000000000002,14.781288799999999,2977664.8
1109,22:07:04.539,2.16,14.7823392,2977824.4
1110,22:07:04.707,2.6,14.7828932,2977885.2
1111,22:07:04.875,2.63,14.782650899999998,2977881.2
1112,22:07:05.043,1.8699999999999999,14.784952200000001,2978359.6
1113,22:07:05.211,2.3099999999999996,14.7841719,2978242.4
1114,22:07:05.379,3.0700000000000003,14.784015000000002,2978169.2
1115,22:07:05.549,2.0,14.7839396,2978273.6
1116,22:07:05.718,2.4800000000000004,14.7850356,2978402.4
1117,22:07:05.886,2.7900000000000005,14.7841323,2978201.6
1118,22:07:06.054,2.72,14.786566499999998,2978762.4
1119,22:07:06.222,2.43,14.786618300000004,2978676.0
1120,22:07:06.389,2.5100000000000002,14.786729400000002,2978702.0
1121,22:07:06.561,2.1100000000000003,14.786606300000003,2978744.4
1122,22:07:06.729,2.7600000000000002,14.7875573,2978825.2
1123,22:07:06.897,2.31,14.787219900000002,2978780.0
1124,22:07:07.065,2.4200000000000004,14.7866659,2978668.4
1125,22:07:07.233,2.0100000000000002,14.787102800000003,2978824.0
1126,22:07:07.400,3.1200000000000006,14.7866084,2978760.8
1127,22:07:07.568,2.17,14.7870192,2978692.4
1128,22:07:07.736,2.9400000000000004,14.786552699999998,2978768.4
1129,22:07:07.904,2.16,14.786949800000002,2978766.8
1130,22:07:08.071,2.1800000000000006,14.791488900000001,2979623.2
1131,22:07:08.239,1.5499999999999998,14.7903692,2979401.6
1132,22:07:08.406,3.0700000000000003,14.7902321,2979484.8
1133,22:07:08.575,2.45,14.7908296,2979524.4
1134,22:07:08.743,2.29,14.7909252,2979603.6
1135,22:07:08.911,2.33,14.791218899999999,2979562.4
1136,22:07:09.079,1.7099999999999997,14.790935000000001,2979549.6
1137,22:07:09.247,1.72,14.791012499999999,2979544.8
1138,22:07:09.414,2.5100000000000007,14.796181100000002,2980614.8
1139,22:07:09.583,1.8699999999999999,14.7966298,2980715.6
1140,22:07:09.752,2.02,14.7969178,2980728.4
1141,22:07:09.919,2.45,14.7998943,2981400.8
1142,22:07:10.088,2.33,14.803782100000001,2982114.0
1143,22:07:10.256,2.1799999999999997,14.8045941,2982354.8
1144,22:07:10.424,2.46,14.808388900000002,2983075.6
1145,22:07:10.592,1.89,14.809276400000002,2983247.6
1146,22:07:10.760,2.4899999999999998,14.809655699999999,2983274.4
1147,22:07:10.928,3.07,14.8169768,2984948.8
1148,22:07:11.095,2.6,14.8230728,2986034.8
1149,22:07:11.263,2.7700000000000005,14.8285134,2987119.6
1150,22:07:11.431,2.61,14.836366800000002,2988747.2
1151,22:07:11.600,1.9600000000000002,14.836396500000001,2988758.0
1152,22:07:11.768,2.0300000000000002,14.836720200000002,2988816.8
1153,22:07:11.936,2.9699999999999998,14.836521600000001,2988709.2
1154,22:07:12.104,2.46,14.836033199999997,2988615.6
1155,22:07:12.272,2.31,14.8353679,2988628.0
1156,22:07:12.442,2.49,14.835655699999998,2988735.6
1157,22:07:12.611,1.8299999999999996,14.836106599999999,2988606.8
1158,22:07:12.781,3.0300000000000002,14.8359,2988647.2
1159,22:07:12.948,2.0,14.836448100000002,2988720.0
1160,22:07:13.116,2.8099999999999996,14.83787,2989064.0
1161,22:07:13.283,2.16,14.838062400000002,2989039.2
1162,22:07:13.451,2.6,14.8376575,2988960.8
1163,22:07:13.626,2.4400000000000004,14.8373575,2988972.0
1164,22:07:13.796,2.2800000000000002,14.838048500000003,2989037.6
1165,22:07:13.964,2.18,14.8378896,2989016.4
1166,22:07:14.133,2.0200000000000005,14.8376931,2988935.2
1167,22:07:14.302,1.86,14.837877900000004,2988961.6
1168,22:07:14.470,3.3600000000000003,14.837792399999998,2988924.0
1169,22:07:14.638,2.63,14.8364103,2988787.6
1170,22:07:14.805,2.76,14.8381638,2989227.6
1171,22:07:14.974,1.7200000000000002,14.8383067,2989266.4
1172,22:07:15.142,2.0,14.838832700000001,2989194.4
1173,22:07:15.310,2.0100000000000002,14.839938799999999,2989459.2
1174,22:07:15.479,2.15,14.839927,2989375.6
1175,22:07:15.649,2.34,14.8421709,2989869.2
1176,22:07:15.817,2.5900000000000003,14.8431893,2990044.0
1177,22:07:15.984,2.6,14.8476611,2991008.4
1178,22:07:16.152,2.9400000000000004,14.8467714,2990793.6
1179,22:07:16.320,2.3099999999999996,14.846668399999999,2990750.8
1180,22:07:16.488,3.0700000000000003,14.849001199999998,2991243.6
1181,22:07:16.656,2.65,14.8502047,2991468.0
1182,22:07:16.823,2.2,14.8501192,2991402.0
1183,22:07:16.991,2.89,14.849473900000001,2991366.4
1184,22:07:17.159,2.1599999999999997,14.849378699999999,2991402.4
1185,22:07:17.328,2.4400000000000004,14.850085600000003,2991559.6
1186,22:07:17.497,3.03,14.850123200000002,2991522.0
1187,22:07:17.665,2.1900000000000004,14.849456,2991402.8
1188,22:07:17.833,1.86,14.849485800000002,2991362.8
1189,22:07:18.000,2.0799999999999996,14.849189899999999,2991330.4
1190,22:07:18.169,2.45,14.848709399999999,2991142.4
1191,22:07:18.337,2.2,14.848995500000001,2991253.2
1192,22:07:18.504,1.7200000000000002,14.849597000000003,2991416.4
1193,22:07:18.673,2.31,14.848705499999998,2991247.2
1194,22:07:18.841,2.0100000000000002,14.8493706,2991298.4
1195,22:07:19.009,2.4600000000000004,14.849259499999999,2991302.4
1196,22:07:19.178,2.1000000000000005,14.849388600000001,2991346.8
1197,22:07:19.346,2.18,14.8499305,2991372.0
1198,22:07:19.515,2.1900000000000004,14.849847199999996,2991463.6
1199,22:07:19.683,2.0000000000000004,14.849493599999999,2991346.8
1200,22:07:19.851,2.1700000000000004,14.8496149,2991386.4
1201,22:07:20.021,1.72,14.848874200000001,2991200.0
1202,22:07:20.190,1.8700000000000003,14.850252200000003,2991515.2
1203,22:07:20.357,1.9899999999999998,14.850714799999997,2991629.2
1204,22:07:20.525,2.1900000000000004,14.850941299999999,2991672.8
1205,22:07:20.693,3.3800000000000003,14.8526769,2991988.8
1206,22:07:20.860,2.49,14.852567599999997,2992114.0
1207,22:07:21.027,2.0,14.853042199999999,2991975.2
1208,22:07:21.195,2.92,14.853342099999997,2992173.2
1209,22:07:21.363,2.3,14.8527861,2992106.0
1210,22:07:21.531,2.75,14.8567493,2992854.0
1211,22:07:21.699,3.04,14.856535100000002,2992694.4
1212,22:07:21.866,1.8800000000000001,14.855704900000001,2992643.2
1213,22:07:22.035,1.9899999999999998,14.8568171,2992707.2
1214,22:07:22.202,2.31,14.8567216,2992770.8
1215,22:07:22.370,2.6600000000000006,14.856802999999996,2992800.8
1216,22:07:22.537,2.94,14.857482000000001,2992872.8
1217,22:07:22.704,2.48,14.856296699999998,2992694.8
1218,22:07:22.872,3.0100000000000007,14.856018600000002,2992619.6
1219,22:07:23.040,1.9799999999999998,14.8586378,2993284.8
1220,22:07:23.207,2.18,14.858733099999998,2993228.4
1221,22:07:23.375,1.8900000000000001,14.8592196,2993293.6
1222,22:07:23.543,2.49,14.858425299999999,2993150.0
1223,22:07:23.710,2.6100000000000003,14.8580896,2992984.8
1224,22:07:23.878,2.7800000000000002,14.8594896,2993396.8
1225,22:07:24.045,2.1900000000000004,14.860516200000003,2993618.8
1226,22:07:24.213,2.04,14.8610602,2993720.4
1227,22:07:24.380,2.97,14.8610224,2993620.4
1228,22:07:24.549,3.22,14.8608914,2993664.8
1229,22:07:24.717,2.6300000000000003,14.860315600000002,2993544.0
1230,22:07:24.885,2.47,14.860335599999999,2993588.0
1231,22:07:25.052,2.6700000000000004,14.8606313,2993590.4
1232,22:07:25.220,2.15,14.860065400000002,2993496.8
1233,22:07:25.388,1.5799999999999996,14.8604109,2993522.0
1234,22:07:25.555,1.8699999999999999,14.859850999999997,2993408.4
1235,22:07:25.726,2.1599999999999997,14.861366100000001,2993754.0
1236,22:07:25.895,1.85,14.8613581,2993753.2
1237,22:07:26.062,2.5000000000000004,14.861318500000001,2993724.0
1238,22:07:26.232,2.7500000000000004,14.8606292,2993669.6
1239,22:07:26.400,3.210000000000001,14.859640500000001,2993412.8
1240,22:07:26.567,1.5799999999999998,14.8596227,2993370.0
1241,22:07:26.737,2.5,14.8592751,2993317.6
1242,22:07:26.905,2.4600000000000004,14.859870699999998,2993412.0
1243,22:07:27.072,2.6,14.860196499999997,2993525.2
1244,22:07:27.240,2.2600000000000002,14.863737,2994246.8
1245,22:07:27.409,3.2299999999999995,14.866076000000001,2994757.6
1246,22:07:27.577,2.7400000000000007,14.865593399999998,2994714.4
1247,22:07:27.745,2.78,14.8660422,2994701.6
1248,22:07:27.914,1.5299999999999998,14.865494100000001,2994546.4
1249,22:07:28.081,1.8700000000000003,14.8656688,2994574.0
1250,22:07:28.250,1.9900000000000002,14.864886500000003,2994472.4
1251,22:07:28.418,1.89,14.8654247,2994654.8
1252,22:07:28.587,2.1599999999999997,14.865805899999998,2994666.8
1253,22:07:28.754,1.86,14.865226100000001,2994580.4
1254,22:07:28.921,1.7,14.8651982,2994530.4
1255,22:07:29.089,2.01,14.8656092,2994598.0
1256,22:07:29.258,2.44,14.866129599999999,2994748.4
1257,22:07:29.426,2.29,14.866773,2994800.8
1258,22:07:29.595,1.56,14.866558500000002,2994830.0
1259,22:07:29.763,2.4299999999999997,14.866262699999996,2994721.6
1260,22:07:29.931,2.6900000000000004,14.8659945,2994691.6
1261,22:07:30.100,2.1700000000000004,14.865706499999998,2994712.8
1262,22:07:30.267,2.1700000000000004,14.8660324,2994711.6
1263,22:07:30.434,1.85,14.865909199999995,2994642.4
1264,22:07:30.602,2.1700000000000004,14.8657126,2994598.8
1265,22:07:30.770,1.8700000000000003,14.866036100000002,2994587.2
1266,22:07:30.938,2.04,14.8655934,2994674.4
1267,22:07:31.105,1.9799999999999998,14.866496900000001,2994771.2
1268,22:07:31.274,2.1900000000000004,14.866745100000003,2994752.0
1269,22:07:31.443,2.32,14.8664413,2994736.8
1270,22:07:31.611,2.02,14.8674083,2994910.4
1271,22:07:31.780,1.7099999999999997,14.866832499999997,2994883.6
1272,22:07:31.947,2.19,14.866709300000002,2994790.8
1273,22:07:32.114,2.4300000000000006,14.867110399999998,2994898.8
1274,22:07:32.284,2.3300000000000005,14.866751000000002,2994832.0
1275,22:07:32.452,2.0300000000000002,14.8672474,2994850.8
1276,22:07:32.620,3.04,14.8669277,2994864.0
1277,22:07:32.788,2.9400000000000004,14.8673112,2994997.6
1278,22:07:32.955,1.86,14.867188100000002,2994946.8
1279,22:07:33.122,1.09,14.8677122,2994977.2
1280,22:07:33.290,2.5700000000000003,14.867461899999999,2994917.6
1281,22:07:33.457,2.3000000000000003,14.866518799999998,2994800.0
1282,22:07:33.624,2.04,14.867213699999999,2994897.6
1283,22:07:33.792,1.9899999999999998,14.867120600000002,2994964.4
1284,22:07:33.960,2.2,14.8673071,2994908.4
1285,22:07:34.128,1.85,14.866750999999999,2994844.4
1286,22:07:34.296,1.56,14.8658696,2994619.6
1287,22:07:34.464,2.49,14.866474999999998,2994736.8
1288,22:07:34.632,1.55,14.8669656,2994866.0
1289,22:07:34.801,2.5000000000000004,14.867692299999998,2994988.4
1290,22:07:34.968,2.3200000000000003,14.867251499999998,2994919.2
1291,22:07:35.136,1.75,14.866500799999997,2994842.0
