1,18:07:05.849,enp0s25,64,128
2,18:07:06.857,enp0s25,0,0
3,18:07:07.864,enp0s25,4371,9288
4,18:07:08.876,enp0s25,61031,1813631
5,18:07:09.886,enp0s25,70,298
6,18:07:10.892,enp0s25,21131,691146
7,18:07:11.903,enp0s25,138296,5221984
8,18:07:12.912,enp0s25,147494,7140672
9,18:07:13.920,enp0s25,147140,6896338
10,18:07:14.928,enp0s25,145690,7040554
11,18:07:15.936,enp0s25,149030,7013224
12,18:07:16.944,enp0s25,149444,7020814
13,18:07:17.952,enp0s25,65870,3202686
14,18:07:18.960,enp0s25,0,0
15,18:07:19.967,enp0s25,0,64
16,18:07:20.977,enp0s25,0,0
17,18:07:21.984,enp0s25,0,64
18,18:07:22.991,enp0s25,0,0
19,18:07:23.998,enp0s25,0,64
20,18:07:25.004,enp0s25,0,0
21,18:07:26.011,enp0s25,0,64
22,18:07:27.018,enp0s25,64,64
23,18:07:28.025,enp0s25,0,64
24,18:07:29.039,enp0s25,0,0
25,18:07:30.048,enp0s25,0,64
26,18:07:31.054,enp0s25,0,107
27,18:07:32.061,enp0s25,0,171
28,18:07:33.068,enp0s25,0,0
29,18:07:34.075,enp0s25,0,64
30,18:07:35.082,enp0s25,0,0
31,18:07:36.089,enp0s25,844,4228
32,18:07:37.096,enp0s25,0,0
33,18:07:38.103,enp0s25,64,128
34,18:07:39.110,enp0s25,0,0
35,18:07:40.117,enp0s25,14225,351787
36,18:07:41.126,enp0s25,133778,6595009
37,18:07:42.134,enp0s25,145928,6678358
38,18:07:43.142,enp0s25,149450,6970656
39,18:07:44.150,enp0s25,148890,6917590
40,18:07:45.159,enp0s25,150490,7140672
41,18:07:46.168,enp0s25,146119,6712901
42,18:07:47.176,enp0s25,125478,5923236
43,18:07:48.183,enp0s25,142478,6797668
44,18:07:49.191,enp0s25,148371,7063318
45,18:07:50.200,enp0s25,135579,6158899
46,18:07:51.216,enp0s25,121100,5694018
47,18:07:52.225,enp0s25,146485,6762754
48,18:07:53.233,enp0s25,66108,2010684
49,18:07:54.241,enp0s25,71708,2274297
50,18:07:55.249,enp0s25,35926,1639440
51,18:07:56.259,enp0s25,37394,1644058
52,18:07:57.271,enp0s25,41394,1754947
53,18:07:58.281,enp0s25,0,64
54,18:07:59.291,enp0s25,0,0
55,18:08:00.297,enp0s25,64,128
56,18:08:01.305,enp0s25,0,0
57,18:08:02.311,enp0s25,0,171
58,18:08:03.319,enp0s25,0,107
59,18:08:04.327,enp0s25,0,64
60,18:08:05.334,enp0s25,0,0
61,18:08:06.341,enp0s25,0,64
62,18:08:07.349,enp0s25,0,0
63,18:08:08.356,enp0s25,0,64
64,18:08:09.363,enp0s25,0,64
65,18:08:10.372,enp0s25,0,0
66,18:08:11.379,enp0s25,64,128
67,18:08:12.387,enp0s25,0,0
68,18:08:13.394,enp0s25,0,64
69,18:08:14.401,enp0s25,0,0
70,18:08:15.408,enp0s25,19801,432914
71,18:08:16.415,enp0s25,37952,1659174
72,18:08:17.423,enp0s25,36400,1603072
73,18:08:18.431,enp0s25,10990,475886
74,18:08:19.438,enp0s25,0,64
75,18:08:20.445,enp0s25,0,0
76,18:08:21.452,enp0s25,0,64
77,18:08:22.459,enp0s25,64,64
78,18:08:23.465,enp0s25,0,64
79,18:08:24.472,enp0s25,0,0
80,18:08:25.479,enp0s25,16353,612556
81,18:08:26.492,enp0s25,1392,43031
82,18:08:27.500,enp0s25,970,20123
83,18:08:28.507,enp0s25,15134,586525
84,18:08:29.517,enp0s25,1842,68727
85,18:08:30.530,enp0s25,3254,116908
86,18:08:31.540,enp0s25,7852,294245
87,18:08:32.555,enp0s25,22766,868350
88,18:08:33.566,enp0s25,27566,1082630
89,18:08:34.577,enp0s25,22650,711532
90,18:08:35.586,enp0s25,30182,1151509
91,18:08:36.597,enp0s25,27024,1000773
92,18:08:37.609,enp0s25,38008,1584697
93,18:08:38.618,enp0s25,2646,44416
94,18:08:39.628,enp0s25,21992,791049
95,18:08:40.638,enp0s25,27234,1079814
96,18:08:41.652,enp0s25,53042,2497462
97,18:08:42.664,enp0s25,10260,330193
98,18:08:43.679,enp0s25,3338,71429
99,18:08:44.693,enp0s25,584,3891
100,18:08:45.704,enp0s25,982,21941
101,18:08:46.722,enp0s25,622,12918
102,18:08:47.736,enp0s25,6058,209457
103,18:08:48.746,enp0s25,53948,2563205
104,18:08:49.755,enp0s25,15736,594368
105,18:08:50.770,enp0s25,0,0
106,18:08:51.785,enp0s25,4702,192728
107,18:08:52.800,enp0s25,11136,461234
108,18:08:53.813,enp0s25,24226,940257
109,18:08:54.820,enp0s25,12168,567721
110,18:08:55.834,enp0s25,6880,235894
111,18:08:56.851,enp0s25,7852,147906
112,18:08:57.861,enp0s25,14226,336434
113,18:08:58.873,enp0s25,6570,193975
114,18:08:59.882,enp0s25,28874,1099770
115,18:09:00.892,enp0s25,22020,699960
116,18:09:01.901,enp0s25,19742,606930
117,18:09:02.913,enp0s25,19246,573289
118,18:09:03.923,enp0s25,33466,1345564
119,18:09:04.932,enp0s25,15420,449376
120,18:09:05.940,enp0s25,17182,511666
121,18:09:06.950,enp0s25,3650,57644
122,18:09:07.964,enp0s25,33408,1367922
123,18:09:08.978,enp0s25,7832,298228
124,18:09:09.991,enp0s25,23398,788134
125,18:09:11.000,enp0s25,10034,267591
126,18:09:12.016,enp0s25,8036,189198
127,18:09:13.028,enp0s25,15278,417899
128,18:09:14.038,enp0s25,47414,2178228
129,18:09:15.047,enp0s25,1722,42915
130,18:09:16.063,enp0s25,8700,242728
131,18:09:17.072,enp0s25,8264,228375
132,18:09:18.084,enp0s25,23586,913120
133,18:09:19.094,enp0s25,6822,108716
134,18:09:20.101,enp0s25,10236,312250
135,18:09:21.121,enp0s25,7156,165577
136,18:09:22.130,enp0s25,1870,22601
137,18:09:23.142,enp0s25,5458,133300
138,18:09:24.154,enp0s25,22332,696960
139,18:09:25.162,enp0s25,12876,250984
140,18:09:26.168,enp0s25,15230,368030
141,18:09:27.179,enp0s25,9826,173422
142,18:09:28.187,enp0s25,22254,715178
143,18:09:29.197,enp0s25,6922,256138
144,18:09:30.208,enp0s25,7238,251043
145,18:09:31.225,enp0s25,3290,49659
146,18:09:32.238,enp0s25,7650,173538
147,18:09:33.253,enp0s25,10364,192527
148,18:09:34.263,enp0s25,8900,120694
149,18:09:35.270,enp0s25,30060,1278768
150,18:09:36.278,enp0s25,2728,22031
151,18:09:37.292,enp0s25,27206,1147837
152,18:09:38.301,enp0s25,8590,366176
153,18:09:39.309,enp0s25,23234,1111220
154,18:09:40.317,enp0s25,39538,1787137
155,18:09:41.328,enp0s25,50266,2323832
156,18:09:42.336,enp0s25,29674,1123698
157,18:09:43.345,enp0s25,5500,120875
158,18:09:44.357,enp0s25,13224,334763
159,18:09:45.369,enp0s25,3028,38345
160,18:09:46.383,enp0s25,15548,387326
161,18:09:47.399,enp0s25,5014,176440
162,18:09:48.412,enp0s25,17452,553109
163,18:09:49.422,enp0s25,20224,676547
164,18:09:50.432,enp0s25,4546,81034
165,18:09:51.448,enp0s25,13390,249394
166,18:09:52.456,enp0s25,12370,203583
167,18:09:53.466,enp0s25,18890,689304
168,18:09:54.475,enp0s25,3276,68849
169,18:09:55.493,enp0s25,9810,258983
170,18:09:56.509,enp0s25,0,0
171,18:09:57.525,enp0s25,31968,1489270
172,18:09:58.540,enp0s25,7672,332946
173,18:09:59.550,enp0s25,20482,1012184
174,18:10:00.558,enp0s25,13852,679207
175,18:10:01.572,enp0s25,55864,2733756
176,18:10:02.583,enp0s25,29000,1083709
177,18:10:03.591,enp0s25,11746,284343
178,18:10:04.601,enp0s25,38380,1628006
179,18:10:05.610,enp0s25,14866,538185
180,18:10:06.623,enp0s25,10456,233237
181,18:10:07.637,enp0s25,16494,408009
182,18:10:08.645,enp0s25,9466,147164
183,18:10:09.662,enp0s25,14340,532530
184,18:10:10.671,enp0s25,11228,356160
185,18:10:11.777,enp0s25,21969,767270
186,18:10:12.786,enp0s25,67958,3270731
187,18:10:13.796,enp0s25,68396,3495653
188,18:10:14.812,enp0s25,6590,135998
189,18:10:15.826,enp0s25,2768,45650
190,18:10:16.834,enp0s25,6120,131427
191,18:10:17.851,enp0s25,5840,151066
192,18:10:18.868,enp0s25,9252,191132
193,18:10:19.881,enp0s25,59998,2898780
194,18:10:20.891,enp0s25,8422,195726
195,18:10:21.899,enp0s25,0,64
196,18:10:22.908,enp0s25,10169,4375
197,18:10:23.917,enp0s25,666,3605
198,18:10:24.924,enp0s25,0,0
199,18:10:25.932,enp0s25,0,64
200,18:10:26.939,enp0s25,0,0
201,18:10:27.946,enp0s25,0,64
202,18:10:28.953,enp0s25,0,0
203,18:10:29.960,enp0s25,0,1036
204,18:10:30.967,enp0s25,0,3206
205,18:10:31.975,enp0s25,0,898
206,18:10:32.982,enp0s25,0,548
207,18:10:33.989,enp0s25,0,1402
208,18:10:34.996,enp0s25,64,64
209,18:10:36.002,enp0s25,0,64
210,18:10:37.009,enp0s25,0,1150
211,18:10:38.019,enp0s25,0,64
212,18:10:39.026,enp0s25,0,0
213,18:10:40.033,enp0s25,0,64
214,18:10:41.040,enp0s25,0,0
215,18:10:42.047,enp0s25,33839,202315
216,18:10:43.054,enp0s25,192728,6118184
217,18:10:44.062,enp0s25,152171,7154825
218,18:10:45.070,enp0s25,68558,1963478
219,18:10:46.077,enp0s25,127631,2959364
220,18:10:47.085,enp0s25,45475,776520
221,18:10:48.092,enp0s25,125968,3356960
222,18:10:49.099,enp0s25,36971,726082
223,18:10:50.106,enp0s25,66399,1216762
224,18:10:51.113,enp0s25,47701,524370
225,18:10:52.120,enp0s25,26935,148528
226,18:10:53.126,enp0s25,61208,782463
227,18:10:54.133,enp0s25,41474,409182
228,18:10:55.140,enp0s25,38507,648236
229,18:10:56.147,enp0s25,76987,1379363
230,18:10:57.153,enp0s25,40286,1002924
231,18:10:58.161,enp0s25,53758,988808
232,18:10:59.168,enp0s25,49622,723595
233,18:11:00.174,enp0s25,45584,809887
234,18:11:01.181,enp0s25,37194,275792
235,18:11:02.188,enp0s25,58909,2295289
236,18:11:03.195,enp0s25,15927,111288
237,18:11:04.207,enp0s25,3837,48959
238,18:11:05.214,enp0s25,26468,71535
239,18:11:06.222,enp0s25,28398,480164
240,18:11:07.229,enp0s25,58771,1060274
241,18:11:08.235,enp0s25,91155,1954244
242,18:11:09.242,enp0s25,43178,904819
243,18:11:10.249,enp0s25,46442,395408
244,18:11:11.256,enp0s25,26520,281285
245,18:11:12.263,enp0s25,47071,394473
246,18:11:13.270,enp0s25,51751,435338
247,18:11:14.278,enp0s25,31501,219316
248,18:11:15.285,enp0s25,44474,674520
249,18:11:16.292,enp0s25,42464,599813
250,18:11:17.298,enp0s25,47039,1475086
251,18:11:18.307,enp0s25,35114,552077
252,18:11:19.322,enp0s25,57198,1109672
253,18:11:20.334,enp0s25,15482,101958
254,18:11:21.348,enp0s25,20003,242217
255,18:11:22.355,enp0s25,64,2279
256,18:11:23.362,enp0s25,0,0
257,18:11:24.369,enp0s25,0,0
258,18:11:25.375,enp0s25,0,64
259,18:11:26.382,enp0s25,0,0
260,18:11:27.389,enp0s25,0,64
261,18:11:28.395,enp0s25,0,0
262,18:11:29.402,enp0s25,49232,1108742
263,18:11:30.409,enp0s25,86120,2579688
264,18:11:31.417,enp0s25,1920,1024
265,18:11:32.423,enp0s25,37612,663358
266,18:11:33.430,enp0s25,9216,277578
267,18:11:34.445,enp0s25,42912,790206
268,18:11:35.459,enp0s25,28874,531160
269,18:11:36.469,enp0s25,24963,274695
270,18:11:37.477,enp0s25,60270,618545
271,18:11:38.484,enp0s25,25055,682551
272,18:11:39.490,enp0s25,2707,3803
273,18:11:40.498,enp0s25,6598,277066
274,18:11:41.506,enp0s25,154484,4526390
275,18:11:42.513,enp0s25,108574,2398312
276,18:11:43.522,enp0s25,140454,3216276
277,18:11:44.536,enp0s25,42096,1613884
278,18:11:45.548,enp0s25,14309,136154
279,18:11:46.557,enp0s25,12409,240485
280,18:11:47.564,enp0s25,124080,2715289
281,18:11:48.571,enp0s25,3276,557709
282,18:11:49.582,enp0s25,0,64
283,18:11:50.590,enp0s25,32276,419031
284,18:11:51.599,enp0s25,65436,1839052
285,18:11:52.613,enp0s25,88984,2068328
286,18:11:53.628,enp0s25,13978,379054
287,18:11:54.641,enp0s25,10902,263847
288,18:11:55.653,enp0s25,13286,276490
289,18:11:56.662,enp0s25,8472,156791
290,18:11:57.677,enp0s25,20538,462543
291,18:11:58.689,enp0s25,18172,544522
292,18:11:59.697,enp0s25,10896,125839
293,18:12:00.704,enp0s25,5378,76011
294,18:12:01.718,enp0s25,42154,968686
295,18:12:02.726,enp0s25,64,64
296,18:12:03.733,enp0s25,108788,1520255
297,18:12:04.740,enp0s25,85267,2077632
298,18:12:05.747,enp0s25,3904,174056
299,18:12:06.754,enp0s25,0,0
300,18:12:07.761,enp0s25,1920,1024
301,18:12:08.768,enp0s25,1614,3404
302,18:12:09.775,enp0s25,0,64
303,18:12:10.782,enp0s25,0,0
304,18:12:11.794,enp0s25,0,64
305,18:12:12.801,enp0s25,0,0
306,18:12:13.808,enp0s25,64,128
307,18:12:14.815,enp0s25,0,0
308,18:12:15.821,enp0s25,0,64
309,18:12:16.829,enp0s25,0,0
310,18:12:17.835,enp0s25,0,64
311,18:12:18.842,enp0s25,0,0
312,18:12:19.849,enp0s25,0,64
313,18:12:20.856,enp0s25,0,0
314,18:12:21.862,enp0s25,0,64
315,18:12:22.869,enp0s25,0,0
316,18:12:23.876,enp0s25,0,64
317,18:12:24.884,enp0s25,64,64
318,18:12:25.891,enp0s25,0,64
319,18:12:26.898,enp0s25,0,0
320,18:12:27.912,enp0s25,0,64
321,18:12:28.919,enp0s25,0,0
322,18:12:29.926,enp0s25,0,64
323,18:12:30.932,enp0s25,0,972
324,18:12:31.939,enp0s25,0,3270
325,18:12:32.946,enp0s25,0,834
326,18:12:33.953,enp0s25,0,612
327,18:12:34.959,enp0s25,0,1338
328,18:12:35.966,enp0s25,64,128
329,18:12:37.157,enp0s25,0,0
330,18:12:38.165,enp0s25,1913,5543
331,18:12:39.171,enp0s25,10266,220698
332,18:12:40.178,enp0s25,16226,209443
333,18:12:41.186,enp0s25,34488,967111
334,18:12:42.193,enp0s25,12731,279629
335,18:12:43.199,enp0s25,0,0
336,18:12:44.206,enp0s25,0,568
337,18:12:45.213,enp0s25,0,0
338,18:12:46.220,enp0s25,0,64
339,18:12:47.227,enp0s25,64,64
340,18:12:48.234,enp0s25,0,64
341,18:12:49.241,enp0s25,0,0
342,18:12:50.248,enp0s25,0,64
343,18:12:51.254,enp0s25,140,235
344,18:12:52.261,enp0s25,3280,29791
345,18:12:53.274,enp0s25,59260,1703544
346,18:12:54.282,enp0s25,78634,3089755
347,18:12:55.289,enp0s25,20524,507139
348,18:12:56.296,enp0s25,0,64
349,18:12:57.303,enp0s25,64,64
350,18:12:58.310,enp0s25,0,64
351,18:12:59.317,enp0s25,0,0
352,18:13:00.324,enp0s25,0,64
353,18:13:01.331,enp0s25,0,0
354,18:13:02.338,enp0s25,0,64
355,18:13:03.346,enp0s25,0,0
356,18:13:04.352,enp0s25,0,64
357,18:13:05.359,enp0s25,0,0
358,18:13:06.366,enp0s25,0,64
359,18:13:07.373,enp0s25,40764,1370335
360,18:13:08.381,enp0s25,64,64
361,18:13:09.388,enp0s25,0,64
362,18:13:10.395,enp0s25,0,0
363,18:13:11.401,enp0s25,0,568
364,18:13:12.408,enp0s25,0,394
365,18:13:13.414,enp0s25,114,612
366,18:13:14.421,enp0s25,398,2470
367,18:13:15.434,enp0s25,100626,4330130
368,18:13:16.444,enp0s25,40448,2065827
369,18:13:17.455,enp0s25,0,64
370,18:13:18.463,enp0s25,0,1338
371,18:13:19.472,enp0s25,64,128
372,18:13:20.479,enp0s25,13431,326752
373,18:13:21.485,enp0s25,0,458
374,18:13:22.492,enp0s25,0,0
375,18:13:23.499,enp0s25,0,64
376,18:13:24.506,enp0s25,0,0
377,18:13:25.513,enp0s25,0,64
378,18:13:26.520,enp0s25,0,0
379,18:13:27.527,enp0s25,0,64
380,18:13:28.533,enp0s25,2330,6997
381,18:13:29.540,enp0s25,19600,287640
382,18:13:30.547,enp0s25,17463,282827
383,18:13:31.553,enp0s25,16875,501490
384,18:13:32.560,enp0s25,16271,176597
385,18:13:33.567,enp0s25,102843,2628085
386,18:13:34.574,enp0s25,113575,3925502
387,18:13:35.581,enp0s25,54732,1576696
388,18:13:36.588,enp0s25,55622,1221717
389,18:13:37.595,enp0s25,7198,211169
390,18:13:38.601,enp0s25,2850,5423
391,18:13:39.608,enp0s25,19522,176368
392,18:13:40.617,enp0s25,60392,1478513
393,18:13:41.626,enp0s25,2627,5607
394,18:13:42.634,enp0s25,6380,89044
395,18:13:43.642,enp0s25,14789,211741
396,18:13:44.652,enp0s25,23695,709140
397,18:13:45.660,enp0s25,35050,1094026
398,18:13:46.667,enp0s25,59310,2225150
399,18:13:47.674,enp0s25,112490,4573287
400,18:13:48.681,enp0s25,9654,218181
401,18:13:49.688,enp0s25,133949,5317094
402,18:13:50.699,enp0s25,7691,187410
403,18:13:51.706,enp0s25,10037,264993
404,18:13:52.714,enp0s25,64,64
405,18:13:53.721,enp0s25,0,64
406,18:13:54.727,enp0s25,0,0
407,18:13:55.734,enp0s25,0,64
408,18:13:56.740,enp0s25,0,0
409,18:13:57.747,enp0s25,0,64
410,18:13:58.753,enp0s25,420,475
411,18:13:59.760,enp0s25,0,64
412,18:14:00.767,enp0s25,0,0
413,18:14:01.774,enp0s25,248,315
414,18:14:02.787,enp0s25,10073,154437
415,18:14:03.796,enp0s25,52345,1623622
416,18:14:04.803,enp0s25,0,0
417,18:14:05.810,enp0s25,84287,4091460
418,18:14:06.825,enp0s25,136734,6623104
419,18:14:07.835,enp0s25,120246,6349858
420,18:14:08.843,enp0s25,152250,7164960
421,18:14:09.850,enp0s25,147650,7162058
422,18:14:10.857,enp0s25,150500,7161924
423,18:14:11.864,enp0s25,117670,5639076
424,18:14:12.871,enp0s25,0,0
425,18:14:13.878,enp0s25,0,64
426,18:14:14.884,enp0s25,64,64
427,18:14:15.891,enp0s25,0,64
428,18:14:16.897,enp0s25,0,0
429,18:14:17.904,enp0s25,0,64
430,18:14:18.910,enp0s25,0,0
431,18:14:19.918,enp0s25,0,64
432,18:14:20.930,enp0s25,0,0
433,18:14:21.937,enp0s25,0,64
434,18:14:22.948,enp0s25,0,0
435,18:14:23.954,enp0s25,0,64
436,18:14:24.961,enp0s25,0,0
437,18:14:25.977,enp0s25,64,128
438,18:14:26.993,enp0s25,0,0
439,18:14:28.002,enp0s25,0,64
440,18:14:29.008,enp0s25,0,0
441,18:14:30.016,enp0s25,182,229
442,18:14:31.026,enp0s25,592,3999
443,18:14:32.034,enp0s25,0,64
444,18:14:33.041,enp0s25,0,0
445,18:14:34.048,enp0s25,922,776
446,18:14:35.064,enp0s25,118248,5123604
447,18:14:36.079,enp0s25,144950,6738466
448,18:14:37.090,enp0s25,153994,7165024
449,18:14:38.099,enp0s25,153720,7166542
450,18:14:39.107,enp0s25,150770,7164960
451,18:14:40.115,enp0s25,147589,6800144
452,18:14:41.123,enp0s25,154140,7163442
453,18:14:42.132,enp0s25,154000,7166542
454,18:14:43.140,enp0s25,150986,7001849
455,18:14:44.148,enp0s25,155951,7119030
456,18:14:45.156,enp0s25,103950,5056458
457,18:14:46.164,enp0s25,149215,6801135
458,18:14:47.172,enp0s25,86654,2580275
459,18:14:48.182,enp0s25,105752,4273611
460,18:14:49.193,enp0s25,38969,1753639
461,18:14:50.203,enp0s25,0,64
462,18:14:51.213,enp0s25,0,0
463,18:14:52.220,enp0s25,0,64
464,18:14:53.227,enp0s25,0,0
465,18:14:54.234,enp0s25,0,1916
466,18:14:55.241,enp0s25,0,2326
467,18:14:56.247,enp0s25,0,898
468,18:14:57.255,enp0s25,0,548
469,18:14:58.262,enp0s25,0,1402
470,18:14:59.270,enp0s25,64,64
471,18:15:00.277,enp0s25,0,64
472,18:15:01.285,enp0s25,0,1150
473,18:15:02.293,enp0s25,0,64
474,18:15:03.301,enp0s25,0,394
475,18:15:04.309,enp0s25,0,64
476,18:15:05.317,enp0s25,0,0
477,18:15:06.324,enp0s25,0,64
478,18:15:07.331,enp0s25,82463,2278738
479,18:15:08.339,enp0s25,38602,1881618
480,18:15:09.346,enp0s25,0,0
481,18:15:10.356,enp0s25,64,128
482,18:15:11.366,enp0s25,0,64
483,18:15:12.373,enp0s25,0,0
484,18:15:13.380,enp0s25,0,64
485,18:15:14.387,enp0s25,0,0
486,18:15:15.395,enp0s25,19281,678913
487,18:15:16.470,enp0s25,1674,60495
488,18:15:17.485,enp0s25,6440,250084
489,18:15:18.498,enp0s25,26204,957407
490,18:15:19.513,enp0s25,26564,1048139
491,18:15:20.523,enp0s25,25372,920766
492,18:15:21.586,enp0s25,25610,887418
493,18:15:22.594,enp0s25,28792,1097647
494,18:15:23.606,enp0s25,27574,1029464
495,18:15:24.619,enp0s25,32542,1371611
496,18:15:25.633,enp0s25,23152,791414
497,18:15:26.641,enp0s25,8200,246639
498,18:15:27.656,enp0s25,19290,833180
499,18:15:28.666,enp0s25,53646,2560765
500,18:15:29.673,enp0s25,14430,440775
501,18:15:30.683,enp0s25,0,0
502,18:15:31.698,enp0s25,15230,602393
503,18:15:32.706,enp0s25,50800,2317690
504,18:15:33.714,enp0s25,32220,1261864
505,18:15:34.721,enp0s25,22102,833854
506,18:15:35.730,enp0s25,20146,780958
507,18:15:36.738,enp0s25,6416,133544
508,18:15:37.746,enp0s25,11044,224312
509,18:15:38.754,enp0s25,4690,123163
510,18:15:39.766,enp0s25,20056,731803
511,18:15:40.776,enp0s25,18536,742502
512,18:15:41.785,enp0s25,18894,566480
513,18:15:42.796,enp0s25,16012,554605
514,18:15:43.811,enp0s25,6534,98062
515,18:15:44.820,enp0s25,8990,361943
516,18:15:45.826,enp0s25,25914,1064685
517,18:15:46.834,enp0s25,22570,744540
518,18:15:47.845,enp0s25,4080,94836
519,18:15:48.856,enp0s25,16418,529268
520,18:15:49.870,enp0s25,29108,1167017
521,18:15:50.877,enp0s25,8294,269846
522,18:15:51.896,enp0s25,11622,418890
523,18:15:52.911,enp0s25,11526,362339
524,18:15:53.923,enp0s25,6594,269277
525,18:15:54.937,enp0s25,6012,159013
526,18:15:55.946,enp0s25,4086,109187
527,18:15:56.956,enp0s25,9386,201403
528,18:15:57.972,enp0s25,3618,110970
529,18:15:58.987,enp0s25,5292,174143
530,18:16:00.002,enp0s25,14568,519683
531,18:16:01.011,enp0s25,43704,1929317
532,18:16:02.021,enp0s25,2592,36506
533,18:16:03.030,enp0s25,14804,429934
534,18:16:04.044,enp0s25,8404,316630
535,18:16:05.054,enp0s25,23638,811950
536,18:16:06.073,enp0s25,1802,44027
537,18:16:07.088,enp0s25,5750,138389
538,18:16:08.103,enp0s25,3458,56023
539,18:16:09.115,enp0s25,3996,104425
540,18:16:10.130,enp0s25,3908,80053
541,18:16:11.138,enp0s25,5510,154573
542,18:16:12.149,enp0s25,15068,493581
543,18:16:13.165,enp0s25,738,12794
544,18:16:14.181,enp0s25,9514,183268
545,18:16:15.189,enp0s25,10950,326016
546,18:16:16.199,enp0s25,6054,110548
547,18:16:17.212,enp0s25,2940,34641
548,18:16:18.221,enp0s25,4570,108048
549,18:16:19.229,enp0s25,14068,359744
550,18:16:20.242,enp0s25,602,6545
551,18:16:21.250,enp0s25,7730,413668
552,18:16:22.258,enp0s25,13780,475856
553,18:16:23.273,enp0s25,3468,54501
554,18:16:24.286,enp0s25,3862,103831
555,18:16:25.294,enp0s25,1998,28388
556,18:16:26.306,enp0s25,4936,109274
557,18:16:27.321,enp0s25,2588,35406
558,18:16:28.334,enp0s25,1664,34952
559,18:16:29.343,enp0s25,3102,62810
560,18:16:30.353,enp0s25,10424,130460
561,18:16:31.364,enp0s25,5134,165572
562,18:16:32.377,enp0s25,23462,1088465
563,18:16:33.388,enp0s25,20320,725960
564,18:16:34.400,enp0s25,9168,444039
565,18:16:35.415,enp0s25,11982,535627
566,18:16:36.427,enp0s25,19404,922794
567,18:16:37.439,enp0s25,8276,401799
568,18:16:38.448,enp0s25,20744,945168
569,18:16:39.463,enp0s25,16178,674504
570,18:16:40.472,enp0s25,11150,528564
571,18:16:41.484,enp0s25,10896,508581
572,18:16:42.493,enp0s25,9292,487964
573,18:16:43.501,enp0s25,11090,532006
574,18:16:44.507,enp0s25,11646,519419
575,18:16:45.520,enp0s25,21146,684784
576,18:16:46.531,enp0s25,5466,156326
577,18:16:47.543,enp0s25,4858,125445
578,18:16:48.557,enp0s25,11826,224177
579,18:16:49.570,enp0s25,11192,315266
580,18:16:50.585,enp0s25,8248,224975
581,18:16:51.600,enp0s25,8624,240707
582,18:16:52.609,enp0s25,7066,263895
583,18:16:53.617,enp0s25,7596,271517
584,18:16:54.627,enp0s25,7524,279626
585,18:16:55.638,enp0s25,8872,192881
586,18:16:56.648,enp0s25,5898,91822
587,18:16:57.657,enp0s25,13740,268333
588,18:16:58.668,enp0s25,2722,22987
589,18:16:59.676,enp0s25,21184,678419
590,18:17:00.685,enp0s25,7092,166668
591,18:17:01.699,enp0s25,9790,262067
592,18:17:02.707,enp0s25,3230,44875
593,18:17:03.717,enp0s25,29966,1458892
594,18:17:04.733,enp0s25,40762,1979338
595,18:17:05.743,enp0s25,14698,695448
596,18:17:06.751,enp0s25,57550,2792744
597,18:17:07.759,enp0s25,16842,465489
598,18:17:08.766,enp0s25,6666,201046
599,18:17:09.779,enp0s25,10272,235124
600,18:17:10.790,enp0s25,44560,1974499
601,18:17:11.799,enp0s25,13890,321785
602,18:17:12.811,enp0s25,16498,399325
603,18:17:13.821,enp0s25,4588,85792
604,18:17:14.836,enp0s25,2058,33407
605,18:17:15.845,enp0s25,24190,853795
606,18:17:16.853,enp0s25,17357,517210
607,18:17:17.866,enp0s25,44342,1999988
608,18:17:18.874,enp0s25,102104,5162861
609,18:17:19.884,enp0s25,10574,153598
610,18:17:20.897,enp0s25,3916,108025
611,18:17:21.905,enp0s25,11042,234066
612,18:17:22.918,enp0s25,974,4020
613,18:17:23.932,enp0s25,39836,1995856
614,18:17:24.941,enp0s25,26944,1054870
615,18:17:25.950,enp0s25,3302,73400
616,18:17:26.957,enp0s25,0,0
617,18:17:27.964,enp0s25,10169,4695
618,18:17:28.970,enp0s25,602,3541
619,18:17:29.981,enp0s25,0,64
620,18:17:30.988,enp0s25,0,0
621,18:17:31.994,enp0s25,0,64
622,18:17:33.001,enp0s25,64,64
623,18:17:34.008,enp0s25,0,64
624,18:17:35.014,enp0s25,0,0
625,18:17:36.021,enp0s25,0,64
626,18:17:37.027,enp0s25,0,0
627,18:17:38.034,enp0s25,0,64
628,18:17:39.041,enp0s25,0,0
629,18:17:40.048,enp0s25,0,64
630,18:17:41.054,enp0s25,0,0
631,18:17:42.061,enp0s25,0,64
632,18:17:43.069,enp0s25,0,0
633,18:17:44.077,enp0s25,64,128
634,18:17:45.088,enp0s25,0,0
635,18:17:46.095,enp0s25,0,64
636,18:17:47.102,enp0s25,101333,1569359
637,18:17:48.109,enp0s25,159030,6721185
638,18:17:49.116,enp0s25,119325,6639589
639,18:17:50.124,enp0s25,56779,954510
640,18:17:51.131,enp0s25,132031,2950838
641,18:17:52.138,enp0s25,40182,457905
642,18:17:53.145,enp0s25,105704,3772757
643,18:17:54.151,enp0s25,51752,772736
644,18:17:55.158,enp0s25,44567,912556
645,18:17:56.164,enp0s25,45669,389436
646,18:17:57.171,enp0s25,45912,639830
647,18:17:58.178,enp0s25,38367,367703
648,18:17:59.185,enp0s25,54802,827911
649,18:18:00.192,enp0s25,28928,325023
650,18:18:01.199,enp0s25,85362,1973231
651,18:18:02.206,enp0s25,43031,682944
652,18:18:03.212,enp0s25,37271,698975
653,18:18:04.220,enp0s25,63006,1098626
654,18:18:05.227,enp0s25,27843,248799
655,18:18:06.233,enp0s25,26091,1439549
656,18:18:07.240,enp0s25,32308,997089
657,18:18:08.247,enp0s25,20309,128842
658,18:18:09.254,enp0s25,12732,57324
659,18:18:10.261,enp0s25,30806,128607
660,18:18:11.269,enp0s25,52042,871753
661,18:18:12.281,enp0s25,89823,2373792
662,18:18:13.288,enp0s25,45205,624366
663,18:18:14.295,enp0s25,57729,769671
664,18:18:15.302,enp0s25,54889,473891
665,18:18:16.308,enp0s25,34372,321959
666,18:18:17.315,enp0s25,26515,222574
667,18:18:18.322,enp0s25,37699,304263
668,18:18:19.329,enp0s25,33667,261410
669,18:18:20.336,enp0s25,50022,706636
670,18:18:21.343,enp0s25,51434,1593745
671,18:18:22.350,enp0s25,37085,707705
672,18:18:23.357,enp0s25,33573,526637
673,18:18:24.365,enp0s25,61931,905147
674,18:18:25.375,enp0s25,5645,19636
675,18:18:26.382,enp0s25,2176,103537
676,18:18:27.390,enp0s25,0,64
677,18:18:28.397,enp0s25,64,64
678,18:18:29.403,enp0s25,0,64
679,18:18:30.410,enp0s25,0,0
680,18:18:31.417,enp0s25,0,64
681,18:18:32.424,enp0s25,0,0
682,18:18:33.430,enp0s25,3424,11448
683,18:18:34.442,enp0s25,122302,3714822
684,18:18:35.451,enp0s25,0,64
685,18:18:36.459,enp0s25,9130,180792
686,18:18:37.467,enp0s25,98020,1791138
687,18:18:38.474,enp0s25,27036,510364
688,18:18:39.480,enp0s25,35197,212206
689,18:18:40.487,enp0s25,54367,1171587
690,18:18:41.493,enp0s25,1920,1024
691,18:18:42.500,enp0s25,1363,3222
692,18:18:43.512,enp0s25,81138,2653485
693,18:18:44.524,enp0s25,80662,2013577
694,18:18:45.532,enp0s25,7370,159193
695,18:18:46.540,enp0s25,74392,1638049
696,18:18:47.548,enp0s25,162640,3548446
697,18:18:48.555,enp0s25,1616,7563
698,18:18:49.568,enp0s25,48162,1958268
699,18:18:50.578,enp0s25,4848,84748
700,18:18:51.592,enp0s25,25842,375960
701,18:18:52.601,enp0s25,104546,1834243
702,18:18:53.608,enp0s25,43242,1451717
703,18:18:54.615,enp0s25,0,0
704,18:18:55.622,enp0s25,1920,1024
705,18:18:56.628,enp0s25,96523,2133049
706,18:18:57.635,enp0s25,52334,973020
707,18:18:58.644,enp0s25,33328,1358224
708,18:18:59.656,enp0s25,21140,484678
709,18:19:00.673,enp0s25,13090,245926
710,18:19:01.681,enp0s25,34602,682319
711,18:19:02.688,enp0s25,35222,714150
712,18:19:03.698,enp0s25,9999,106225
713,18:19:04.706,enp0s25,38997,867127
714,18:19:05.714,enp0s25,54763,682910
715,18:19:06.721,enp0s25,115617,2132191
716,18:19:07.728,enp0s25,32608,924379
717,18:19:08.735,enp0s25,0,0
718,18:19:09.741,enp0s25,0,64
719,18:19:10.748,enp0s25,3534,4364
720,18:19:11.755,enp0s25,64,632
721,18:19:12.762,enp0s25,0,394
722,18:19:13.769,enp0s25,0,64
723,18:19:14.776,enp0s25,0,0
724,18:19:15.783,enp0s25,0,64
725,18:19:16.790,enp0s25,0,0
726,18:19:17.798,enp0s25,0,64
727,18:19:18.808,enp0s25,0,0
728,18:19:19.814,enp0s25,0,64
729,18:19:20.821,enp0s25,0,0
730,18:19:21.828,enp0s25,0,64
731,18:19:22.835,enp0s25,64,64
732,18:19:23.842,enp0s25,0,64
733,18:19:24.848,enp0s25,0,0
734,18:19:25.855,enp0s25,0,64
735,18:19:26.861,enp0s25,0,0
736,18:19:27.868,enp0s25,0,64
737,18:19:28.875,enp0s25,0,0
738,18:19:29.882,enp0s25,0,64
739,18:19:30.889,enp0s25,0,0
740,18:19:31.896,enp0s25,0,64
741,18:19:32.903,enp0s25,0,0
742,18:19:33.910,enp0s25,64,128
743,18:19:34.917,enp0s25,0,0
744,18:19:35.930,enp0s25,0,64
745,18:19:36.938,enp0s25,0,0
746,18:19:37.945,enp0s25,0,64
747,18:19:38.952,enp0s25,0,0
748,18:19:39.959,enp0s25,0,64
749,18:19:40.966,enp0s25,10059,220993
750,18:19:41.973,enp0s25,4272,8387
751,18:19:42.980,enp0s25,24032,465266
752,18:19:43.987,enp0s25,37531,991040
753,18:19:44.994,enp0s25,1644,5371
754,18:19:46.001,enp0s25,0,64
755,18:19:47.008,enp0s25,0,0
756,18:19:48.014,enp0s25,0,64
757,18:19:49.022,enp0s25,0,0
758,18:19:50.030,enp0s25,0,612
759,18:19:51.038,enp0s25,0,2292
760,18:19:52.049,enp0s25,0,1402
761,18:19:53.056,enp0s25,140,1553
762,18:19:54.063,enp0s25,1526,1063
763,18:19:55.070,enp0s25,56674,1540525
764,18:19:56.077,enp0s25,76388,2982041
765,18:19:57.085,enp0s25,26124,778493
766,18:19:58.092,enp0s25,0,64
767,18:19:59.098,enp0s25,0,0
768,18:20:00.106,enp0s25,0,64
769,18:20:01.113,enp0s25,0,0
770,18:20:02.119,enp0s25,0,64
771,18:20:03.127,enp0s25,0,0
772,18:20:04.133,enp0s25,0,568
773,18:20:05.146,enp0s25,0,0
774,18:20:06.153,enp0s25,0,64
775,18:20:07.161,enp0s25,64,64
776,18:20:08.168,enp0s25,0,64
777,18:20:09.174,enp0s25,43037,1370454
778,18:20:10.182,enp0s25,0,64
779,18:20:11.189,enp0s25,0,0
780,18:20:12.196,enp0s25,0,64
781,18:20:13.203,enp0s25,0,0
782,18:20:14.210,enp0s25,0,64
783,18:20:15.216,enp0s25,0,0
784,18:20:16.223,enp0s25,1470,15996
785,18:20:17.231,enp0s25,153554,6166174
786,18:20:18.241,enp0s25,4352,215649
787,18:20:19.247,enp0s25,0,0
788,18:20:20.254,enp0s25,0,64
789,18:20:21.260,enp0s25,0,0
790,18:20:22.267,enp0s25,8181,180941
791,18:20:23.281,enp0s25,4320,145635
792,18:20:24.290,enp0s25,0,64
793,18:20:25.297,enp0s25,0,0
794,18:20:26.303,enp0s25,0,64
795,18:20:27.310,enp0s25,0,0
796,18:20:28.317,enp0s25,0,64
797,18:20:29.324,enp0s25,64,64
798,18:20:30.330,enp0s25,2260,7565
799,18:20:31.337,enp0s25,19291,272973
800,18:20:32.347,enp0s25,17708,297360
801,18:20:33.354,enp0s25,17785,501426
802,18:20:34.361,enp0s25,14591,172725
803,18:20:35.368,enp0s25,112877,2751098
804,18:20:36.375,enp0s25,127783,3650866
805,18:20:37.383,enp0s25,66940,2035736
806,18:20:38.390,enp0s25,26471,766101
807,18:20:39.397,enp0s25,8151,104295
808,18:20:40.404,enp0s25,62524,1545509
809,18:20:41.411,enp0s25,8430,69869
810,18:20:42.420,enp0s25,18765,261511
811,18:20:43.427,enp0s25,2493,5543
812,18:20:44.438,enp0s25,3466,51678
813,18:20:45.446,enp0s25,12812,173170
814,18:20:46.456,enp0s25,25667,725179
815,18:20:47.468,enp0s25,36919,1106095
816,18:20:48.479,enp0s25,15070,440620
817,18:20:49.488,enp0s25,159690,6183878
818,18:20:50.496,enp0s25,4578,159413
819,18:20:51.507,enp0s25,93650,3566872
820,18:20:52.517,enp0s25,51757,2041960
821,18:20:53.526,enp0s25,14050,353278
822,18:20:54.534,enp0s25,0,0
823,18:20:55.540,enp0s25,0,64
824,18:20:56.547,enp0s25,0,0
825,18:20:57.553,enp0s25,0,64
826,18:20:58.560,enp0s25,0,0
827,18:20:59.567,enp0s25,0,64
828,18:21:00.573,enp0s25,140,0
829,18:21:01.581,enp0s25,280,539
830,18:21:02.588,enp0s25,64,64
831,18:21:03.595,enp0s25,0,64
832,18:21:04.603,enp0s25,2676,4833
833,18:21:05.622,enp0s25,30675,919525
834,18:21:06.629,enp0s25,26661,901719
835,18:21:07.636,enp0s25,0,64
836,18:21:08.643,enp0s25,61047,2558286
837,18:21:09.654,enp0s25,157718,7169578
838,18:21:10.663,enp0s25,153300,7163442
839,18:21:11.684,enp0s25,152320,7163506
840,18:21:12.691,enp0s25,147090,7151298
841,18:21:13.699,enp0s25,152104,7152944
842,18:21:14.707,enp0s25,119840,5754380
843,18:21:15.715,enp0s25,0,64
844,18:21:16.722,enp0s25,0,0
845,18:21:17.730,enp0s25,0,64
846,18:21:18.740,enp0s25,0,0
847,18:21:19.749,enp0s25,0,64
848,18:21:20.756,enp0s25,0,0
849,18:21:21.763,enp0s25,0,64
850,18:21:22.770,enp0s25,0,0
851,18:21:23.777,enp0s25,1971,6544
852,18:21:24.783,enp0s25,0,0
853,18:21:25.790,enp0s25,0,64
854,18:21:26.799,enp0s25,0,0
855,18:21:27.809,enp0s25,0,64
856,18:21:28.826,enp0s25,0,0
857,18:21:29.835,enp0s25,0,64
858,18:21:30.842,enp0s25,0,0
859,18:21:31.849,enp0s25,494,307
860,18:21:32.863,enp0s25,2026,6230
861,18:21:33.872,enp0s25,48444,1790455
862,18:21:34.879,enp0s25,45053,6223337
863,18:21:35.886,enp0s25,1981,627333
864,18:21:36.893,enp0s25,23767,547019
865,18:21:37.904,enp0s25,130957,5940698
866,18:21:38.921,enp0s25,141528,5965296
867,18:21:39.930,enp0s25,150850,7119484
868,18:21:40.938,enp0s25,141750,6685272
869,18:21:41.946,enp0s25,130320,5856508
870,18:21:42.955,enp0s25,92458,4337779
871,18:21:43.962,enp0s25,105763,5044378
872,18:21:44.972,enp0s25,108714,5064118
873,18:21:45.981,enp0s25,124246,6350258
874,18:21:46.988,enp0s25,135912,6589638
875,18:21:48.003,enp0s25,110211,5009291
876,18:21:49.013,enp0s25,75484,3759816
877,18:21:50.019,enp0s25,117088,6424396
878,18:21:51.027,enp0s25,127429,5802127
879,18:21:52.035,enp0s25,18089,394625
880,18:21:53.048,enp0s25,46164,1333109
881,18:21:54.055,enp0s25,31972,966511
882,18:21:55.062,enp0s25,56528,2127113
883,18:21:56.069,enp0s25,109544,3742283
884,18:21:57.076,enp0s25,64,1476
885,18:21:58.084,enp0s25,0,2830
886,18:21:59.092,enp0s25,0,834
887,18:22:00.100,enp0s25,0,612
888,18:22:01.114,enp0s25,0,1338
889,18:22:02.122,enp0s25,0,64
890,18:22:03.130,enp0s25,0,0
891,18:22:04.138,enp0s25,61682,1841427
892,18:22:05.152,enp0s25,75529,3476599
893,18:22:06.159,enp0s25,0,64
894,18:22:07.166,enp0s25,0,0
895,18:22:08.174,enp0s25,64,522
896,18:22:09.180,enp0s25,0,0
897,18:22:10.187,enp0s25,0,64
898,18:22:11.196,enp0s25,0,0
899,18:22:12.202,enp0s25,0,64
900,18:22:13.212,enp0s25,0,0
901,18:22:14.219,enp0s25,0,64
902,18:22:15.225,enp0s25,84783,2359192
903,18:22:16.237,enp0s25,51842,1784466
904,18:22:17.246,enp0s25,0,0
905,18:22:18.252,enp0s25,0,64
906,18:22:19.259,enp0s25,64,1476
907,18:22:20.266,enp0s25,0,2830
908,18:22:21.273,enp0s25,0,1228
909,18:22:22.280,enp0s25,0,64
910,18:22:23.287,enp0s25,18193,678554
911,18:22:24.294,enp0s25,1802,61624
912,18:22:25.307,enp0s25,17416,677650
913,18:22:26.317,enp0s25,22314,782395
914,18:22:27.327,enp0s25,28580,1196221
915,18:22:28.339,enp0s25,22294,748084
916,18:22:29.351,enp0s25,28726,1066994
917,18:22:30.360,enp0s25,25594,960397
918,18:22:31.376,enp0s25,2572,108150
919,18:22:32.392,enp0s25,13814,480472
920,18:22:33.403,enp0s25,36150,1510849
921,18:22:34.411,enp0s25,17748,599234
922,18:22:35.418,enp0s25,24080,923950
923,18:22:36.426,enp0s25,35940,1646498
924,18:22:37.436,enp0s25,38786,1679129
925,18:22:38.446,enp0s25,42948,1988697
926,18:22:39.460,enp0s25,3494,109893
927,18:22:40.472,enp0s25,10204,503861
928,18:22:41.482,enp0s25,1110,37920
929,18:22:42.496,enp0s25,13442,545489
930,18:22:43.504,enp0s25,28546,1219819
931,18:22:44.513,enp0s25,29020,1150789
932,18:22:45.524,enp0s25,6674,216823
933,18:22:46.532,enp0s25,4570,84742
934,18:22:47.545,enp0s25,9704,186778
935,18:22:48.556,enp0s25,14740,388825
936,18:22:49.565,enp0s25,14364,555816
937,18:22:50.573,enp0s25,19498,706756
938,18:22:51.585,enp0s25,8452,308577
939,18:22:52.595,enp0s25,12892,315323
940,18:22:53.603,enp0s25,9500,336211
941,18:22:54.616,enp0s25,7038,221448
942,18:22:55.629,enp0s25,13332,379994
943,18:22:56.638,enp0s25,14900,422469
944,18:22:57.647,enp0s25,34180,1401941
945,18:22:58.656,enp0s25,3580,84645
946,18:22:59.671,enp0s25,10784,273529
947,18:23:00.688,enp0s25,4712,215797
948,18:23:01.703,enp0s25,15940,480370
949,18:23:02.714,enp0s25,26190,981112
950,18:23:03.722,enp0s25,7654,308373
951,18:23:04.737,enp0s25,7544,239057
952,18:23:05.748,enp0s25,6348,214237
953,18:23:06.761,enp0s25,17066,543605
954,18:23:07.772,enp0s25,14628,331299
955,18:23:08.781,enp0s25,43464,1962844
956,18:23:09.790,enp0s25,6540,252938
957,18:23:10.809,enp0s25,11122,364084
958,18:23:11.818,enp0s25,13690,357114
959,18:23:12.831,enp0s25,2740,84981
960,18:23:13.842,enp0s25,1870,20753
961,18:23:14.858,enp0s25,20682,809007
962,18:23:15.867,enp0s25,18902,517592
963,18:23:16.874,enp0s25,11812,281962
964,18:23:17.882,enp0s25,18878,579642
965,18:23:18.897,enp0s25,5140,120380
966,18:23:19.906,enp0s25,1740,19465
967,18:23:20.913,enp0s25,10820,287989
968,18:23:21.926,enp0s25,7074,124965
969,18:23:22.940,enp0s25,4122,68380
970,18:23:23.951,enp0s25,1402,23431
971,18:23:24.962,enp0s25,1792,23609
972,18:23:25.973,enp0s25,13136,329437
973,18:23:26.982,enp0s25,2728,60726
974,18:23:27.991,enp0s25,19612,702907
975,18:23:28.999,enp0s25,8924,282151
976,18:23:30.011,enp0s25,10192,210228
977,18:23:31.029,enp0s25,3160,70023
978,18:23:32.041,enp0s25,3348,57514
979,18:23:33.050,enp0s25,3616,62622
980,18:23:34.065,enp0s25,10962,133132
981,18:23:35.075,enp0s25,37894,1625115
982,18:23:36.082,enp0s25,24080,1053469
983,18:23:37.092,enp0s25,54876,2551460
984,18:23:38.103,enp0s25,40606,1808401
985,18:23:39.115,enp0s25,44652,1999901
986,18:23:40.129,enp0s25,11668,243929
987,18:23:41.146,enp0s25,5172,140515
988,18:23:42.162,enp0s25,3486,85390
989,18:23:43.178,enp0s25,3878,54816
990,18:23:44.185,enp0s25,10652,232951
991,18:23:45.198,enp0s25,6368,175980
992,18:23:46.215,enp0s25,16808,465485
993,18:23:47.228,enp0s25,23744,849648
994,18:23:48.239,enp0s25,12826,242786
995,18:23:49.250,enp0s25,9952,194074
996,18:23:50.260,enp0s25,10114,162424
997,18:23:51.273,enp0s25,21646,709621
998,18:23:52.286,enp0s25,12894,327570
999,18:23:53.301,enp0s25,3980,81843
1000,18:23:54.310,enp0s25,29354,1449693
1001,18:23:55.324,enp0s25,41152,2018908
1002,18:23:56.339,enp0s25,25934,1256924
1003,18:23:57.348,enp0s25,46046,2165241
1004,18:23:58.358,enp0s25,7758,249968
1005,18:23:59.368,enp0s25,15606,416873
1006,18:24:00.380,enp0s25,16408,518633
1007,18:24:01.389,enp0s25,36938,1638383
1008,18:24:02.396,enp0s25,15582,381988
1009,18:24:03.404,enp0s25,9032,323505
1010,18:24:04.412,enp0s25,8570,148173
1011,18:24:05.419,enp0s25,23442,810031
1012,18:24:06.428,enp0s25,12645,200361
1013,18:24:07.439,enp0s25,24854,1020746
1014,18:24:08.449,enp0s25,118112,6014008
1015,18:24:09.456,enp0s25,18362,621064
1016,18:24:10.467,enp0s25,7212,134130
1017,18:24:11.483,enp0s25,9964,217072
1018,18:24:12.491,enp0s25,51528,2409214
1019,18:24:13.501,enp0s25,16620,660554
1020,18:24:14.510,enp0s25,8024,195656
1021,18:24:15.518,enp0s25,0,64
1022,18:24:16.525,enp0s25,10355,4439
1023,18:24:17.532,enp0s25,666,3634
1024,18:24:18.539,enp0s25,0,0
1025,18:24:19.546,enp0s25,0,64
1026,18:24:20.552,enp0s25,64,64
1027,18:24:21.559,enp0s25,0,64
1028,18:24:22.566,enp0s25,0,0
1029,18:24:23.573,enp0s25,0,64
1030,18:24:24.580,enp0s25,0,0
1031,18:24:25.586,enp0s25,0,64
1032,18:24:26.594,enp0s25,0,0
1033,18:24:27.601,enp0s25,0,64
1034,18:24:28.608,enp0s25,0,0
1035,18:24:29.616,enp0s25,0,64
1036,18:24:30.623,enp0s25,0,0
1037,18:24:31.629,enp0s25,64,128
1038,18:24:32.636,enp0s25,0,0
1039,18:24:33.643,enp0s25,0,64
1040,18:24:34.649,enp0s25,0,0
1041,18:24:35.656,enp0s25,2642,3886
1042,18:24:36.663,enp0s25,162417,3175814
1043,18:24:37.670,enp0s25,164190,5871019
1044,18:24:38.681,enp0s25,74158,5650366
1045,18:24:39.689,enp0s25,123675,3243790
1046,18:24:40.702,enp0s25,58327,881130
1047,18:24:41.713,enp0s25,62218,986018
1048,18:24:42.720,enp0s25,80797,3440359
1049,18:24:43.728,enp0s25,42760,708477
1050,18:24:44.735,enp0s25,69820,1028980
1051,18:24:45.742,enp0s25,27655,127759
1052,18:24:46.749,enp0s25,52555,755391
1053,18:24:47.756,enp0s25,42024,408191
1054,18:24:48.763,enp0s25,45083,711762
1055,18:24:49.770,enp0s25,69037,1349313
1056,18:24:50.777,enp0s25,62957,1109737
1057,18:24:51.787,enp0s25,39564,643858
1058,18:24:52.794,enp0s25,61658,943999
1059,18:24:53.801,enp0s25,41413,776472
1060,18:24:54.808,enp0s25,34243,316579
1061,18:24:55.814,enp0s25,18089,159896
1062,18:24:56.821,enp0s25,67031,2132202
1063,18:24:57.829,enp0s25,21862,165166
1064,18:24:58.836,enp0s25,28786,107020
1065,18:24:59.843,enp0s25,26124,129536
1066,18:25:00.850,enp0s25,16204,735936
1067,18:25:01.858,enp0s25,66758,1535909
1068,18:25:02.866,enp0s25,78647,1511532
1069,18:25:03.880,enp0s25,40133,622052
1070,18:25:04.887,enp0s25,44395,477084
1071,18:25:05.894,enp0s25,38365,319440
1072,18:25:06.901,enp0s25,41157,297189
1073,18:25:07.909,enp0s25,39736,374265
1074,18:25:08.916,enp0s25,51289,613094
1075,18:25:09.923,enp0s25,37052,347350
1076,18:25:10.930,enp0s25,40766,1453711
1077,18:25:11.937,enp0s25,54787,1001936
1078,18:25:12.944,enp0s25,49177,968055
1079,18:25:13.951,enp0s25,41100,353846
1080,18:25:14.958,enp0s25,6609,123254
1081,18:25:15.970,enp0s25,0,64
1082,18:25:16.980,enp0s25,0,0
1083,18:25:17.990,enp0s25,0,64
1084,18:25:18.997,enp0s25,0,0
1085,18:25:20.004,enp0s25,0,64
1086,18:25:21.011,enp0s25,0,0
1087,18:25:22.018,enp0s25,0,64
1088,18:25:23.025,enp0s25,1779,6944
1089,18:25:24.033,enp0s25,115623,3719086
1090,18:25:25.041,enp0s25,0,0
1091,18:25:26.048,enp0s25,2077,1088
1092,18:25:27.056,enp0s25,93805,1846366
1093,18:25:28.064,enp0s25,34610,558759
1094,18:25:29.075,enp0s25,15131,114643
1095,18:25:30.083,enp0s25,89615,1307879
1096,18:25:31.089,enp0s25,0,0
1097,18:25:32.096,enp0s25,9177,280747
1098,18:25:33.103,enp0s25,163386,4521085
1099,18:25:34.115,enp0s25,76886,1621055
1100,18:25:35.122,enp0s25,170660,3704667
1101,18:25:36.131,enp0s25,82942,2026048
1102,18:25:37.142,enp0s25,21184,308831
1103,18:25:38.150,enp0s25,17350,324947
1104,18:25:39.157,enp0s25,112398,2958935
1105,18:25:40.164,enp0s25,0,64
1106,18:25:41.171,enp0s25,1920,960
1107,18:25:42.177,enp0s25,51507,929977
1108,18:25:43.184,enp0s25,48704,1337279
1109,18:25:44.191,enp0s25,70266,2045428
1110,18:25:45.198,enp0s25,15066,357294
1111,18:25:46.210,enp0s25,10390,263564
1112,18:25:47.226,enp0s25,21886,422126
1113,18:25:48.240,enp0s25,18536,393560
1114,18:25:49.250,enp0s25,15434,376416
1115,18:25:50.257,enp0s25,25494,413613
1116,18:25:51.272,enp0s25,9999,103084
1117,18:25:52.282,enp0s25,38799,865153
1118,18:25:53.289,enp0s25,57384,698287
1119,18:25:54.295,enp0s25,120784,2387947
1120,18:25:55.302,enp0s25,23085,656031
1121,18:25:56.309,enp0s25,0,64
1122,18:25:57.316,enp0s25,0,0
1123,18:25:58.322,enp0s25,3534,4428
1124,18:25:59.328,enp0s25,64,64
1125,18:26:00.336,enp0s25,0,64
1126,18:26:01.343,enp0s25,0,0
1127,18:26:02.350,enp0s25,0,64
1128,18:26:03.356,enp0s25,0,0
1129,18:26:04.363,enp0s25,0,64
1130,18:26:05.369,enp0s25,0,0
1131,18:26:06.376,enp0s25,0,0
1132,18:26:07.383,enp0s25,0,64
1133,18:26:08.389,enp0s25,0,0
1134,18:26:09.396,enp0s25,0,64
1135,18:26:10.403,enp0s25,64,64
1136,18:26:11.410,enp0s25,0,64
1137,18:26:12.416,enp0s25,0,0
1138,18:26:13.423,enp0s25,0,64
1139,18:26:14.429,enp0s25,0,0
1140,18:26:15.440,enp0s25,0,64
1141,18:26:16.447,enp0s25,0,0
1142,18:26:17.454,enp0s25,0,64
1143,18:26:18.461,enp0s25,0,0
1144,18:26:19.467,enp0s25,0,64
1145,18:26:20.474,enp0s25,0,1852
1146,18:26:21.480,enp0s25,64,2454
1147,18:26:22.487,enp0s25,0,834
1148,18:26:23.493,enp0s25,0,612
1149,18:26:24.500,enp0s25,0,1338
1150,18:26:25.506,enp0s25,0,64
1151,18:26:26.513,enp0s25,0,394
1152,18:26:27.520,enp0s25,0,64
1153,18:26:28.527,enp0s25,11461,224163
1154,18:26:29.534,enp0s25,5378,7516
1155,18:26:30.549,enp0s25,22116,462246
1156,18:26:31.556,enp0s25,32400,967165
1157,18:26:32.564,enp0s25,4116,29246
1158,18:26:33.571,enp0s25,0,64
1159,18:26:34.578,enp0s25,0,0
1160,18:26:35.585,enp0s25,0,64
1161,18:26:36.592,enp0s25,0,0
1162,18:26:37.599,enp0s25,0,64
1163,18:26:38.605,enp0s25,0,0
1164,18:26:39.612,enp0s25,0,64
1165,18:26:40.619,enp0s25,140,171
1166,18:26:41.626,enp0s25,0,64
1167,18:26:42.632,enp0s25,35170,916288
1168,18:26:43.639,enp0s25,74148,2531195
1169,18:26:44.648,enp0s25,52374,1887001
1170,18:26:45.655,enp0s25,0,64
1171,18:26:46.664,enp0s25,0,0
1172,18:26:47.671,enp0s25,0,64
1173,18:26:48.678,enp0s25,0,0
1174,18:26:49.684,enp0s25,0,64
1175,18:26:50.691,enp0s25,0,0
1176,18:26:51.698,enp0s25,0,64
1177,18:26:52.705,enp0s25,0,0
1178,18:26:53.712,enp0s25,0,64
1179,18:26:54.719,enp0s25,64,64
1180,18:26:55.725,enp0s25,74,64
1181,18:26:56.732,enp0s25,23798,580628
1182,18:26:57.739,enp0s25,19078,789835
1183,18:26:58.747,enp0s25,0,0
1184,18:26:59.753,enp0s25,0,64
1185,18:27:00.760,enp0s25,0,0
1186,18:27:01.767,enp0s25,0,64
1187,18:27:02.773,enp0s25,0,0
1188,18:27:03.780,enp0s25,30654,814464
1189,18:27:04.789,enp0s25,63808,3045108
1190,18:27:05.798,enp0s25,50816,2526045
1191,18:27:06.806,enp0s25,0,0
1192,18:27:07.817,enp0s25,0,64
1193,18:27:08.824,enp0s25,0,0
1194,18:27:09.833,enp0s25,8181,180451
1195,18:27:10.843,enp0s25,4550,145215
1196,18:27:11.852,enp0s25,0,64
1197,18:27:12.858,enp0s25,0,0
1198,18:27:13.865,enp0s25,0,64
1199,18:27:14.871,enp0s25,0,0
1200,18:27:15.878,enp0s25,0,64
1201,18:27:16.885,enp0s25,64,64
1202,18:27:18.249,enp0s25,5862,29161
1203,18:27:19.256,enp0s25,21788,349189
1204,18:27:20.263,enp0s25,11609,196816
1205,18:27:21.270,enp0s25,18205,501426
1206,18:27:22.277,enp0s25,24567,320179
1207,18:27:23.285,enp0s25,138167,3798837
1208,18:27:24.292,enp0s25,146338,4531748
1209,18:27:25.299,enp0s25,9854,152786
1210,18:27:26.306,enp0s25,19258,620548
1211,18:27:27.313,enp0s25,21115,333939
1212,18:27:28.320,enp0s25,50730,1321208
1213,18:27:29.326,enp0s25,15263,152287
1214,18:27:30.337,enp0s25,10762,178364
1215,18:27:31.344,enp0s25,2563,5478
1216,18:27:32.351,enp0s25,7220,110804
1217,18:27:33.357,enp0s25,23539,598328
1218,18:27:34.364,enp0s25,26918,722825
1219,18:27:35.371,enp0s25,21704,671992
1220,18:27:36.378,enp0s25,93391,3975776
1221,18:27:37.386,enp0s25,67970,2822661
1222,18:27:38.393,enp0s25,40544,1511477
1223,18:27:39.402,enp0s25,100819,4072759
1224,18:27:40.410,enp0s25,12105,284114
1225,18:27:41.416,enp0s25,2467,69236
1226,18:27:42.424,enp0s25,0,0
1227,18:27:43.430,enp0s25,0,64
1228,18:27:44.437,enp0s25,0,0
1229,18:27:45.443,enp0s25,0,64
1230,18:27:46.450,enp0s25,0,0
1231,18:27:47.456,enp0s25,0,64
1232,18:27:48.463,enp0s25,420,475
1233,18:27:49.470,enp0s25,64,128
