1,07:51:32.149,enp0s25,0,0
2,07:51:33.194,enp0s25,64,128
3,07:51:34.201,enp0s25,2511,46077
4,07:51:35.210,enp0s25,0,64
5,07:51:36.224,enp0s25,0,0
6,07:51:37.231,enp0s25,0,64
7,07:51:38.243,enp0s25,0,0
8,07:51:39.252,enp0s25,0,64
9,07:51:40.259,enp0s25,0,0
10,07:51:41.273,enp0s25,0,64
11,07:51:42.287,enp0s25,0,0
12,07:51:43.297,enp0s25,0,64
13,07:51:44.305,enp0s25,64,64
14,07:51:45.312,enp0s25,0,64
15,07:51:46.319,enp0s25,0,0
16,07:51:47.328,enp0s25,0,64
17,07:51:48.339,enp0s25,4091,8422
18,07:51:49.350,enp0s25,8680,241355
19,07:51:50.359,enp0s25,13930,484941
20,07:51:51.373,enp0s25,23660,771610
21,07:51:52.385,enp0s25,9038,300483
22,07:51:53.396,enp0s25,2783,15152
23,07:51:54.409,enp0s25,4730,68002
24,07:51:55.416,enp0s25,124043,6047606
25,07:51:56.428,enp0s25,178430,8176334
26,07:51:57.438,enp0s25,149732,8218516
27,07:51:58.445,enp0s25,174442,8230362
28,07:51:59.455,enp0s25,160306,8160832
29,07:52:00.464,enp0s25,91934,5311408
30,07:52:01.471,enp0s25,0,64
31,07:52:02.542,enp0s25,0,438
32,07:52:03.553,enp0s25,0,64
33,07:52:04.560,enp0s25,0,0
34,07:52:05.570,enp0s25,0,64
35,07:52:06.588,enp0s25,64,64
36,07:52:07.600,enp0s25,0,64
37,07:52:08.611,enp0s25,0,0
38,07:52:09.619,enp0s25,0,64
39,07:52:10.626,enp0s25,0,0
40,07:52:11.633,enp0s25,179,173
41,07:52:12.640,enp0s25,0,0
42,07:52:13.646,enp0s25,0,64
43,07:52:14.657,enp0s25,0,0
44,07:52:15.673,enp0s25,0,64
45,07:52:16.687,enp0s25,0,0
46,07:52:17.763,enp0s25,64,128
47,07:52:18.775,enp0s25,0,0
48,07:52:19.781,enp0s25,0,64
49,07:52:20.788,enp0s25,0,0
50,07:52:21.798,enp0s25,0,64
51,07:52:22.805,enp0s25,0,0
52,07:52:23.812,enp0s25,0,64
53,07:52:24.826,enp0s25,0,0
54,07:52:25.834,enp0s25,0,64
55,07:52:26.841,enp0s25,0,0
56,07:52:27.847,enp0s25,0,64
57,07:52:28.854,enp0s25,908,4228
58,07:52:29.862,enp0s25,0,64
59,07:52:30.869,enp0s25,0,0
60,07:52:31.876,enp0s25,0,64
61,07:52:32.883,enp0s25,0,0
62,07:52:33.890,enp0s25,101003,4543420
63,07:52:34.903,enp0s25,169624,7858686
64,07:52:35.913,enp0s25,179550,8226106
65,07:52:36.921,enp0s25,175550,8238186
66,07:52:37.930,enp0s25,172439,7834443
67,07:52:38.940,enp0s25,178360,8227560
68,07:52:39.947,enp0s25,179404,8227688
69,07:52:40.955,enp0s25,180316,8230459
70,07:52:41.963,enp0s25,176041,8126200
71,07:52:42.970,enp0s25,181625,8226175
72,07:52:43.978,enp0s25,102597,3826004
73,07:52:44.988,enp0s25,104807,3633364
74,07:52:46.001,enp0s25,93766,3867699
75,07:52:47.008,enp0s25,0,0
76,07:52:48.015,enp0s25,0,1214
77,07:52:49.022,enp0s25,0,0
78,07:52:50.032,enp0s25,0,64
79,07:52:51.045,enp0s25,64,64
80,07:52:52.062,enp0s25,0,64
81,07:52:53.074,enp0s25,0,394
82,07:52:54.081,enp0s25,0,64
83,07:52:55.097,enp0s25,0,0
84,07:52:56.113,enp0s25,0,64
85,07:52:57.129,enp0s25,0,64
86,07:52:58.145,enp0s25,0,0
87,07:52:59.154,enp0s25,0,64
88,07:53:00.161,enp0s25,0,0
89,07:53:01.170,enp0s25,0,64
90,07:53:02.182,enp0s25,64,64
91,07:53:03.191,enp0s25,0,64
92,07:53:04.198,enp0s25,273,210
93,07:53:05.205,enp0s25,0,64
94,07:53:06.212,enp0s25,0,0
95,07:53:07.220,enp0s25,0,64
96,07:53:08.228,enp0s25,0,0
97,07:53:09.237,enp0s25,0,64
98,07:53:10.246,enp0s25,0,0
99,07:53:11.252,enp0s25,0,64
100,07:53:12.259,enp0s25,64,64
101,07:53:13.266,enp0s25,54941,1525874
102,07:53:14.274,enp0s25,54248,2634482
103,07:53:15.281,enp0s25,0,64
104,07:53:16.288,enp0s25,0,0
105,07:53:17.295,enp0s25,0,64
106,07:53:18.302,enp0s25,0,0
107,07:53:19.309,enp0s25,0,64
108,07:53:20.316,enp0s25,0,0
109,07:53:21.325,enp0s25,0,64
110,07:53:22.334,enp0s25,20187,745283
111,07:53:23.342,enp0s25,27076,1043518
112,07:53:24.355,enp0s25,27202,1068814
113,07:53:25.363,enp0s25,25446,935979
114,07:53:26.378,enp0s25,23538,791486
115,07:53:27.392,enp0s25,29452,1173884
116,07:53:28.407,enp0s25,25324,947018
117,07:53:29.415,enp0s25,36574,1524333
118,07:53:30.425,enp0s25,2520,29053
119,07:53:31.442,enp0s25,6580,278977
120,07:53:32.453,enp0s25,128,8163
121,07:53:33.466,enp0s25,15070,515149
122,07:53:34.541,enp0s25,28848,1233676
123,07:53:35.550,enp0s25,54508,2519225
124,07:53:36.561,enp0s25,14388,379366
125,07:53:37.579,enp0s25,39870,1954496
126,07:53:38.589,enp0s25,22020,875050
127,07:53:39.598,enp0s25,33404,1374011
128,07:53:40.607,enp0s25,31746,1313200
129,07:53:41.615,enp0s25,17086,448895
130,07:53:42.623,enp0s25,15092,342912
131,07:53:43.635,enp0s25,21528,782459
132,07:53:44.644,enp0s25,23938,911840
133,07:53:45.651,enp0s25,7056,211908
134,07:53:46.658,enp0s25,18330,525540
135,07:53:47.665,enp0s25,5190,153588
136,07:53:48.677,enp0s25,15886,471483
137,07:53:49.688,enp0s25,32782,1279072
138,07:53:50.696,enp0s25,19052,596298
139,07:53:51.710,enp0s25,7238,236891
140,07:53:52.722,enp0s25,5018,129155
141,07:53:53.736,enp0s25,29052,1057874
142,07:53:54.743,enp0s25,6214,250939
143,07:53:55.752,enp0s25,22358,726894
144,07:53:56.761,enp0s25,20266,684764
145,07:53:57.770,enp0s25,15804,403438
146,07:53:58.779,enp0s25,5364,130003
147,07:53:59.794,enp0s25,28616,1202474
148,07:54:00.806,enp0s25,35646,1466755
149,07:54:01.815,enp0s25,17076,447545
150,07:54:02.823,enp0s25,25092,899232
151,07:54:03.832,enp0s25,16866,470649
152,07:54:04.839,enp0s25,16516,417065
153,07:54:05.850,enp0s25,20236,579171
154,07:54:06.858,enp0s25,14996,375804
155,07:54:07.868,enp0s25,9374,153583
156,07:54:08.884,enp0s25,6810,136810
157,07:54:09.897,enp0s25,21492,724626
158,07:54:10.905,enp0s25,19708,636289
159,07:54:11.913,enp0s25,12806,252228
160,07:54:12.923,enp0s25,10686,126632
161,07:54:13.931,enp0s25,18102,724022
162,07:54:14.942,enp0s25,38194,1669653
163,07:54:15.948,enp0s25,47058,2119499
164,07:54:16.956,enp0s25,26880,1194906
165,07:54:17.964,enp0s25,39054,1773335
166,07:54:18.972,enp0s25,38220,1646400
167,07:54:19.982,enp0s25,15366,356802
168,07:54:20.991,enp0s25,13728,263503
169,07:54:21.999,enp0s25,18260,537084
170,07:54:23.011,enp0s25,18492,554818
171,07:54:24.017,enp0s25,22370,697901
172,07:54:25.029,enp0s25,12242,222726
173,07:54:26.037,enp0s25,11416,195414
174,07:54:27.047,enp0s25,4106,115446
175,07:54:28.056,enp0s25,11854,431340
176,07:54:29.063,enp0s25,16434,439115
177,07:54:30.076,enp0s25,37768,1665716
178,07:54:31.085,enp0s25,20388,1021950
179,07:54:32.092,enp0s25,72014,3487290
180,07:54:33.107,enp0s25,20522,937086
181,07:54:34.120,enp0s25,5162,209234
182,07:54:35.133,enp0s25,12140,318668
183,07:54:36.142,enp0s25,5172,163933
184,07:54:37.151,enp0s25,2802,48168
185,07:54:38.165,enp0s25,46258,2052247
186,07:54:39.173,enp0s25,15350,373603
187,07:54:40.183,enp0s25,17000,461960
188,07:54:41.194,enp0s25,3136,43271
189,07:54:42.203,enp0s25,5812,105486
190,07:54:43.219,enp0s25,19684,742239
191,07:54:44.228,enp0s25,11857,211076
192,07:54:45.234,enp0s25,28806,1079642
193,07:54:46.241,enp0s25,119590,6535958
194,07:54:47.251,enp0s25,12360,200054
195,07:54:48.259,enp0s25,3972,108164
196,07:54:49.271,enp0s25,11448,286977
197,07:54:50.286,enp0s25,30006,1501648
198,07:54:51.296,enp0s25,36554,1508064
199,07:54:52.304,enp0s25,4474,105356
200,07:54:53.312,enp0s25,0,64
201,07:54:54.318,enp0s25,10233,4512
202,07:54:55.325,enp0s25,602,3541
203,07:54:56.332,enp0s25,0,0
204,07:54:57.339,enp0s25,0,64
205,07:54:58.346,enp0s25,0,0
206,07:54:59.355,enp0s25,0,64
207,07:55:00.361,enp0s25,0,0
208,07:55:01.368,enp0s25,0,64
209,07:55:02.375,enp0s25,64,64
210,07:55:03.382,enp0s25,0,64
211,07:55:04.389,enp0s25,0,0
212,07:55:05.397,enp0s25,0,64
213,07:55:06.408,enp0s25,0,0
214,07:55:07.414,enp0s25,0,64
215,07:55:08.422,enp0s25,0,0
216,07:55:09.430,enp0s25,0,64
217,07:55:10.437,enp0s25,0,0
218,07:55:11.444,enp0s25,0,64
219,07:55:12.451,enp0s25,0,0
220,07:55:13.458,enp0s25,128080,2612350
221,07:55:14.465,enp0s25,138248,7202539
222,07:55:15.472,enp0s25,113494,5614313
223,07:55:16.479,enp0s25,90343,2496836
224,07:55:17.486,enp0s25,54236,921058
225,07:55:18.493,enp0s25,73562,1349650
226,07:55:19.500,enp0s25,173787,4421380
227,07:55:20.506,enp0s25,82462,1295818
228,07:55:21.513,enp0s25,40822,570512
229,07:55:22.520,enp0s25,39451,560904
230,07:55:23.527,enp0s25,55671,1418577
231,07:55:24.534,enp0s25,31589,715314
232,07:55:25.540,enp0s25,15160,88272
233,07:55:26.547,enp0s25,9401,212223
234,07:55:27.554,enp0s25,60895,1169700
235,07:55:28.560,enp0s25,40429,480063
236,07:55:29.567,enp0s25,39244,831154
237,07:55:30.574,enp0s25,44464,1944455
238,07:55:31.584,enp0s25,25335,420837
239,07:55:32.591,enp0s25,24768,257214
240,07:55:33.599,enp0s25,33047,135576
241,07:55:34.607,enp0s25,48910,929450
242,07:55:35.614,enp0s25,42297,677829
243,07:55:36.620,enp0s25,75070,1770738
244,07:55:37.627,enp0s25,43759,574428
245,07:55:38.634,enp0s25,26369,479643
246,07:55:39.641,enp0s25,59568,535321
247,07:55:40.648,enp0s25,25565,225060
248,07:55:41.656,enp0s25,38961,344535
249,07:55:42.663,enp0s25,10991,90667
250,07:55:43.670,enp0s25,40227,339544
251,07:55:44.677,enp0s25,43366,316434
252,07:55:45.684,enp0s25,32227,595499
253,07:55:46.690,enp0s25,47662,1468597
254,07:55:47.697,enp0s25,46946,982995
255,07:55:48.704,enp0s25,52521,995128
256,07:55:49.710,enp0s25,35925,320962
257,07:55:50.717,enp0s25,8013,122897
258,07:55:51.724,enp0s25,0,64
259,07:55:52.731,enp0s25,0,0
260,07:55:53.738,enp0s25,0,64
261,07:55:54.755,enp0s25,0,0
262,07:55:55.763,enp0s25,0,64
263,07:55:56.770,enp0s25,0,0
264,07:55:57.777,enp0s25,64,128
265,07:55:58.784,enp0s25,0,0
266,07:55:59.790,enp0s25,0,64
267,07:56:00.797,enp0s25,64568,1768010
268,07:56:01.805,enp0s25,43112,1907214
269,07:56:02.812,enp0s25,1920,960
270,07:56:03.819,enp0s25,47608,1052385
271,07:56:04.826,enp0s25,40742,777667
272,07:56:05.832,enp0s25,16264,301098
273,07:56:06.849,enp0s25,23635,369470
274,07:56:07.857,enp0s25,39690,259386
275,07:56:08.864,enp0s25,56951,1125982
276,07:56:09.871,enp0s25,1920,5528
277,07:56:10.877,enp0s25,1299,7516
278,07:56:11.889,enp0s25,90298,2697298
279,07:56:12.898,enp0s25,85998,2250236
280,07:56:13.906,enp0s25,147070,5072565
281,07:56:14.915,enp0s25,50938,1946201
282,07:56:15.922,enp0s25,32417,586041
283,07:56:16.929,enp0s25,69133,1538418
284,07:56:17.943,enp0s25,55565,1741468
285,07:56:18.950,enp0s25,0,438
286,07:56:19.956,enp0s25,1984,1088
287,07:56:20.963,enp0s25,98182,2211446
288,07:56:21.970,enp0s25,2624,87549
289,07:56:22.983,enp0s25,80684,2423971
290,07:56:23.994,enp0s25,22878,535313
291,07:56:25.002,enp0s25,9334,182111
292,07:56:26.013,enp0s25,28786,634804
293,07:56:27.022,enp0s25,31270,553700
294,07:56:28.029,enp0s25,41556,964883
295,07:56:29.036,enp0s25,0,0
296,07:56:30.043,enp0s25,102357,1467751
297,07:56:31.049,enp0s25,97534,2094560
298,07:56:32.056,enp0s25,5504,174057
299,07:56:33.063,enp0s25,0,0
300,07:56:34.069,enp0s25,0,64
301,07:56:35.076,enp0s25,3534,4364
302,07:56:36.083,enp0s25,0,64
303,07:56:37.089,enp0s25,0,0
304,07:56:38.096,enp0s25,0,64
305,07:56:39.102,enp0s25,0,0
306,07:56:40.109,enp0s25,0,64
307,07:56:41.116,enp0s25,0,0
308,07:56:42.122,enp0s25,64,64
309,07:56:43.129,enp0s25,0,64
310,07:56:44.136,enp0s25,0,0
311,07:56:45.142,enp0s25,0,64
312,07:56:46.149,enp0s25,0,0
313,07:56:47.156,enp0s25,0,64
314,07:56:48.163,enp0s25,0,0
315,07:56:49.170,enp0s25,0,64
316,07:56:50.177,enp0s25,0,386
317,07:56:51.184,enp0s25,0,64
318,07:56:52.191,enp0s25,0,0
319,07:56:53.198,enp0s25,64,128
320,07:56:54.206,enp0s25,0,0
321,07:56:55.213,enp0s25,0,64
322,07:56:56.220,enp0s25,0,0
323,07:56:57.228,enp0s25,0,64
324,07:56:58.235,enp0s25,0,0
325,07:56:59.241,enp0s25,0,64
326,07:57:00.252,enp0s25,0,0
327,07:57:01.260,enp0s25,0,64
328,07:57:02.269,enp0s25,0,0
329,07:57:03.284,enp0s25,0,64
330,07:57:04.302,enp0s25,64,64
331,07:57:05.310,enp0s25,0,64
332,07:57:06.317,enp0s25,0,394
333,07:57:07.323,enp0s25,0,64
334,07:57:08.330,enp0s25,9404,220807
335,07:57:09.337,enp0s25,2078,5917
336,07:57:10.344,enp0s25,12866,128245
337,07:57:11.350,enp0s25,3968,106324
338,07:57:12.357,enp0s25,8553,175524
339,07:57:13.364,enp0s25,0,64
340,07:57:14.370,enp0s25,0,0
341,07:57:15.376,enp0s25,64,128
342,07:57:16.384,enp0s25,0,0
343,07:57:17.390,enp0s25,0,64
344,07:57:18.397,enp0s25,0,0
345,07:57:19.404,enp0s25,0,64
346,07:57:20.410,enp0s25,0,0
347,07:57:21.417,enp0s25,0,64
348,07:57:22.423,enp0s25,140,171
349,07:57:23.430,enp0s25,1526,1063
350,07:57:24.437,enp0s25,69694,1958155
351,07:57:25.444,enp0s25,80048,2914357
352,07:57:26.450,enp0s25,15744,457937
353,07:57:27.457,enp0s25,0,64
354,07:57:28.464,enp0s25,0,0
355,07:57:29.471,enp0s25,0,64
356,07:57:30.478,enp0s25,0,0
357,07:57:31.489,enp0s25,0,64
358,07:57:32.505,enp0s25,0,0
359,07:57:33.514,enp0s25,0,64
360,07:57:34.523,enp0s25,0,0
361,07:57:35.533,enp0s25,0,64
362,07:57:36.543,enp0s25,64,64
363,07:57:37.550,enp0s25,0,64
364,07:57:38.558,enp0s25,0,0
365,07:57:39.570,enp0s25,40438,1370399
366,07:57:40.576,enp0s25,0,0
367,07:57:41.583,enp0s25,0,64
368,07:57:42.590,enp0s25,0,0
369,07:57:43.596,enp0s25,0,64
370,07:57:44.603,enp0s25,0,0
371,07:57:45.610,enp0s25,0,64
372,07:57:46.617,enp0s25,0,0
373,07:57:47.624,enp0s25,76874,3683548
374,07:57:48.632,enp0s25,64832,2705041
375,07:57:49.639,enp0s25,0,64
376,07:57:50.645,enp0s25,0,0
377,07:57:51.652,enp0s25,0,64
378,07:57:52.659,enp0s25,0,0
379,07:57:53.667,enp0s25,12381,327614
380,07:57:54.674,enp0s25,0,0
381,07:57:55.681,enp0s25,0,64
382,07:57:56.688,enp0s25,0,0
383,07:57:57.695,enp0s25,0,64
384,07:57:58.702,enp0s25,64,64
385,07:57:59.711,enp0s25,0,64
386,07:58:00.722,enp0s25,0,0
387,07:58:01.730,enp0s25,0,64
388,07:58:02.737,enp0s25,0,0
389,07:58:03.745,enp0s25,2544,7478
390,07:58:04.752,enp0s25,20102,281345
391,07:58:05.758,enp0s25,15999,290263
392,07:58:06.765,enp0s25,17085,501628
393,07:58:07.771,enp0s25,15598,174340
394,07:58:08.778,enp0s25,85959,2365573
395,07:58:09.785,enp0s25,88687,2869274
396,07:58:10.800,enp0s25,65076,1939875
397,07:58:11.810,enp0s25,39199,1110793
398,07:58:12.818,enp0s25,54573,1223887
399,07:58:13.825,enp0s25,735,2790
400,07:58:14.832,enp0s25,4631,41635
401,07:58:15.839,enp0s25,73700,1607121
402,07:58:16.846,enp0s25,490,18237
403,07:58:17.853,enp0s25,0,64
404,07:58:18.860,enp0s25,4503,10249
405,07:58:19.866,enp0s25,51389,1324907
406,07:58:20.873,enp0s25,64,64
407,07:58:21.880,enp0s25,3326,51886
408,07:58:22.886,enp0s25,3614,59460
409,07:58:23.895,enp0s25,8364,77719
410,07:58:24.901,enp0s25,70184,1849181
411,07:58:25.908,enp0s25,12355,301268
412,07:58:26.915,enp0s25,29730,805042
413,07:58:27.922,enp0s25,28838,656222
414,07:58:28.928,enp0s25,161711,5742932
415,07:58:29.936,enp0s25,56490,2002610
416,07:58:30.943,enp0s25,0,0
417,07:58:31.949,enp0s25,56309,1691258
418,07:58:32.956,enp0s25,152423,5082098
419,07:58:33.965,enp0s25,8665,208933
420,07:58:34.972,enp0s25,10247,265215
421,07:58:35.979,enp0s25,0,64
422,07:58:36.985,enp0s25,22045,391138
423,07:58:37.992,enp0s25,29330,883448
424,07:58:38.999,enp0s25,0,0
425,07:58:40.005,enp0s25,0,64
426,07:58:41.012,enp0s25,2018,4770
427,07:58:42.019,enp0s25,50843,1339843
428,07:58:43.025,enp0s25,64,64
429,07:58:44.032,enp0s25,0,64
430,07:58:45.038,enp0s25,148,78
431,07:58:46.045,enp0s25,35051,687171
432,07:58:47.052,enp0s25,21460,620141
433,07:58:48.059,enp0s25,0,64
434,07:58:49.065,enp0s25,420,475
435,07:58:50.073,enp0s25,1940,4834
436,07:58:51.079,enp0s25,51249,1338765
437,07:58:52.087,enp0s25,0,64
438,07:58:53.094,enp0s25,2627,46439
439,07:58:54.101,enp0s25,64,128
440,07:58:55.107,enp0s25,148,78
441,07:58:56.113,enp0s25,53107,1343325
442,07:58:57.122,enp0s25,0,64
443,07:58:58.137,enp0s25,2675,4848
444,07:58:59.148,enp0s25,51964,1321137
445,07:59:00.156,enp0s25,0,0
446,07:59:01.163,enp0s25,50599,1258748
447,07:59:02.171,enp0s25,770,19283
448,07:59:03.179,enp0s25,1940,4834
449,07:59:04.190,enp0s25,54195,1319256
450,07:59:05.197,enp0s25,64,128
451,07:59:06.204,enp0s25,0,0
452,07:59:07.211,enp0s25,0,64
453,07:59:08.221,enp0s25,4301,9240
454,07:59:09.235,enp0s25,56365,1814945
455,07:59:10.244,enp0s25,0,2254
456,07:59:11.251,enp0s25,59129,2890062
457,07:59:12.264,enp0s25,162638,7583862
458,07:59:13.275,enp0s25,179620,8229142
459,07:59:14.283,enp0s25,161946,8098302
460,07:59:15.293,enp0s25,138966,8127436
461,07:59:16.306,enp0s25,161992,8239400
462,07:59:17.316,enp0s25,17360,935078
463,07:59:18.326,enp0s25,0,394
464,07:59:19.332,enp0s25,0,64
465,07:59:20.339,enp0s25,0,0
466,07:59:21.346,enp0s25,0,64
467,07:59:22.352,enp0s25,0,0
468,07:59:23.359,enp0s25,0,64
469,07:59:24.365,enp0s25,0,0
470,07:59:25.379,enp0s25,0,64
471,07:59:26.393,enp0s25,0,0
472,07:59:27.409,enp0s25,64,128
473,07:59:28.425,enp0s25,0,0
474,07:59:29.433,enp0s25,0,64
475,07:59:30.439,enp0s25,0,0
476,07:59:31.446,enp0s25,0,64
477,07:59:32.455,enp0s25,0,0
478,07:59:33.466,enp0s25,0,64
479,07:59:34.476,enp0s25,0,1374
480,07:59:35.483,enp0s25,0,2712
481,07:59:36.490,enp0s25,0,834
482,07:59:37.496,enp0s25,0,612
483,07:59:38.503,enp0s25,558,1527
484,07:59:39.517,enp0s25,350,6199
485,07:59:40.526,enp0s25,0,2630
486,07:59:41.533,enp0s25,0,2290
487,07:59:42.539,enp0s25,0,1086
488,07:59:43.549,enp0s25,6081,142764
489,07:59:44.562,enp0s25,62923,2344191
490,07:59:45.577,enp0s25,127544,6667190
491,07:59:46.590,enp0s25,157050,7421502
492,07:59:47.599,enp0s25,179200,8209788
493,07:59:48.607,enp0s25,174780,8221488
494,07:59:49.615,enp0s25,157109,7150637
495,07:59:50.624,enp0s25,141966,7933138
496,07:59:51.631,enp0s25,179340,8229142
497,07:59:52.639,enp0s25,107062,5824023
498,07:59:53.647,enp0s25,153553,7920988
499,07:59:54.655,enp0s25,127681,5846888
500,07:59:55.669,enp0s25,104659,4938315
501,07:59:56.680,enp0s25,14421,214364
502,07:59:57.694,enp0s25,61353,1956330
503,07:59:58.703,enp0s25,18180,367981
504,07:59:59.731,enp0s25,100622,4539975
505,08:00:00.738,enp0s25,33475,1244401
506,08:00:01.745,enp0s25,0,64
507,08:00:02.752,enp0s25,0,0
508,08:00:03.759,enp0s25,0,64
509,08:00:04.767,enp0s25,0,0
510,08:00:05.774,enp0s25,0,64
511,08:00:06.782,enp0s25,0,0
512,08:00:07.790,enp0s25,0,64
513,08:00:08.798,enp0s25,0,0
514,08:00:09.814,enp0s25,0,64
515,08:00:10.822,enp0s25,138,502
516,08:00:11.829,enp0s25,0,64
517,08:00:12.837,enp0s25,0,0
518,08:00:13.845,enp0s25,0,64
519,08:00:14.852,enp0s25,0,0
520,08:00:15.859,enp0s25,0,64
521,08:00:16.867,enp0s25,0,0
522,08:00:17.877,enp0s25,105,165
523,08:00:18.885,enp0s25,0,70
524,08:00:19.892,enp0s25,0,64
525,08:00:20.898,enp0s25,3491,76575
526,08:00:21.908,enp0s25,111640,4121725
527,08:00:22.924,enp0s25,70,70
528,08:00:23.935,enp0s25,0,64
529,08:00:24.946,enp0s25,0,0
530,08:00:25.956,enp0s25,0,64
531,08:00:26.964,enp0s25,0,0
532,08:00:27.971,enp0s25,0,64
533,08:00:28.978,enp0s25,0,0
534,08:00:29.985,enp0s25,0,64
535,08:00:30.992,enp0s25,14719,563559
536,08:00:31.999,enp0s25,12484,474292
537,08:00:33.012,enp0s25,4848,160903
538,08:00:34.025,enp0s25,0,64
539,08:00:35.033,enp0s25,7704,320114
540,08:00:36.048,enp0s25,7532,293855
541,08:00:37.065,enp0s25,5392,217248
542,08:00:38.081,enp0s25,2644,78146
543,08:00:39.094,enp0s25,2212,74970
544,08:00:40.104,enp0s25,744,13298
545,08:00:41.118,enp0s25,8556,388380
546,08:00:42.127,enp0s25,23120,937430
547,08:00:43.138,enp0s25,17174,560600
548,08:00:44.147,enp0s25,14592,518688
549,08:00:45.159,enp0s25,15272,659465
550,08:00:46.172,enp0s25,16714,637457
551,08:00:47.179,enp0s25,21760,818215
552,08:00:48.187,enp0s25,36004,1502974
553,08:00:49.195,enp0s25,13844,418503
554,08:00:50.207,enp0s25,20594,734693
555,08:00:51.216,enp0s25,7920,443997
556,08:00:52.223,enp0s25,7574,332162
557,08:00:53.236,enp0s25,4718,217129
558,08:00:54.246,enp0s25,23648,1090136
559,08:00:55.254,enp0s25,39734,1691102
560,08:00:56.262,enp0s25,36842,2047457
561,08:00:57.269,enp0s25,26674,1161048
562,08:00:58.276,enp0s25,30222,1217470
563,08:00:59.283,enp0s25,27574,1182132
564,08:01:00.290,enp0s25,14520,395311
565,08:01:01.301,enp0s25,3878,54888
566,08:01:02.317,enp0s25,13082,331339
567,08:01:03.331,enp0s25,24876,969225
568,08:01:04.344,enp0s25,18534,645494
569,08:01:05.351,enp0s25,17682,493795
570,08:01:06.360,enp0s25,18332,546223
571,08:01:07.369,enp0s25,20452,679523
572,08:01:08.375,enp0s25,30338,1261982
573,08:01:09.383,enp0s25,13816,415163
574,08:01:10.396,enp0s25,15046,489530
575,08:01:11.403,enp0s25,29114,1175026
576,08:01:12.416,enp0s25,21910,714494
577,08:01:13.428,enp0s25,21690,734608
578,08:01:14.437,enp0s25,15346,364936
579,08:01:15.449,enp0s25,14942,400880
580,08:01:16.459,enp0s25,48636,2227213
581,08:01:17.470,enp0s25,16202,470836
582,08:01:18.480,enp0s25,24996,927079
583,08:01:19.488,enp0s25,15406,407513
584,08:01:20.495,enp0s25,13824,340606
585,08:01:21.506,enp0s25,19164,626890
586,08:01:22.512,enp0s25,12818,249976
587,08:01:23.521,enp0s25,14486,348371
588,08:01:24.531,enp0s25,12140,228294
589,08:01:25.542,enp0s25,18808,550666
590,08:01:26.554,enp0s25,21920,702250
591,08:01:27.562,enp0s25,12166,270201
592,08:01:28.568,enp0s25,10964,173193
593,08:01:29.579,enp0s25,18748,591706
594,08:01:30.590,enp0s25,33688,1416931
595,08:01:31.597,enp0s25,13976,626886
596,08:01:32.606,enp0s25,55270,2633438
597,08:01:33.614,enp0s25,38094,1709598
598,08:01:34.622,enp0s25,44462,1967149
599,08:01:35.630,enp0s25,12998,324306
600,08:01:36.641,enp0s25,14916,377134
601,08:01:37.649,enp0s25,10790,252966
602,08:01:38.663,enp0s25,16390,450265
603,08:01:39.672,enp0s25,21904,739075
604,08:01:40.682,enp0s25,14730,454574
605,08:01:41.694,enp0s25,11548,187431
606,08:01:42.701,enp0s25,11902,216460
607,08:01:43.707,enp0s25,19492,653089
608,08:01:44.716,enp0s25,13530,316607
609,08:01:45.724,enp0s25,37300,1674743
610,08:01:46.740,enp0s25,95062,4576046
611,08:01:47.748,enp0s25,21040,954123
612,08:01:48.764,enp0s25,12190,369763
613,08:01:49.775,enp0s25,14702,369891
614,08:01:50.784,enp0s25,45094,2037208
615,08:01:51.792,enp0s25,10464,231364
616,08:01:52.800,enp0s25,7114,168380
617,08:01:53.809,enp0s25,9546,294860
618,08:01:54.825,enp0s25,712,13826
619,08:01:55.842,enp0s25,6668,155131
620,08:01:56.859,enp0s25,4950,83630
621,08:01:57.876,enp0s25,4182,66819
622,08:01:58.888,enp0s25,9484,299136
623,08:01:59.896,enp0s25,20343,620311
624,08:02:00.905,enp0s25,28062,1055188
625,08:02:01.915,enp0s25,114146,6283017
626,08:02:02.923,enp0s25,16440,491073
627,08:02:03.933,enp0s25,14792,337611
628,08:02:04.951,enp0s25,53358,2550190
629,08:02:05.965,enp0s25,20220,685269
630,08:02:06.974,enp0s25,1268,41730
631,08:02:07.982,enp0s25,10105,320
632,08:02:08.988,enp0s25,666,7646
633,08:02:09.998,enp0s25,0,64
634,08:02:11.010,enp0s25,0,3514
635,08:02:12.017,enp0s25,64,2738
636,08:02:13.027,enp0s25,0,0
637,08:02:14.038,enp0s25,0,1278
638,08:02:15.046,enp0s25,0,386
639,08:02:16.053,enp0s25,0,1278
640,08:02:17.059,enp0s25,1213,5274
641,08:02:18.066,enp0s25,694,1346
642,08:02:19.073,enp0s25,0,0
643,08:02:20.080,enp0s25,0,502
644,08:02:21.087,enp0s25,0,0
645,08:02:22.093,enp0s25,0,64
646,08:02:23.100,enp0s25,64,64
647,08:02:24.107,enp0s25,0,64
648,08:02:25.114,enp0s25,0,0
649,08:02:26.121,enp0s25,0,64
650,08:02:27.128,enp0s25,0,64
651,08:02:28.136,enp0s25,145768,2815132
652,08:02:29.142,enp0s25,172476,8224834
653,08:02:30.149,enp0s25,75923,4389853
654,08:02:31.156,enp0s25,108214,2605546
655,08:02:32.164,enp0s25,48809,794719
656,08:02:33.171,enp0s25,66528,1834617
657,08:02:34.177,enp0s25,62449,2449757
658,08:02:35.184,enp0s25,45476,765327
659,08:02:36.190,enp0s25,63370,1031612
660,08:02:37.197,enp0s25,28619,163351
661,08:02:38.204,enp0s25,56637,778263
662,08:02:39.211,enp0s25,41502,411425
663,08:02:40.217,enp0s25,40400,647009
664,08:02:41.227,enp0s25,62665,1382237
665,08:02:42.234,enp0s25,42706,1021951
666,08:02:43.247,enp0s25,39998,699632
667,08:02:44.260,enp0s25,64521,944183
668,08:02:45.267,enp0s25,42355,809450
669,08:02:46.281,enp0s25,29812,224841
670,08:02:47.288,enp0s25,26283,854730
671,08:02:48.295,enp0s25,28054,1392424
672,08:02:49.302,enp0s25,26785,246706
673,08:02:50.312,enp0s25,44284,516716
674,08:02:51.320,enp0s25,54544,675019
675,08:02:52.327,enp0s25,85732,2115311
676,08:02:53.335,enp0s25,66556,857464
677,08:02:54.342,enp0s25,35045,508205
678,08:02:55.349,enp0s25,45676,414707
679,08:02:56.356,enp0s25,43380,371389
680,08:02:57.363,enp0s25,26255,232005
681,08:02:58.370,enp0s25,49158,416744
682,08:02:59.377,enp0s25,27770,240337
683,08:03:00.384,enp0s25,19522,357588
684,08:03:01.391,enp0s25,54595,716754
685,08:03:02.398,enp0s25,54155,1557983
686,08:03:03.405,enp0s25,35788,618040
687,08:03:04.412,enp0s25,40653,927668
688,08:03:05.418,enp0s25,37391,360419
689,08:03:06.425,enp0s25,192,5028
690,08:03:07.432,enp0s25,64,128
691,08:03:08.439,enp0s25,0,0
692,08:03:09.445,enp0s25,0,64
693,08:03:10.452,enp0s25,0,0
694,08:03:11.459,enp0s25,0,64
695,08:03:12.466,enp0s25,0,0
696,08:03:13.472,enp0s25,0,64
697,08:03:14.481,enp0s25,1667,6823
698,08:03:15.488,enp0s25,105819,3719468
699,08:03:16.495,enp0s25,0,0
700,08:03:17.502,enp0s25,1920,1024
701,08:03:18.508,enp0s25,48562,1052639
702,08:03:19.515,enp0s25,66038,1258264
703,08:03:20.522,enp0s25,24323,266053
704,08:03:21.528,enp0s25,83791,1308332
705,08:03:22.535,enp0s25,0,0
706,08:03:23.542,enp0s25,3219,4183
707,08:03:24.554,enp0s25,19860,480031
708,08:03:25.563,enp0s25,136552,4283308
709,08:03:26.571,enp0s25,97376,2581450
710,08:03:27.580,enp0s25,99476,2777401
711,08:03:28.586,enp0s25,61330,2075031
712,08:03:29.593,enp0s25,29719,538132
713,08:03:30.600,enp0s25,115854,3047537
714,08:03:31.607,enp0s25,0,64
715,08:03:32.658,enp0s25,0,0
716,08:03:33.668,enp0s25,0,64
717,08:03:34.675,enp0s25,15846,416129
718,08:03:35.681,enp0s25,155284,3578839
719,08:03:36.688,enp0s25,24882,669548
720,08:03:37.698,enp0s25,12182,286839
721,08:03:38.709,enp0s25,6622,150021
722,08:03:39.720,enp0s25,47350,1012644
723,08:03:40.730,enp0s25,17824,370392
724,08:03:41.737,enp0s25,33770,604763
725,08:03:42.744,enp0s25,16818,430657
726,08:03:43.751,enp0s25,73428,943789
727,08:03:44.758,enp0s25,108985,2400397
728,08:03:45.765,enp0s25,13312,415932
729,08:03:46.771,enp0s25,0,0
730,08:03:47.778,enp0s25,0,64
731,08:03:48.785,enp0s25,3686,4434
732,08:03:49.792,enp0s25,0,64
733,08:03:50.807,enp0s25,0,0
734,08:03:51.815,enp0s25,64,676
735,08:03:52.822,enp0s25,0,2254
736,08:03:53.829,enp0s25,0,1284
737,08:03:54.835,enp0s25,0,1382
738,08:03:55.842,enp0s25,0,64
739,08:03:56.849,enp0s25,0,1220
740,08:03:57.855,enp0s25,0,64
741,08:03:58.862,enp0s25,0,1150
742,08:03:59.869,enp0s25,0,64
743,08:04:00.876,enp0s25,0,0
744,08:04:01.882,enp0s25,64,128
745,08:04:02.889,enp0s25,0,0
746,08:04:03.895,enp0s25,0,64
747,08:04:04.902,enp0s25,0,386
748,08:04:05.909,enp0s25,0,64
749,08:04:06.915,enp0s25,0,0
750,08:04:07.922,enp0s25,0,64
751,08:04:08.928,enp0s25,0,0
752,08:04:09.935,enp0s25,0,64
753,08:04:10.942,enp0s25,0,0
754,08:04:11.949,enp0s25,0,64
755,08:04:12.955,enp0s25,64,64
756,08:04:13.962,enp0s25,0,458
757,08:04:14.969,enp0s25,0,0
758,08:04:15.975,enp0s25,0,64
759,08:04:16.982,enp0s25,0,0
760,08:04:17.989,enp0s25,0,64
761,08:04:18.999,enp0s25,0,0
762,08:04:20.007,enp0s25,10072,220885
763,08:04:21.014,enp0s25,2078,5860
764,08:04:22.021,enp0s25,12812,128272
765,08:04:23.028,enp0s25,791,148
766,08:04:24.034,enp0s25,11934,281764
767,08:04:25.041,enp0s25,0,0
768,08:04:26.049,enp0s25,0,64
769,08:04:27.056,enp0s25,0,0
770,08:04:28.063,enp0s25,0,64
771,08:04:29.070,enp0s25,0,0
772,08:04:30.077,enp0s25,0,64
773,08:04:31.084,enp0s25,0,0
774,08:04:32.091,enp0s25,0,64
775,08:04:33.098,enp0s25,0,0
776,08:04:34.105,enp0s25,140,235
777,08:04:35.112,enp0s25,64,64
778,08:04:36.120,enp0s25,37270,978590
779,08:04:37.128,enp0s25,110173,3883528
780,08:04:38.136,enp0s25,17825,461740
781,08:04:39.143,enp0s25,0,64
782,08:04:40.150,enp0s25,0,0
783,08:04:41.158,enp0s25,0,64
784,08:04:42.165,enp0s25,0,0
785,08:04:43.176,enp0s25,0,64
786,08:04:44.186,enp0s25,0,0
787,08:04:45.193,enp0s25,0,64
788,08:04:46.200,enp0s25,64,64
789,08:04:47.207,enp0s25,0,64
790,08:04:48.214,enp0s25,0,1640
791,08:04:49.221,enp0s25,0,3488
792,08:04:50.228,enp0s25,0,834
793,08:04:51.235,enp0s25,4022,107624
794,08:04:52.242,enp0s25,35648,1252399
795,08:04:54.345,enp0s25,0,0
796,08:04:55.356,enp0s25,0,1608
797,08:04:56.363,enp0s25,0,0
798,08:04:57.369,enp0s25,64,128
799,08:04:58.376,enp0s25,0,0
800,08:04:59.383,enp0s25,217,224
801,08:05:00.392,enp0s25,116407,5091964
802,08:05:01.403,enp0s25,25536,1297919
803,08:05:02.410,enp0s25,0,0
804,08:05:03.417,enp0s25,0,64
805,08:05:04.425,enp0s25,0,0
806,08:05:05.431,enp0s25,0,64
807,08:05:06.438,enp0s25,12101,327550
808,08:05:07.445,enp0s25,0,64
809,08:05:08.452,enp0s25,64,64
810,08:05:09.459,enp0s25,0,64
811,08:05:10.466,enp0s25,0,0
812,08:05:11.473,enp0s25,0,64
813,08:05:12.483,enp0s25,0,0
814,08:05:13.494,enp0s25,2958,2173
815,08:05:14.501,enp0s25,0,0
816,08:05:15.508,enp0s25,0,64
817,08:05:16.515,enp0s25,0,0
818,08:05:17.521,enp0s25,2400,7064
819,08:05:18.528,enp0s25,23034,294216
820,08:05:19.536,enp0s25,16868,271493
821,08:05:20.543,enp0s25,17809,501803
822,08:05:21.550,enp0s25,84881,2048550
823,08:05:22.558,enp0s25,117696,2779304
824,08:05:23.566,enp0s25,26008,608307
825,08:05:24.574,enp0s25,73037,3134363
826,08:05:25.581,enp0s25,16323,198214
827,08:05:26.590,enp0s25,72031,1904542
828,08:05:27.598,enp0s25,13423,250733
829,08:05:28.605,enp0s25,6128,80166
830,08:05:29.611,enp0s25,58217,1364647
831,08:05:30.618,enp0s25,20023,249759
832,08:05:31.627,enp0s25,560,22819
833,08:05:32.638,enp0s25,2088,4848
834,08:05:33.644,enp0s25,33292,664908
835,08:05:34.658,enp0s25,19670,657623
836,08:05:35.665,enp0s25,0,64
837,08:05:36.677,enp0s25,3326,51820
838,08:05:37.691,enp0s25,4694,62524
839,08:05:38.703,enp0s25,47278,1006053
840,08:05:39.711,enp0s25,37975,1194565
841,08:05:40.718,enp0s25,37920,1094340
842,08:05:41.725,enp0s25,5218,62077
843,08:05:42.733,enp0s25,116295,4179392
844,08:05:43.741,enp0s25,122500,3591409
845,08:05:44.748,enp0s25,11558,272720
846,08:05:45.754,enp0s25,149462,5155001
847,08:05:46.762,enp0s25,12479,434429
848,08:05:47.769,enp0s25,8660,103099
849,08:05:48.775,enp0s25,58407,1559638
850,08:05:49.782,enp0s25,70,134
851,08:05:50.789,enp0s25,0,0
852,08:05:51.795,enp0s25,2088,4912
853,08:05:52.802,enp0s25,54665,1339475
854,08:05:53.808,enp0s25,0,1438
855,08:05:54.815,enp0s25,0,2648
856,08:05:55.822,enp0s25,1870,5668
857,08:05:56.829,enp0s25,51529,1340185
858,08:05:57.836,enp0s25,0,1284
859,08:05:58.842,enp0s25,0,0
860,08:05:59.849,enp0s25,218,212
861,08:06:00.855,enp0s25,8521,97854
862,08:06:01.862,enp0s25,43960,1239019
863,08:06:02.870,enp0s25,420,475
864,08:06:03.877,enp0s25,64,128
865,08:06:04.884,enp0s25,1940,4770
866,08:06:05.891,enp0s25,52089,1338633
867,08:06:06.900,enp0s25,2627,46755
868,08:06:07.907,enp0s25,70,134
869,08:06:08.914,enp0s25,0,0
870,08:06:09.921,enp0s25,2675,4982
871,08:06:10.932,enp0s25,53524,1317087
872,08:06:11.940,enp0s25,179,243
873,08:06:12.948,enp0s25,52839,1325394
874,08:06:13.955,enp0s25,210,539
875,08:06:14.969,enp0s25,1870,4770
876,08:06:15.976,enp0s25,53419,1319639
877,08:06:16.983,enp0s25,0,0
878,08:06:17.990,enp0s25,0,64
879,08:06:18.996,enp0s25,3072,5279
880,08:06:20.011,enp0s25,53519,1805493
881,08:06:21.021,enp0s25,2977,12228
882,08:06:22.029,enp0s25,509,307
883,08:06:23.042,enp0s25,36046,1369017
884,08:06:24.054,enp0s25,133000,6776486
885,08:06:25.062,enp0s25,136774,6877374
886,08:06:26.076,enp0s25,162114,8200510
887,08:06:27.086,enp0s25,159368,8198718
888,08:06:28.094,enp0s25,179060,8207890
889,08:06:29.102,enp0s25,95830,4512940
890,08:06:30.112,enp0s25,0,64
891,08:06:31.120,enp0s25,0,70
892,08:06:32.127,enp0s25,0,0
893,08:06:33.134,enp0s25,0,64
894,08:06:34.150,enp0s25,0,386
895,08:06:35.159,enp0s25,0,64
896,08:06:36.166,enp0s25,64,64
897,08:06:37.172,enp0s25,0,64
898,08:06:38.179,enp0s25,0,0
899,08:06:39.185,enp0s25,0,64
900,08:06:40.199,enp0s25,0,0
901,08:06:41.207,enp0s25,70,134
902,08:06:42.214,enp0s25,0,0
903,08:06:43.221,enp0s25,0,64
904,08:06:44.231,enp0s25,0,0
905,08:06:45.249,enp0s25,0,64
906,08:06:46.259,enp0s25,0,0
907,08:06:47.266,enp0s25,64,128
908,08:06:48.280,enp0s25,0,0
909,08:06:49.296,enp0s25,0,64
910,08:06:50.305,enp0s25,0,0
911,08:06:51.314,enp0s25,70,134
912,08:06:52.321,enp0s25,0,0
913,08:06:53.328,enp0s25,182,229
914,08:06:54.335,enp0s25,350,3921
915,08:06:55.341,enp0s25,0,64
916,08:06:56.349,enp0s25,0,0
917,08:06:57.360,enp0s25,0,64
918,08:06:58.371,enp0s25,6711,160214
919,08:06:59.390,enp0s25,70291,2670987
920,08:07:00.400,enp0s25,108496,6377188
921,08:07:01.417,enp0s25,154882,6967706
922,08:07:02.427,enp0s25,179550,8230596
923,08:07:03.435,enp0s25,176670,8227624
924,08:07:04.442,enp0s25,157809,7165753
925,08:07:05.449,enp0s25,178990,8207890
926,08:07:06.457,enp0s25,178220,8204790
927,08:07:07.464,enp0s25,153917,6954611
928,08:07:08.479,enp0s25,132002,7297026
929,08:07:09.489,enp0s25,147081,6614625
930,08:07:10.496,enp0s25,89509,3801946
931,08:07:11.511,enp0s25,27306,659037
932,08:07:12.522,enp0s25,52880,1684287
933,08:07:13.530,enp0s25,46175,1580057
934,08:07:14.538,enp0s25,97603,4291945
935,08:07:15.545,enp0s25,0,64
936,08:07:16.556,enp0s25,0,0
937,08:07:17.569,enp0s25,186,180
938,08:07:18.578,enp0s25,0,0
939,08:07:19.589,enp0s25,0,64
940,08:07:20.598,enp0s25,64,64
941,08:07:21.606,enp0s25,0,64
942,08:07:22.627,enp0s25,0,0
943,08:07:23.644,enp0s25,0,64
944,08:07:24.652,enp0s25,0,0
945,08:07:25.662,enp0s25,0,64
946,08:07:26.671,enp0s25,0,0
947,08:07:27.680,enp0s25,0,64
948,08:07:28.692,enp0s25,0,0
949,08:07:29.705,enp0s25,0,64
950,08:07:30.713,enp0s25,0,0
951,08:07:31.720,enp0s25,64,128
952,08:07:32.728,enp0s25,0,0
953,08:07:33.735,enp0s25,0,64
954,08:07:34.743,enp0s25,0,0
955,08:07:35.752,enp0s25,0,64
956,08:07:36.759,enp0s25,0,0
957,08:07:37.776,enp0s25,0,64
958,08:07:38.783,enp0s25,0,0
959,08:07:39.790,enp0s25,0,64
960,08:07:40.797,enp0s25,0,0
961,08:07:41.805,enp0s25,88893,3128882
962,08:07:42.821,enp0s25,18306,966264
963,08:07:43.831,enp0s25,0,64
964,08:07:44.838,enp0s25,0,0
965,08:07:45.845,enp0s25,0,64
966,08:07:46.851,enp0s25,0,0
967,08:07:47.858,enp0s25,0,64
968,08:07:48.865,enp0s25,0,0
969,08:07:49.872,enp0s25,0,64
970,08:07:50.880,enp0s25,20187,765010
971,08:07:51.888,enp0s25,28018,1069244
972,08:07:52.896,enp0s25,25322,1068608
973,08:07:53.904,enp0s25,24870,936385
974,08:07:54.914,enp0s25,21378,715175
975,08:07:55.923,enp0s25,29602,1197303
976,08:07:56.931,enp0s25,26584,1006149
977,08:07:57.940,enp0s25,34570,1439400
978,08:07:58.952,enp0s25,15208,498507
979,08:07:59.963,enp0s25,21844,890263
980,08:08:00.970,enp0s25,29034,1246875
981,08:08:01.984,enp0s25,50520,2348539
982,08:08:02.991,enp0s25,29360,1266813
983,08:08:04.005,enp0s25,37063,1793585
984,08:08:05.014,enp0s25,33238,1338601
985,08:08:06.024,enp0s25,30600,1259413
986,08:08:07.034,enp0s25,14930,401338
987,08:08:08.043,enp0s25,11978,314831
988,08:08:09.052,enp0s25,19122,706620
989,08:08:10.064,enp0s25,8085,275981
990,08:08:11.078,enp0s25,20846,742740
991,08:08:12.089,enp0s25,15594,400578
992,08:08:13.102,enp0s25,15678,497281
993,08:08:14.112,enp0s25,17518,553776
994,08:08:15.121,enp0s25,27078,1359407
995,08:08:16.130,enp0s25,13802,395823
996,08:08:17.143,enp0s25,8596,275856
997,08:08:18.157,enp0s25,21304,787077
998,08:08:19.166,enp0s25,25230,922310
999,08:08:20.182,enp0s25,21100,758284
1000,08:08:21.192,enp0s25,15348,467348
1001,08:08:22.200,enp0s25,16140,408492
1002,08:08:23.208,enp0s25,49556,2207650
1003,08:08:24.214,enp0s25,19104,584169
1004,08:08:25.221,enp0s25,17046,460303
1005,08:08:26.231,enp0s25,24072,845982
1006,08:08:27.242,enp0s25,15536,374638
1007,08:08:28.255,enp0s25,18286,513189
1008,08:08:29.266,enp0s25,17300,508905
1009,08:08:30.280,enp0s25,12718,319250
1010,08:08:31.289,enp0s25,11462,185570
1011,08:08:32.296,enp0s25,16150,434018
1012,08:08:33.304,enp0s25,20794,738375
1013,08:08:34.315,enp0s25,14872,377529
1014,08:08:35.329,enp0s25,10236,192445
1015,08:08:36.340,enp0s25,10366,133445
1016,08:08:37.353,enp0s25,33054,1324825
1017,08:08:38.367,enp0s25,30478,1367414
1018,08:08:39.376,enp0s25,56102,2590682
1019,08:08:40.387,enp0s25,46056,2059705
1020,08:08:41.395,enp0s25,41570,1840922
1021,08:08:42.405,enp0s25,13668,294403
1022,08:08:43.414,enp0s25,13358,281583
1023,08:08:44.426,enp0s25,13690,383027
1024,08:08:45.438,enp0s25,19244,566138
1025,08:08:46.450,enp0s25,22590,771437
1026,08:08:47.460,enp0s25,13026,237662
1027,08:08:48.469,enp0s25,13176,249289
1028,08:08:49.480,enp0s25,19118,594629
1029,08:08:50.492,enp0s25,14144,357976
1030,08:08:51.506,enp0s25,45938,2007252
1031,08:08:52.517,enp0s25,92246,4456129
1032,08:08:53.529,enp0s25,15332,741594
1033,08:08:54.542,enp0s25,18006,521112
1034,08:08:55.556,enp0s25,14430,335141
1035,08:08:56.566,enp0s25,46536,2073215
1036,08:08:57.575,enp0s25,15276,340661
1037,08:08:58.584,enp0s25,15176,393596
1038,08:08:59.591,enp0s25,16386,431164
1039,08:09:00.602,enp0s25,20485,612277
1040,08:09:01.615,enp0s25,28194,1077295
1041,08:09:02.629,enp0s25,118986,6553783
1042,08:09:03.638,enp0s25,7148,141164
1043,08:09:04.645,enp0s25,6778,111354
1044,08:09:05.658,enp0s25,14460,340228
1045,08:09:06.670,enp0s25,22582,1142677
1046,08:09:07.678,enp0s25,39408,1820361
1047,08:09:08.690,enp0s25,6164,129418
1048,08:09:09.699,enp0s25,0,64
1049,08:09:10.705,enp0s25,10297,4576
1050,08:09:11.712,enp0s25,666,3570
1051,08:09:12.719,enp0s25,0,0
1052,08:09:13.726,enp0s25,0,64
1053,08:09:14.733,enp0s25,0,0
1054,08:09:15.740,enp0s25,0,64
1055,08:09:16.747,enp0s25,0,0
1056,08:09:17.754,enp0s25,0,64
1057,08:09:18.761,enp0s25,0,114
1058,08:09:19.768,enp0s25,0,64
1059,08:09:20.774,enp0s25,0,0
1060,08:09:21.781,enp0s25,64,128
1061,08:09:22.788,enp0s25,0,0
1062,08:09:23.798,enp0s25,0,64
1063,08:09:24.805,enp0s25,0,0
1064,08:09:25.813,enp0s25,0,64
1065,08:09:26.819,enp0s25,0,0
1066,08:09:27.827,enp0s25,0,64
1067,08:09:28.834,enp0s25,0,0
1068,08:09:29.841,enp0s25,52103,573380
1069,08:09:30.848,enp0s25,180109,6990886
1070,08:09:31.855,enp0s25,74113,6967360
1071,08:09:32.862,enp0s25,129039,3294665
1072,08:09:33.869,enp0s25,54756,951648
1073,08:09:34.876,enp0s25,36054,461136
1074,08:09:35.883,enp0s25,79535,3844106
1075,08:09:36.889,enp0s25,41610,677800
1076,08:09:37.896,enp0s25,66326,1165213
1077,08:09:38.903,enp0s25,31285,139056
1078,08:09:39.909,enp0s25,44024,682548
1079,08:09:40.916,enp0s25,47991,417313
1080,08:09:41.923,enp0s25,44579,657132
1081,08:09:42.930,enp0s25,44501,734415
1082,08:09:43.937,enp0s25,75965,1750456
1083,08:09:44.946,enp0s25,39435,710433
1084,08:09:45.953,enp0s25,64881,1026481
1085,08:09:46.960,enp0s25,40725,818555
1086,08:09:47.971,enp0s25,28740,217149
1087,08:09:48.978,enp0s25,43893,1537100
1088,08:09:49.985,enp0s25,28417,976034
1089,08:09:50.995,enp0s25,36732,147934
1090,08:09:52.002,enp0s25,34546,820139
1091,08:09:53.009,enp0s25,47864,641133
1092,08:09:54.016,enp0s25,63891,1798860
1093,08:09:55.023,enp0s25,59593,1076546
1094,08:09:56.030,enp0s25,30647,325506
1095,08:09:57.037,enp0s25,19817,188277
1096,08:09:58.044,enp0s25,36509,287674
1097,08:09:59.051,enp0s25,42292,377942
1098,08:10:00.058,enp0s25,48450,405728
1099,08:10:01.065,enp0s25,27445,266689
1100,08:10:02.072,enp0s25,40629,595380
1101,08:10:03.079,enp0s25,58735,1589326
1102,08:10:04.086,enp0s25,38948,595436
1103,08:10:05.092,enp0s25,43979,864773
1104,08:10:06.099,enp0s25,38134,637851
1105,08:10:07.106,enp0s25,26533,324524
1106,08:10:08.113,enp0s25,192,5092
1107,08:10:09.120,enp0s25,0,0
1108,08:10:10.126,enp0s25,0,0
1109,08:10:11.133,enp0s25,0,64
1110,08:10:12.140,enp0s25,0,0
1111,08:10:13.149,enp0s25,0,64
1112,08:10:14.157,enp0s25,0,0
1113,08:10:15.164,enp0s25,0,64
1114,08:10:16.171,enp0s25,0,0
1115,08:10:17.177,enp0s25,1843,7184
1116,08:10:18.186,enp0s25,118554,3718354
1117,08:10:19.194,enp0s25,0,64
1118,08:10:20.201,enp0s25,1920,960
1119,08:10:21.215,enp0s25,8462,193247
1120,08:10:22.226,enp0s25,79504,1628190
1121,08:10:23.239,enp0s25,28312,489811
1122,08:10:24.252,enp0s25,23733,253226
1123,08:10:25.261,enp0s25,80783,1309343
1124,08:10:26.267,enp0s25,0,0
1125,08:10:27.274,enp0s25,3283,4311
1126,08:10:28.280,enp0s25,80008,2678088
1127,08:10:29.294,enp0s25,85898,2122658
1128,08:10:30.305,enp0s25,6740,94207
1129,08:10:31.313,enp0s25,149786,5053682
1130,08:10:32.321,enp0s25,426,7132
1131,08:10:33.332,enp0s25,70912,2196499
1132,08:10:34.341,enp0s25,27483,430587
1133,08:10:35.348,enp0s25,78962,1940898
1134,08:10:36.359,enp0s25,48446,1377228
1135,08:10:37.367,enp0s25,0,64
1136,08:10:38.374,enp0s25,1984,1024
1137,08:10:39.381,enp0s25,96023,2307837
1138,08:10:40.387,enp0s25,83180,2285123
1139,08:10:41.398,enp0s25,36564,786339
1140,08:10:42.406,enp0s25,47366,1049545
1141,08:10:43.420,enp0s25,17452,235599
1142,08:10:44.432,enp0s25,37416,876920
1143,08:10:45.442,enp0s25,3453,64
1144,08:10:46.449,enp0s25,129955,2149264
1145,08:10:47.456,enp0s25,63981,1618353
1146,08:10:48.463,enp0s25,0,0
1147,08:10:49.480,enp0s25,64,128
1148,08:10:50.490,enp0s25,0,0
1149,08:10:51.500,enp0s25,3534,4428
1150,08:10:52.507,enp0s25,0,0
1151,08:10:53.518,enp0s25,0,64
1152,08:10:54.525,enp0s25,0,0
1153,08:10:55.531,enp0s25,0,64
1154,08:10:56.538,enp0s25,0,114
1155,08:10:57.544,enp0s25,0,64
1156,08:10:58.551,enp0s25,0,0
1157,08:10:59.557,enp0s25,0,64
1158,08:11:00.564,enp0s25,64,64
1159,08:11:01.571,enp0s25,0,64
1160,08:11:02.577,enp0s25,0,0
1161,08:11:03.584,enp0s25,190,64
1162,08:11:04.591,enp0s25,0,0
1163,08:11:05.598,enp0s25,0,64
1164,08:11:06.604,enp0s25,0,0
1165,08:11:07.611,enp0s25,0,64
1166,08:11:08.617,enp0s25,0,0
1167,08:11:09.624,enp0s25,0,64
1168,08:11:10.631,enp0s25,0,0
1169,08:11:11.637,enp0s25,64,128
1170,08:11:12.644,enp0s25,0,0
1171,08:11:13.650,enp0s25,0,64
1172,08:11:14.657,enp0s25,0,0
1173,08:11:15.663,enp0s25,0,64
1174,08:11:16.670,enp0s25,0,0
1175,08:11:17.676,enp0s25,0,64
1176,08:11:18.683,enp0s25,0,0
1177,08:11:19.689,enp0s25,0,64
1178,08:11:20.720,enp0s25,0,0
1179,08:11:21.734,enp0s25,0,64
1180,08:11:22.746,enp0s25,64,64
1181,08:11:23.755,enp0s25,0,64
1182,08:11:24.772,enp0s25,0,0
1183,08:11:25.781,enp0s25,1255,4049
1184,08:11:26.788,enp0s25,10506,220735
1185,08:11:27.794,enp0s25,5534,7926
1186,08:11:28.801,enp0s25,7286,122481
1187,08:11:29.808,enp0s25,7773,110918
1188,08:11:30.815,enp0s25,5168,171630
1189,08:11:31.821,enp0s25,0,64
1190,08:11:32.828,enp0s25,0,0
1191,08:11:33.835,enp0s25,64,128
1192,08:11:34.841,enp0s25,0,0
1193,08:11:35.848,enp0s25,0,64
1194,08:11:36.855,enp0s25,0,0
1195,08:11:37.861,enp0s25,0,64
1196,08:11:38.868,enp0s25,0,0
1197,08:11:39.875,enp0s25,0,64
1198,08:11:40.881,enp0s25,140,171
1199,08:11:41.888,enp0s25,1526,1063
1200,08:11:42.894,enp0s25,76834,2295151
1201,08:11:43.901,enp0s25,73888,2592541
1202,08:11:44.908,enp0s25,15464,442757
1203,08:11:45.915,enp0s25,0,64
1204,08:11:46.922,enp0s25,0,0
1205,08:11:47.930,enp0s25,0,64
1206,08:11:48.936,enp0s25,0,0
1207,08:11:49.943,enp0s25,0,64
1208,08:11:50.950,enp0s25,0,0
1209,08:11:51.956,enp0s25,0,64
1210,08:11:52.963,enp0s25,0,0
1211,08:11:53.969,enp0s25,0,64
1212,08:11:54.976,enp0s25,0,0
1213,08:11:55.983,enp0s25,64,128
1214,08:11:56.989,enp0s25,0,0
1215,08:11:57.996,enp0s25,39350,1370399
1216,08:11:59.006,enp0s25,0,328
1217,08:12:00.013,enp0s25,0,64
1218,08:12:01.019,enp0s25,0,0
1219,08:12:02.026,enp0s25,0,64
1220,08:12:03.032,enp0s25,0,0
1221,08:12:04.039,enp0s25,2686,52428
1222,08:12:05.051,enp0s25,146140,6325529
1223,08:12:06.058,enp0s25,0,64
1224,08:12:07.065,enp0s25,64,64
1225,08:12:08.071,enp0s25,0,64
1226,08:12:09.078,enp0s25,0,0
1227,08:12:10.085,enp0s25,7831,181909
1228,08:12:11.094,enp0s25,3990,145705
1229,08:12:12.102,enp0s25,0,64
1230,08:12:13.109,enp0s25,0,0
1231,08:12:14.115,enp0s25,0,64
1232,08:12:15.122,enp0s25,0,64
1233,08:12:16.131,enp0s25,0,0
1234,08:12:17.143,enp0s25,0,64
1235,08:12:18.155,enp0s25,64,64
1236,08:12:19.162,enp0s25,0,64
1237,08:12:20.168,enp0s25,0,0
1238,08:12:21.175,enp0s25,148,142
1239,08:12:22.182,enp0s25,8251,56833
1240,08:12:23.189,enp0s25,30790,516751
1241,08:12:24.195,enp0s25,17085,501598
1242,08:12:25.202,enp0s25,14373,174527
1243,08:12:26.208,enp0s25,114551,2905551
1244,08:12:27.216,enp0s25,85369,2062318
1245,08:12:28.222,enp0s25,95263,3485997
1246,08:12:29.230,enp0s25,10198,153564
1247,08:12:30.237,enp0s25,18398,626172
1248,08:12:31.244,enp0s25,57152,1427699
1249,08:12:32.253,enp0s25,9559,221087
1250,08:12:33.261,enp0s25,78,64
1251,08:12:34.268,enp0s25,5050,40792
1252,08:12:35.276,enp0s25,21172,197544
1253,08:12:36.286,enp0s25,52264,1381314
1254,08:12:37.297,enp0s25,0,64
1255,08:12:38.304,enp0s25,2563,5479
1256,08:12:39.311,enp0s25,2675,4912
1257,08:12:40.317,enp0s25,53140,1375410
1258,08:12:41.324,enp0s25,5204,62524
1259,08:12:42.332,enp0s25,20339,595211
1260,08:12:43.339,enp0s25,18574,309976
1261,08:12:44.345,enp0s25,78590,2125488
1262,08:12:45.352,enp0s25,9985,294959
1263,08:12:46.361,enp0s25,59345,2959053
1264,08:12:47.368,enp0s25,103677,3841449
1265,08:12:48.375,enp0s25,48580,1303258
1266,08:12:49.381,enp0s25,12200,256117
1267,08:12:50.389,enp0s25,154497,5313197
1268,08:12:51.396,enp0s25,8735,126222
1269,08:12:52.402,enp0s25,57498,1573773
1270,08:12:53.409,enp0s25,0,1446
1271,08:12:54.416,enp0s25,0,1732
1272,08:12:55.423,enp0s25,1940,9236
1273,08:12:56.431,enp0s25,52019,1340632
1274,08:12:57.440,enp0s25,0,2428
1275,08:12:58.448,enp0s25,0,0
1276,08:12:59.459,enp0s25,148,142
1277,08:13:00.466,enp0s25,25811,459968
1278,08:13:01.473,enp0s25,26104,851563
1279,08:13:02.486,enp0s25,0,0
1280,08:13:03.498,enp0s25,0,64
1281,08:13:04.505,enp0s25,1940,4770
1282,08:13:05.512,enp0s25,54469,1338510
1283,08:13:06.519,enp0s25,0,0
1284,08:13:07.526,enp0s25,420,539
1285,08:13:08.533,enp0s25,148,78
1286,08:13:09.540,enp0s25,3691,9130
