1,12:39:25.692,10.6,27.169098,5473092
2,12:39:25.867,12.3,27.198863,5479088
3,12:39:26.036,0.0,27.199796,5479276
4,12:39:26.206,0.0,27.202100,5479740
5,12:39:26.374,1.4,27.200729,5479244
6,12:39:26.546,3.1,27.205892,5480504
7,12:39:26.718,4.4,27.208672,5481064
8,12:39:26.887,1.5,27.207183,5480544
9,12:39:27.056,0.0,27.208076,5480944
10,12:39:27.225,0.0,27.207878,5480904
11,12:39:27.395,1.6,27.207878,5480684
12,12:39:27.563,3.1,27.206905,5480708
13,12:39:27.732,1.6,27.206945,5480716
14,12:39:27.902,0.0,27.205972,5480520
15,12:39:28.074,2.9,27.206726,5480452
16,12:39:28.242,1.5,27.204383,5480200
17,12:39:28.411,1.4,27.206567,5480640
18,12:39:28.583,3.0,27.207818,5480932
19,12:39:28.758,1.6,27.204760,5480520
20,12:39:28.935,1.5,27.211015,5481536
21,12:39:29.107,0.0,27.211373,5481608
22,12:39:29.275,1.6,27.208334,5480996
23,12:39:29.446,0.0,27.204879,5480804
24,12:39:29.616,1.5,27.204264,5480436
25,12:39:29.785,0.0,27.205634,5480492
26,12:39:29.961,1.5,27.204065,5480136
27,12:39:30.134,0.0,27.206329,5480372
28,12:39:30.305,0.0,27.204582,5480280
29,12:39:30.474,0.0,27.203311,5479984
30,12:39:30.642,1.6,27.202576,5480072
31,12:39:30.811,0.0,27.203172,5479956
32,12:39:30.980,0.0,27.203370,5479776
33,12:39:31.151,4.5,27.204125,5480432
34,12:39:31.323,3.2,27.205257,5480156
35,12:39:31.492,1.5,27.203589,5479820
36,12:39:31.662,1.5,27.207044,5480736
37,12:39:31.840,3.0,27.208215,5480972
38,12:39:32.016,1.5,27.208215,5480972
39,12:39:32.191,0.0,27.206925,5480712
40,12:39:32.369,0.0,27.209367,5480984
41,12:39:32.544,0.0,27.208473,5481024
42,12:39:32.718,2.9,27.208593,5481048
43,12:39:32.897,0.0,27.208573,5481044
44,12:39:33.073,0.0,27.208215,5480972
45,12:39:33.249,1.6,27.207659,5480860
46,12:39:33.419,4.4,27.209585,5481248
47,12:39:33.590,0.0,27.210300,5481392
48,12:39:33.768,1.5,27.210777,5481488
49,12:39:33.939,3.1,27.207759,5480928
50,12:39:34.108,0.0,27.207580,5480892
51,12:39:34.276,0.0,27.206488,5480624
52,12:39:34.445,0.0,27.206528,5480632
53,12:39:34.613,1.5,27.418992,5523856
54,12:39:34.785,1.5,27.633243,5566592
55,12:39:34.956,0.0,27.630940,5566128
56,12:39:35.124,1.6,27.634097,5566544
57,12:39:35.292,0.0,27.632807,5566284
58,12:39:35.460,0.0,27.631496,5566240
59,12:39:35.628,1.3,27.632211,5566384
60,12:39:35.796,0.0,27.634971,5566500
61,12:39:35.965,0.0,27.632052,5566352
62,12:39:36.133,0.0,27.632211,5566400
63,12:39:36.302,0.0,27.633343,5566864
64,12:39:36.470,3.0,27.634554,5566636
65,12:39:36.639,1.5,27.633502,5566676
66,12:39:36.807,0.0,27.630900,5566120
67,12:39:36.981,1.6,27.632151,5566372
68,12:39:37.149,0.0,27.633422,5566628
69,12:39:37.318,1.6,27.632132,5566368
70,12:39:37.486,3.1,27.631059,5566152
71,12:39:37.657,1.6,27.633065,5566556
72,12:39:37.828,1.6,27.631595,5566260
73,12:39:37.996,0.0,27.630344,5566008
74,12:39:38.164,3.1,27.628994,5565988
75,12:39:38.335,3.1,27.627346,5565468
76,12:39:38.506,1.6,27.628875,5565712
77,12:39:38.675,1.6,27.627664,5565468
78,12:39:38.843,3.0,27.627783,5565272
79,12:39:39.013,1.6,27.628121,5565560
80,12:39:39.184,1.5,27.628319,5565600
81,12:39:39.361,3.1,27.630344,5565788
82,12:39:39.531,0.0,27.628736,5565684
83,12:39:39.702,3.5,27.631675,5566276
84,12:39:39.876,3.3,27.629093,5565756
85,12:39:40.049,1.9,27.627604,5565456
86,12:39:40.220,1.8,27.623434,5564616
87,12:39:40.391,0.0,27.625221,5564976
88,12:39:40.562,0.0,27.628577,5565420
89,12:39:40.733,0.0,27.630086,5565732
90,12:39:40.904,0.0,27.630444,5566028
91,12:39:41.075,1.9,27.633402,5566384
92,12:39:41.245,1.9,27.630464,5566568
93,12:39:41.415,0.0,27.635646,5566636
94,12:39:41.589,1.6,27.629649,5565648
95,12:39:41.759,5.3,27.632429,5566208
96,12:39:41.929,1.8,27.631119,5566164
97,12:39:42.099,0.0,27.631218,5566184
98,12:39:42.269,3.6,27.628399,5565616
99,12:39:42.441,5.4,27.627465,5565696
100,12:39:42.613,0.0,27.630722,5565864
101,12:39:42.783,3.3,27.627465,5565524
102,12:39:42.952,3.5,27.630166,5565752
103,12:39:43.126,0.0,27.628954,5565728
104,12:39:43.296,1.6,27.628260,5565588
105,12:39:43.467,3.3,27.628736,5565684
106,12:39:43.640,1.8,27.629292,5565356
107,12:39:43.811,1.7,27.626512,5565236
108,12:39:43.984,0.0,27.628855,5565488
109,12:39:44.156,1.8,27.628081,5565632
110,12:39:44.325,0.0,27.626472,5565228
111,12:39:44.495,3.3,27.629769,5565892
112,12:39:44.664,1.6,27.627088,5565576
113,12:39:44.836,1.6,27.626433,5565220
114,12:39:45.007,1.6,27.630146,5565968
115,12:39:45.177,3.0,27.628895,5565716
116,12:39:45.349,4.4,27.629530,5565624
117,12:39:45.519,3.0,27.631695,5566280
118,12:39:45.690,4.3,27.630205,5565536
119,12:39:45.862,3.0,27.626433,5565220
120,12:39:46.031,4.5,27.628577,5565652
121,12:39:46.202,3.0,27.629352,5565808
122,12:39:46.374,2.9,27.627803,5565496
123,12:39:46.543,2.9,27.629213,5565780
124,12:39:46.714,1.5,27.627723,5565480
125,12:39:46.886,1.5,27.637215,5567392
126,12:39:47.058,1.5,27.634713,5567156
127,12:39:47.229,4.3,27.636401,5567672
128,12:39:47.400,4.3,27.639995,5567952
129,12:39:47.571,4.3,27.639598,5567872
130,12:39:47.742,4.5,27.638069,5567564
131,12:39:47.913,4.4,27.638108,5567804
132,12:39:48.083,6.8,27.639518,5567856
133,12:39:48.253,2.9,27.638585,5567668
134,12:39:48.424,2.8,27.639578,5567868
135,12:39:48.595,5.4,27.639637,5567928
136,12:39:48.765,1.4,27.639478,5568088
137,12:39:48.935,3.0,27.637910,5567760
138,12:39:49.106,5.9,27.640253,5568004
139,12:39:49.282,1.4,27.639796,5567912
140,12:39:49.453,4.3,27.639478,5567848
141,12:39:49.623,2.9,27.640590,5567632
142,12:39:49.793,2.9,27.640134,5567980
143,12:39:49.963,0.0,27.636043,5567156
144,12:39:50.133,3.0,27.637691,5567940
145,12:39:50.303,1.5,27.636659,5567280
146,12:39:50.478,1.5,27.639002,5567752
147,12:39:50.651,4.5,27.635309,5566788
148,12:39:50.822,0.0,27.635606,5566848
149,12:39:50.994,1.5,27.633422,5566408
150,12:39:51.168,1.5,27.633283,5566600
151,12:39:51.343,3.0,27.641504,5568256
152,12:39:51.518,1.6,27.640749,5567884
153,12:39:51.692,2.9,27.637850,5567520
154,12:39:51.867,1.5,27.637096,5567148
155,12:39:52.044,1.5,27.635110,5566968
156,12:39:52.222,3.0,27.636897,5567572
157,12:39:52.394,2.9,27.639379,5567828
158,12:39:52.569,4.5,27.635289,5567004
159,12:39:52.743,3.0,27.636977,5567384
160,12:39:52.916,1.6,27.637413,5567676
161,12:39:53.085,0.0,27.707288,5581508
162,12:39:53.253,1.5,27.810284,5603900
163,12:39:53.422,1.6,27.915186,5623168
164,12:39:53.590,1.4,28.025568,5645624
165,12:39:53.758,3.0,28.047291,5649496
166,12:39:53.931,6.0,28.055432,5651832
167,12:39:54.108,0.0,28.141808,5669584
168,12:39:54.278,1.6,28.199570,5680944
169,12:39:54.446,3.0,28.298634,5700412
170,12:39:54.615,1.6,28.389021,5718840
171,12:39:54.784,0.0,28.448491,5730844
172,12:39:54.952,1.5,28.517413,5744704
173,12:39:55.122,1.5,28.550991,5751468
174,12:39:55.290,1.5,28.570986,5755528
175,12:39:55.459,0.0,28.598745,5761332
176,12:39:55.627,0.0,28.630178,5767092
177,12:39:55.796,0.0,28.650452,5771756
178,12:39:55.965,3.0,28.665721,5774580
179,12:39:56.134,3.1,28.680554,5778072
180,12:39:56.302,0.0,28.703369,5782164
181,12:39:56.472,1.5,28.724596,5786372
182,12:39:56.641,1.6,28.767684,5795356
183,12:39:56.810,1.5,28.859104,5813780
184,12:39:56.978,1.5,28.961742,5834212
185,12:39:57.147,4.3,28.977329,5837344
186,12:39:57.324,1.5,28.977985,5837484
187,12:39:57.501,1.6,28.976475,5836740
188,12:39:57.670,1.5,28.971372,5836404
189,12:39:57.847,3.1,28.975304,5836724
190,12:39:58.022,4.5,28.977587,5837404
191,12:39:58.197,1.6,28.976277,5837140
192,12:39:58.373,0.0,28.975344,5836952
193,12:39:58.552,1.5,28.975582,5837000
194,12:39:58.789,1.4,28.976138,5837380
195,12:39:58.976,1.5,28.972683,5836336
196,12:39:59.153,1.5,28.975085,5836352
197,12:39:59.330,1.5,28.971690,5836216
198,12:39:59.507,1.5,28.972445,5836620
199,12:39:59.682,3.0,28.973636,5836608
200,12:39:59.858,0.0,28.975622,5836788
201,12:40:00.028,1.6,28.974927,5836868
202,12:40:00.196,1.5,28.976853,5837256
203,12:40:00.365,1.5,28.975880,5836840
204,12:40:00.539,2.9,28.973338,5836792
205,12:40:00.715,1.5,28.973795,5836640
206,12:40:00.892,1.5,28.973835,5836892
207,12:40:01.067,1.5,28.977925,5837376
208,12:40:01.245,1.5,28.974172,5836716
209,12:40:01.421,0.0,28.975185,5837164
210,12:40:01.597,1.5,28.976019,5837088
211,12:40:01.776,1.5,28.977985,5837264
212,12:40:01.948,0.0,28.973775,5836636
213,12:40:02.117,1.5,28.976813,5837248
214,12:40:02.290,1.5,28.977607,5837692
215,12:40:02.459,1.5,28.978501,5837368
216,12:40:02.638,0.0,28.979394,5837768
217,12:40:02.809,1.5,28.976336,5837152
218,12:40:02.981,1.5,29.266618,5895628
219,12:40:03.155,1.5,29.261912,5894680
220,12:40:03.327,0.0,29.268406,5895768
221,12:40:03.502,1.5,29.264514,5895204
222,12:40:03.675,1.5,29.263322,5894416
223,12:40:03.847,1.6,29.263600,5894936
224,12:40:04.022,0.0,29.263163,5894932
225,12:40:04.192,3.2,29.262548,5894808
226,12:40:04.361,0.0,29.262707,5894620
227,12:40:04.530,2.6,29.261932,5894684
228,12:40:04.699,0.0,29.262627,5894604
229,12:40:04.868,1.6,29.262627,5894604
230,12:40:05.036,1.6,29.281054,5898536
231,12:40:05.205,1.6,29.280697,5898244
232,12:40:05.373,0.0,29.283238,5898976
233,12:40:05.542,1.5,29.283040,5898716
234,12:40:05.710,1.5,29.281292,5898364
235,12:40:05.878,1.6,29.281233,5898572
236,12:40:06.046,1.6,29.286118,5899556
237,12:40:06.214,1.5,29.283894,5899108
238,12:40:06.382,0.0,29.284450,5899220
239,12:40:06.551,3.0,29.283655,5899328
240,12:40:06.720,1.4,29.283199,5898968
241,12:40:06.889,1.5,29.282682,5898864
242,12:40:07.059,0.0,29.283159,5898960
243,12:40:07.228,1.5,29.283060,5898940
244,12:40:07.400,3.2,29.283357,5898672
245,12:40:07.573,1.5,29.280677,5898376
246,12:40:07.743,3.1,29.283179,5898896
247,12:40:07.912,1.5,29.282643,5899368
248,12:40:08.082,1.6,29.280161,5898136
249,12:40:08.251,1.5,29.279505,5898468
250,12:40:08.421,3.1,29.284132,5899156
251,12:40:08.590,0.0,29.279366,5898700
252,12:40:08.760,1.6,29.283894,5899108
253,12:40:08.929,1.6,29.283060,5899208
254,12:40:09.098,3.1,29.283814,5899092
255,12:40:09.268,0.0,29.286177,5899568
256,12:40:09.437,0.0,29.284926,5899096
257,12:40:09.605,0.0,29.285859,5899504
258,12:40:09.773,1.6,29.285701,5899472
259,12:40:09.941,3.1,29.285125,5899624
260,12:40:10.112,1.5,29.285641,5899460
261,12:40:10.285,1.6,29.286654,5899444
262,12:40:10.455,0.0,29.284589,5899248
263,12:40:10.624,0.0,29.285681,5899468
264,12:40:10.794,0.0,29.284430,5899216
265,12:40:10.962,1.5,29.283258,5898980
266,12:40:11.131,1.5,29.283338,5898996
267,12:40:11.300,1.6,29.284271,5899184
268,12:40:11.468,1.5,29.283218,5898972
269,12:40:11.637,1.4,29.281769,5898680
270,12:40:11.807,2.8,29.281670,5898920
271,12:40:11.976,3.0,29.284370,5899204
272,12:40:12.150,1.6,29.285661,5899244
273,12:40:12.320,1.5,29.288202,5899976
274,12:40:12.493,1.5,29.288282,5899992
275,12:40:12.665,4.5,29.288004,5899716
276,12:40:12.834,0.0,29.289692,5900276
277,12:40:13.003,1.5,29.288242,5899984
278,12:40:13.172,1.6,29.285899,5899512
279,12:40:13.343,1.5,29.286872,5899708
280,12:40:13.514,0.0,29.286991,5899732
281,12:40:13.682,1.6,29.286753,5899464
282,12:40:13.850,0.0,29.285383,5899408
283,12:40:14.019,1.6,29.288441,5900024
284,12:40:14.188,4.4,29.287646,5899864
285,12:40:14.356,1.6,29.287607,5899856
286,12:40:14.525,0.0,29.290188,5900376
287,12:40:14.694,1.6,29.291101,5900560
288,12:40:14.867,2.9,29.290049,5900348
289,12:40:15.045,1.6,29.288282,5899992
290,12:40:15.215,1.6,29.287488,5899612
291,12:40:15.387,1.6,29.293464,5901036
292,12:40:15.564,1.6,29.300633,5902748
293,12:40:15.739,4.7,29.290228,5900384
294,12:40:15.909,6.2,29.293008,5900724
295,12:40:16.084,3.0,29.288341,5900004
296,12:40:16.256,1.5,29.285820,5899500
297,12:40:16.427,2.7,29.282523,5898612
298,12:40:16.599,4.5,29.289175,5899952
299,12:40:16.770,2.9,29.290883,5900516
300,12:40:16.943,6.6,29.298488,5901608
301,12:40:17.115,6.3,29.305895,5903888
302,12:40:17.293,3.2,29.320211,5906804
303,12:40:17.468,3.3,29.312725,5904472
304,12:40:17.639,1.5,29.310839,5904736
305,12:40:17.810,1.4,29.317272,5905612
306,12:40:17.980,2.9,29.316280,5905192
307,12:40:18.151,3.1,29.312288,5904976
308,12:40:18.324,2.8,29.311117,5904592
309,12:40:18.496,4.2,29.313301,5905300
310,12:40:18.666,0.0,29.321125,5906608
311,12:40:18.841,1.4,29.313778,5905128
312,12:40:19.013,3.1,29.317372,5905852
313,12:40:19.190,2.9,29.311018,5904796
314,12:40:19.361,3.1,29.315326,5905440
315,12:40:19.535,5.9,29.310323,5904700
316,12:40:19.707,2.9,29.311574,5904684
317,12:40:19.879,2.8,29.320708,5906524
318,12:40:20.050,2.7,29.335560,5909296
319,12:40:20.225,5.1,29.334746,5909352
320,12:40:20.396,2.9,29.344436,5911788
321,12:40:20.568,0.0,29.348824,5912200
322,12:40:20.742,2.8,29.353947,5913220
323,12:40:20.917,2.9,29.364590,5915632
324,12:40:21.090,1.5,29.370448,5916544
325,12:40:21.266,4.6,29.373466,5917152
326,12:40:21.440,0.0,29.375412,5919896
327,12:40:21.619,4.5,29.386849,5919628
328,12:40:21.792,2.9,29.396043,5921700
329,12:40:21.963,1.5,29.397274,5921948
330,12:40:22.133,1.5,29.406428,5923816
331,12:40:22.303,1.5,29.457062,5933992
332,12:40:22.472,1.4,29.457141,5934008
333,12:40:22.644,3.1,29.538474,5950392
334,12:40:22.813,1.4,29.616629,5965916
335,12:40:22.981,0.0,29.743035,5991600
336,12:40:23.149,3.2,29.857468,6014652
337,12:40:23.318,3.1,29.914516,6026144
338,12:40:23.487,1.5,30.029961,6050912
339,12:40:23.655,0.0,30.145606,6072696
340,12:40:23.823,1.6,30.205235,6084708
341,12:40:23.992,0.0,30.276579,6098956
342,12:40:24.165,1.6,30.277949,6099608
343,12:40:24.335,1.5,30.279597,6099688
344,12:40:24.504,1.5,30.278704,6099288
345,12:40:24.677,2.9,30.274554,6099168
346,12:40:24.853,1.5,30.273303,6098664
347,12:40:25.023,3.0,30.279478,6099444
348,12:40:25.199,0.0,30.273362,6098692
349,12:40:25.368,1.6,30.274355,6098632
350,12:40:25.537,0.0,30.274435,6098648
351,12:40:25.709,3.0,30.274673,6098948
352,12:40:25.882,0.0,30.273958,6098552
353,12:40:26.055,1.5,30.276996,6098836
354,12:40:26.230,1.5,30.274117,6098584
355,12:40:26.400,1.5,30.274574,6098676
356,12:40:26.572,1.5,30.275308,6098824
357,12:40:26.743,0.0,30.274077,6098576
358,12:40:26.914,2.9,30.273740,6098508
359,12:40:27.089,1.6,30.272826,6098104
360,12:40:27.259,0.0,30.269550,6097916
361,12:40:27.428,1.5,30.282119,6100456
362,12:40:27.598,3.0,30.288493,6101480
363,12:40:27.775,0.0,30.296416,6103116
364,12:40:27.947,1.6,30.295860,6103216
365,12:40:28.119,2.9,30.293020,6102644
366,12:40:28.291,1.6,30.304954,6105080
367,12:40:28.459,1.5,30.304676,6104192
368,12:40:28.628,0.0,30.313075,6107220
369,12:40:28.798,1.5,30.328404,6109772
370,12:40:28.969,1.5,30.331125,6109520
371,12:40:29.143,1.6,30.712409,6186876
372,12:40:29.313,0.0,30.710562,6186552
373,12:40:29.481,0.0,30.710523,6186496
374,12:40:29.650,0.0,30.709669,6186104
375,12:40:29.819,0.0,30.709709,6186332
376,12:40:29.989,0.0,30.709709,6186112
377,12:40:30.157,1.5,30.710642,6186300
378,12:40:30.326,0.0,30.708299,6186048
379,12:40:30.494,0.0,30.708339,6186056
380,12:40:30.664,1.5,30.706214,6185628
381,12:40:30.832,0.0,30.707505,6185888
382,12:40:31.000,1.4,30.708756,6185920
383,12:40:31.168,1.5,30.708676,6185904
384,12:40:31.336,1.6,30.708795,6185740
385,12:40:31.505,0.0,30.707028,6185792
386,12:40:31.675,0.0,30.706829,6185532
387,12:40:31.843,1.5,30.708358,6186060
388,12:40:32.012,1.5,30.707802,6185948
389,12:40:32.181,1.5,30.707107,6185588
390,12:40:32.350,1.5,30.707922,6185972
391,12:40:32.518,1.4,30.706234,6185632
392,12:40:32.693,1.5,30.708497,6186088
393,12:40:32.868,1.5,30.708299,6186048
394,12:40:33.040,1.5,30.708418,6186072
395,12:40:33.215,1.4,30.708279,6186044
396,12:40:33.392,1.4,30.708239,6185816
397,12:40:33.568,4.6,30.710225,6186436
398,12:40:33.745,1.4,30.711396,6186452
399,12:40:33.913,1.6,30.711238,6186640
400,12:40:34.082,1.4,30.711158,6186900
401,12:40:34.257,4.4,30.712866,6186968
402,12:40:34.435,4.4,30.706690,6185724
403,12:40:34.613,1.4,30.707783,6186188
404,12:40:34.786,1.6,30.708775,6185924
405,12:40:34.954,1.5,30.708378,6185844
406,12:40:35.123,0.0,30.706492,6185684
407,12:40:35.293,0.0,30.706353,6185916
408,12:40:35.466,1.4,30.705221,6185428
409,12:40:35.642,3.1,30.705340,6185232
410,12:40:35.810,0.0,30.706829,6185752
411,12:40:35.979,0.0,30.707842,6185736
412,12:40:36.147,0.0,30.706551,6185696
413,12:40:36.315,1.6,30.707802,6185948
414,12:40:36.484,0.0,30.710463,6186484
415,12:40:36.652,1.5,30.710423,6186476
416,12:40:36.820,0.0,30.708855,6186224
417,12:40:36.990,1.5,30.710503,6186272
418,12:40:37.159,1.6,30.711674,6186444
419,12:40:37.328,1.6,30.707088,6185804
420,12:40:37.503,3.0,30.705876,6185560
421,12:40:37.675,1.5,30.704923,6185612
422,12:40:37.851,0.0,30.705340,6185720
423,12:40:38.020,0.0,30.703871,6185156
424,12:40:38.192,0.0,30.704586,6185300
425,12:40:38.361,0.0,30.703454,6184852
426,12:40:38.530,0.0,30.705598,6185504
427,12:40:38.700,0.0,30.705479,6185260
428,12:40:38.868,0.0,30.704467,6185276
429,12:40:39.037,0.0,30.705519,6185488
430,12:40:39.206,1.6,30.705757,6185316
431,12:40:39.375,1.6,30.703414,6185064
432,12:40:39.549,4.6,30.707008,6185788
433,12:40:39.718,3.1,30.708835,6186408
434,12:40:39.887,1.6,30.710265,6186224
435,12:40:40.056,0.0,30.709133,6186216
436,12:40:40.226,3.0,30.708438,6186076
437,12:40:40.395,1.5,30.709391,6186048
438,12:40:40.565,1.6,30.709550,6186300
439,12:40:40.734,1.4,30.709669,6186324
440,12:40:40.902,0.0,30.718465,6188096
441,12:40:41.070,3.0,31.122009,6269368
442,12:40:41.240,1.5,31.128363,6270668
443,12:40:41.409,0.0,31.124908,6269972
444,12:40:41.578,1.5,31.126079,6269988
445,12:40:41.746,0.0,31.125345,6269840
446,12:40:41.914,1.4,31.125583,6270108
447,12:40:42.082,1.6,31.124650,6269920
448,12:40:42.250,1.5,31.125226,6270036
449,12:40:42.418,1.5,31.125186,6270028
450,12:40:42.588,1.6,31.123935,6269776
451,12:40:42.756,0.0,31.125027,6269776
452,12:40:42.924,1.5,31.123776,6269744
453,12:40:43.092,0.0,31.123816,6269752
454,12:40:43.260,1.4,31.122724,6269800
455,12:40:43.429,1.5,31.127350,6270464
456,12:40:43.599,0.0,31.125007,6269992
457,12:40:43.768,1.5,31.125325,6270056
458,12:40:43.937,3.0,31.130130,6270680
459,12:40:44.105,0.0,31.128025,6270568
460,12:40:44.272,1.5,31.127866,6271072
461,12:40:44.441,0.0,31.129515,6270900
462,12:40:44.609,1.6,31.126814,6270356
463,12:40:44.778,0.0,31.131182,6271236
464,12:40:44.946,0.0,31.130090,6271284
465,12:40:45.114,3.0,31.130746,6271188
466,12:40:45.287,1.5,31.130547,6270888
467,12:40:45.460,3.2,31.131282,6271508
468,12:40:45.630,1.7,31.127807,6270556
469,12:40:45.802,0.0,31.132711,6271324
470,12:40:45.975,3.1,31.127886,6270352
471,12:40:46.146,1.9,31.127032,6270180
472,12:40:46.315,1.8,31.134340,6271880
473,12:40:46.486,0.0,31.131282,6271036
474,12:40:46.658,1.8,31.131758,6271352
475,12:40:46.828,1.7,31.129197,6270836
476,12:40:46.998,1.7,31.132831,6270908
477,12:40:47.168,0.0,31.126318,6270548
478,12:40:47.340,1.8,31.130249,6271048
479,12:40:47.511,3.1,31.136008,6272124
480,12:40:47.684,1.6,31.131361,6271516
481,12:40:47.854,0.0,31.134042,6271812
482,12:40:48.026,0.0,31.132751,6271552
483,12:40:48.196,0.0,31.131341,6271268
484,12:40:48.366,0.0,31.131004,6271200
485,12:40:48.537,3.2,31.132136,6271208
486,12:40:48.708,1.6,31.129932,6270984
487,12:40:48.880,1.6,31.128879,6270552
488,12:40:49.050,0.0,31.133228,6271208
489,12:40:49.221,0.0,31.129475,6270452
490,12:40:49.392,0.0,31.132195,6271440
491,12:40:49.564,0.0,31.126655,6270324
492,12:40:49.734,3.0,31.127767,6270548
493,12:40:49.904,2.9,31.130885,6271176
494,12:40:50.075,1.5,31.130150,6271028
495,12:40:50.246,3.0,31.129534,6270904
496,12:40:50.417,1.5,31.130627,6271124
497,12:40:50.588,0.0,31.129574,6270912
498,12:40:50.758,2.9,31.127489,6270492
499,12:40:50.928,1.5,31.129217,6271252
500,12:40:51.099,2.9,31.131222,6271104
501,12:40:51.270,2.9,31.133128,6271408
502,12:40:51.442,2.9,31.130766,6271152
503,12:40:51.613,1.4,31.130468,6271092
504,12:40:51.785,2.8,31.131580,6271316
505,12:40:51.956,1.5,31.129832,6270964
506,12:40:52.128,4.3,31.129951,6270988
507,12:40:52.301,1.5,31.130785,6270936
508,12:40:52.473,3.0,31.132731,6271548
509,12:40:52.647,3.2,31.129852,6270968
510,12:40:52.818,4.4,31.127132,6270420
511,12:40:52.992,1.5,31.134201,6271844
512,12:40:53.164,2.8,31.136166,6272240
513,12:40:53.335,4.3,31.137854,6272580
514,12:40:53.506,4.2,31.138887,6272788
515,12:40:53.677,4.3,31.138728,6273032
516,12:40:53.848,8.1,31.140594,6273132
517,12:40:54.018,5.4,31.141528,6273100
518,12:40:54.188,6.8,31.140773,6272928
519,12:40:54.359,8.1,31.138112,6272852
520,12:40:54.530,5.5,31.138232,6273108
521,12:40:54.700,4.3,31.140436,6273100
522,12:40:54.872,6.8,31.140594,6273356
523,12:40:55.043,2.9,31.140277,6273068
524,12:40:55.215,2.9,31.138073,6272848
525,12:40:55.388,4.3,31.138291,6272448
526,12:40:55.559,4.3,31.138430,6272148
527,12:40:55.734,2.9,31.138569,6272724
528,12:40:55.905,2.9,31.140455,6272884
529,12:40:56.077,2.9,31.143156,6273648
530,12:40:56.248,4.5,31.137239,6272456
531,12:40:56.420,0.0,31.141150,6273024
532,12:40:56.591,1.5,31.139641,6272980
533,12:40:56.765,0.0,31.137656,6272540
534,12:40:56.938,1.6,31.135888,6272184
535,12:40:57.109,2.9,31.140316,6273592
536,12:40:57.286,3.1,31.140714,6273156
537,12:40:57.463,2.9,31.137219,6272452
538,12:40:57.636,3.0,31.138351,6272680
539,12:40:57.811,2.9,31.138013,6272644
540,12:40:57.981,0.0,31.141170,6273248
541,12:40:58.149,1.6,31.221808,6289492
542,12:40:58.317,1.5,31.326491,6312596
543,12:40:58.486,0.0,31.428613,6331152
544,12:40:58.654,1.5,31.537486,6353084
545,12:40:58.823,4.5,31.555814,6357288
546,12:40:58.994,1.5,31.635756,6374928
547,12:40:59.164,1.5,31.683193,6382108
548,12:40:59.334,1.5,31.766610,6398736
549,12:40:59.502,0.0,31.861325,6417816
550,12:40:59.671,1.5,31.930029,6431832
551,12:40:59.840,1.6,32.004808,6447224
552,12:41:00.009,3.2,32.041583,6454900
553,12:41:00.178,0.0,32.072817,6460924
554,12:41:00.348,0.0,32.091800,6464748
555,12:41:00.518,1.6,32.135305,6473984
556,12:41:00.688,1.5,32.157167,6477956
557,12:41:00.857,1.6,32.189613,6483796
558,12:41:01.026,1.6,32.210005,6488560
559,12:41:01.195,1.6,32.237507,6494148
560,12:41:01.365,1.5,32.309645,6508632
561,12:41:01.534,1.5,32.404619,6527764
562,12:41:01.702,1.6,32.479815,6542912
563,12:41:01.873,1.6,32.479021,6543000
564,12:41:02.043,0.0,32.478406,6542628
565,12:41:02.213,1.5,32.477313,6542408
566,12:41:02.382,1.6,32.479736,6542676
567,12:41:02.551,1.5,32.476380,6542220
568,12:41:02.720,3.2,32.475209,6541984
569,12:41:02.890,1.5,32.526697,6554372
570,12:41:03.061,1.5,32.761738,6599956
571,12:41:03.235,0.0,32.764061,6600172
572,12:41:03.404,1.5,32.765630,6600268
573,12:41:03.577,1.5,32.759593,6599204
574,12:41:03.751,3.0,32.761539,6599892
575,12:41:03.926,1.5,32.762969,6600220
576,12:41:04.099,0.0,32.764200,6600200
577,12:41:04.270,3.2,32.763386,6600036
578,12:41:04.440,0.0,32.763664,6599872
579,12:41:04.608,0.0,32.760884,6599532
580,12:41:04.776,1.5,32.763227,6600004
581,12:41:04.945,0.0,32.770733,6601516
582,12:41:05.113,0.0,32.784652,6604320
583,12:41:05.282,0.0,32.785903,6604352
584,12:41:05.451,1.4,32.785566,6604284
585,12:41:05.620,1.6,32.785744,6604548
586,12:41:05.788,0.0,32.785466,6604264
587,12:41:05.957,1.6,32.783084,6604004
588,12:41:06.125,0.0,32.781833,6603752
589,12:41:06.293,1.5,32.784017,6604192
590,12:41:06.461,1.5,32.785546,6604280
591,12:41:06.630,3.0,32.784255,6604240
592,12:41:06.798,1.5,32.781991,6603784
593,12:41:06.966,0.0,32.784017,6604192
594,12:41:07.134,1.5,32.782686,6603924
595,12:41:07.302,1.6,32.781912,6603220
596,12:41:07.472,3.1,32.779192,6603724
597,12:41:07.642,5.7,32.780284,6603684
598,12:41:07.812,1.5,32.780939,6603832
599,12:41:07.981,1.6,32.779847,6603352
600,12:41:08.150,3.1,32.777822,6603464
601,12:41:08.323,3.0,32.778834,6603188
602,12:41:08.501,1.5,32.780045,6603392
603,12:41:08.678,1.5,32.780939,6603352
604,12:41:08.846,1.4,32.782746,6603716
605,12:41:09.021,1.4,32.782528,6603892
606,12:41:09.197,1.6,32.782190,6603864
607,12:41:09.366,1.5,32.780740,6603532
608,12:41:09.537,3.0,32.782865,6604204
609,12:41:09.713,1.5,32.785526,6604496
610,12:41:09.888,1.5,32.784831,6604356
611,12:41:10.056,1.5,32.786102,6604612
612,12:41:10.230,1.5,32.781753,6603760
613,12:41:10.405,1.6,32.784732,6604336
614,12:41:10.573,3.1,32.785844,6604560
615,12:41:10.741,0.0,32.786658,6604504
616,12:41:10.909,3.1,32.784037,6603976
617,12:41:11.077,1.5,32.781058,6603596
618,12:41:11.250,1.6,32.782051,6604088
619,12:41:11.419,4.6,32.783640,6604116
620,12:41:11.588,1.6,32.785049,6604400
621,12:41:11.756,1.5,32.786161,6604624
622,12:41:11.930,1.5,32.786201,6604632
623,12:41:12.105,0.0,32.785744,6604540
624,12:41:12.283,4.5,32.786638,6604720
625,12:41:12.456,0.0,32.786658,6604724
626,12:41:12.623,0.0,32.784910,6604152
627,12:41:12.793,3.1,32.781277,6603640
628,12:41:12.962,0.0,32.783540,6603876
629,12:41:13.137,1.5,32.782488,6604152
630,12:41:13.310,1.5,32.784215,6604232
631,12:41:13.487,1.5,32.782845,6603956
632,12:41:13.736,1.5,32.782647,6603916
633,12:41:13.916,1.5,32.782091,6603804
634,12:41:14.084,0.0,32.783461,6604080
635,12:41:14.253,0.0,32.782051,6603576
636,12:41:14.422,0.0,32.782647,6604184
637,12:41:14.590,1.6,32.784831,6604136
638,12:41:14.758,1.6,32.783818,6603932
639,12:41:14.925,0.0,32.786002,6604372
640,12:41:15.093,4.5,32.785069,6604404
641,12:41:15.273,1.5,32.785109,6604672
642,12:41:15.446,2.9,32.783779,6603924
643,12:41:15.621,2.9,32.781356,6603656
644,12:41:15.799,1.5,32.784593,6604592
645,12:41:15.978,1.5,32.786002,6604860
646,12:41:16.155,0.0,32.786002,6604592
647,12:41:16.332,1.6,32.786598,6604712
648,12:41:16.509,1.5,32.787651,6604972
649,12:41:16.685,1.6,32.783798,6604196
650,12:41:16.856,1.5,32.786558,6604720
651,12:41:17.032,1.5,32.788981,6605192
652,12:41:17.207,0.0,32.787730,6604720
653,12:41:17.383,1.6,32.786638,6604500
654,12:41:17.552,3.0,32.783580,6604104
655,12:41:17.722,1.6,32.782845,6603956
656,12:41:17.897,3.0,32.785029,6604396
657,12:41:18.068,3.1,32.788862,6605168
658,12:41:18.237,3.1,32.786479,6604932
659,12:41:18.406,1.5,32.786479,6604688
660,12:41:18.577,1.5,32.786479,6604688
661,12:41:18.745,0.0,32.787690,6604932
662,12:41:18.914,1.5,32.786439,6604948
663,12:41:19.082,1.5,32.787571,6604688
664,12:41:19.250,0.0,32.786539,6604700
665,12:41:19.418,3.0,32.789239,6605244
666,12:41:19.589,1.6,32.789874,6605372
667,12:41:19.758,0.0,32.790847,6605348
668,12:41:19.926,4.6,32.787531,6604680
669,12:41:20.099,1.5,32.788504,6604892
670,12:41:20.271,3.0,32.787988,6604992
671,12:41:20.447,2.9,32.785446,6604480
672,12:41:20.617,4.2,32.785367,6604464
673,12:41:20.790,4.3,32.790073,6605412
674,12:41:20.964,3.0,32.799088,6606988
675,12:41:21.141,2.9,32.786261,6605040
676,12:41:21.313,1.5,32.788762,6605148
677,12:41:21.485,1.5,32.788326,6605060
678,12:41:21.661,1.5,32.788683,6604912
679,12:41:21.832,4.1,32.786995,6604792
680,12:41:22.003,4.3,32.787512,6604896
681,12:41:22.174,5.6,32.786102,6604612
682,12:41:22.345,4.2,32.782667,6604372
683,12:41:22.516,5.6,32.786658,6604724
684,12:41:22.689,1.4,32.793270,6606104
685,12:41:22.865,1.5,32.796785,6606764
686,12:41:23.040,4.5,32.786102,6604392
687,12:41:23.210,2.7,32.782825,6604316
688,12:41:23.382,1.5,32.782964,6603760
689,12:41:23.551,3.1,32.794997,6606404
690,12:41:23.727,3.1,32.798313,6607072
691,12:41:23.900,3.2,32.787651,6605232
692,12:41:24.069,4.3,32.782468,6604236
693,12:41:24.242,4.2,32.784335,6604628
694,12:41:24.414,4.2,32.785248,6604440
695,12:41:24.586,1.5,32.784990,6604388
696,12:41:24.757,1.5,32.784950,6604428
697,12:41:24.930,4.3,32.803139,6608276
698,12:41:25.107,3.1,32.809870,6609220
699,12:41:25.280,3.0,32.816502,6610736
700,12:41:25.449,5.9,32.810208,6609524
701,12:41:25.621,4.2,32.818269,6610872
702,12:41:25.793,3.1,32.826867,6612824
703,12:41:25.962,0.0,32.827880,6612804
704,12:41:26.132,4.2,32.838046,6615076
705,12:41:26.304,4.3,32.834909,6615068
706,12:41:26.477,4.4,32.846168,6616712
707,12:41:26.649,1.5,32.859094,6619316
708,12:41:26.820,1.5,32.860881,6619456
709,12:41:26.990,4.3,32.867752,6621060
710,12:41:27.161,2.9,32.877779,6623080
711,12:41:27.334,10.4,32.877759,6623076
712,12:41:27.505,8.2,32.888859,6625740
713,12:41:27.677,5.4,32.889733,6625708
714,12:41:27.849,10.1,32.897417,6626176
715,12:41:28.021,1.5,32.938163,6635244
716,12:41:28.191,4.8,32.940764,6636020
717,12:41:28.361,3.2,33.032501,6654248
718,12:41:28.529,1.5,33.114488,6670764
719,12:41:28.697,0.0,33.237638,6695572
720,12:41:28.866,0.0,33.348080,6716264
721,12:41:29.035,2.9,33.383067,6725012
722,12:41:29.205,0.0,33.487155,6745836
723,12:41:29.375,1.5,33.585246,6765596
724,12:41:29.544,0.0,33.673190,6783816
725,12:41:29.715,1.5,33.670827,6782836
726,12:41:29.889,0.0,33.671403,6782952
727,12:41:30.064,1.5,33.671483,6782640
728,12:41:30.239,1.5,33.661793,6781056
729,12:41:30.414,1.5,33.674163,6784012
730,12:41:30.592,1.5,33.672376,6783896
731,12:41:30.768,3.0,33.661892,6781720
732,12:41:30.941,1.5,33.750790,6798944
733,12:41:31.111,3.0,33.764431,6801072
734,12:41:31.286,3.0,33.772930,6803404
735,12:41:31.454,0.0,33.774697,6803884
736,12:41:31.622,3.1,33.772374,6803292
737,12:41:31.793,1.6,33.771321,6803332
738,12:41:31.961,1.5,33.775809,6803984
739,12:41:32.137,0.0,33.776524,6804128
740,12:41:32.306,1.5,33.772274,6803272
741,12:41:32.478,1.6,33.773108,6803592
742,12:41:32.646,0.0,33.774319,6803684
743,12:41:32.815,1.6,33.777417,6804308
744,12:41:32.986,0.0,33.770030,6803136
745,12:41:33.156,0.0,33.774498,6803936
746,12:41:33.329,1.5,33.774935,6803808
747,12:41:33.503,2.8,33.776146,6804052
748,12:41:33.673,1.6,33.783672,6805568
749,12:41:33.841,1.5,33.787246,6805992
750,12:41:34.011,1.5,33.783195,6805204
751,12:41:34.181,0.0,33.777258,6804588
752,12:41:34.354,1.6,33.790264,6806896
753,12:41:34.524,0.0,33.794653,6807632
754,12:41:34.696,1.4,33.790880,6807500
755,12:41:34.870,3.0,33.799418,6808740
756,12:41:35.041,1.5,33.797075,6808520
757,12:41:35.213,1.5,33.810299,6810932
758,12:41:35.384,1.5,33.822094,6813308
759,12:41:35.558,0.0,33.821915,6813272
760,12:41:35.730,1.5,34.032275,6857408
761,12:41:35.900,1.6,34.189956,6887412
762,12:41:36.069,0.0,34.187573,6886932
763,12:41:36.237,1.6,34.188268,6887072
764,12:41:36.405,0.0,34.187692,6886688
765,12:41:36.574,1.6,34.187553,6886928
766,12:41:36.742,0.0,34.188069,6887040
767,12:41:36.910,1.6,34.188208,6886912
768,12:41:37.078,0.0,34.187553,6886928
769,12:41:37.246,1.6,34.188029,6887180
770,12:41:37.414,1.6,34.187176,6886868
771,12:41:37.584,1.6,34.185468,6886508
772,12:41:37.753,1.6,34.189400,6887152
773,12:41:37.922,0.0,34.189320,6886988
774,12:41:38.091,0.0,34.188288,6886704
775,12:41:38.260,3.1,34.188605,6886992
776,12:41:38.429,0.0,34.187235,6886864
777,12:41:38.597,1.6,34.189439,6886864
778,12:41:38.766,0.0,34.189757,6887116
779,12:41:38.934,1.5,34.187890,6886848
780,12:41:39.103,1.6,34.187076,6886832
781,12:41:39.274,0.0,34.186798,6886784
782,12:41:39.444,1.5,34.186500,6886872
783,12:41:39.619,0.0,34.187771,6887236
784,12:41:39.796,3.1,34.187751,6887156
785,12:41:39.972,1.6,34.185925,6886860
786,12:41:40.147,3.0,34.188566,6886836
787,12:41:40.321,4.4,34.186481,6886712
788,12:41:40.491,0.0,34.184713,6886468
789,12:41:40.660,1.6,34.183006,6886264
790,12:41:40.834,2.9,34.182628,6886204
791,12:41:41.006,1.5,34.182648,6886140
792,12:41:41.174,1.4,34.183641,6886140
793,12:41:41.344,0.0,34.183085,6885880
794,12:41:41.514,1.6,34.182887,6885988
795,12:41:41.682,1.5,34.186759,6886768
796,12:41:41.853,3.0,34.186461,6886708
797,12:41:42.024,3.0,34.185349,6886676
798,12:41:42.196,1.6,34.183820,6886176
799,12:41:42.365,0.0,34.184555,6886176
800,12:41:42.534,1.6,34.184277,6885972
801,12:41:42.702,1.5,34.183760,6886440
802,12:41:42.871,0.0,34.184197,6885956
803,12:41:43.040,0.0,34.182509,6885912
804,12:41:43.208,1.6,34.179571,6885088
805,12:41:43.376,0.0,34.178677,6884844
806,12:41:43.546,3.0,34.176175,6884488
807,12:41:43.714,1.5,34.176672,6884756
808,12:41:43.883,3.1,34.176930,6885032
809,12:41:44.054,2.9,34.178141,6885404
810,12:41:44.233,0.0,34.181417,6885840
811,12:41:44.402,0.0,34.182708,6885968
812,12:41:44.570,1.4,34.182708,6885952
813,12:41:44.739,1.5,34.181358,6885384
814,12:41:44.908,1.5,34.180623,6885532
815,12:41:45.076,1.5,34.181239,6885656
816,12:41:45.244,1.6,34.180762,6885836
817,12:41:45.419,1.5,34.190055,6887284
818,12:41:45.588,4.6,34.189856,6887392
819,12:41:45.762,2.9,34.188546,6886980
820,12:41:45.931,3.1,34.185051,6886276
821,12:41:46.101,0.0,34.185071,6886672
822,12:41:46.269,1.5,34.185528,6886788
823,12:41:46.437,0.0,34.186778,6887040
824,12:41:46.605,0.0,34.188029,6886728
825,12:41:46.773,0.0,34.205722,6890588
826,12:41:46.941,1.5,34.422773,6932660
827,12:41:47.112,2.9,34.621477,6975080
828,12:41:47.283,0.0,34.623840,6974816
829,12:41:47.451,3.0,34.622867,6974620
830,12:41:47.620,1.5,34.623045,6974656
831,12:41:47.788,0.0,34.621715,6974388
832,12:41:47.956,1.6,34.622033,6974452
833,12:41:48.125,1.5,34.621358,6974316
834,12:41:48.293,0.0,34.623125,6974376
835,12:41:48.462,1.5,34.621874,6974420
836,12:41:48.632,3.0,34.621775,6974104
837,12:41:48.800,1.5,34.621219,6974140
838,12:41:48.969,0.0,34.621695,6974384
839,12:41:49.139,1.6,34.622430,6974384
840,12:41:49.308,0.0,34.621219,6974532
841,12:41:49.477,0.0,34.622430,6974532
842,12:41:49.646,1.5,34.622430,6974384
843,12:41:49.814,1.5,34.624733,6974848
844,12:41:49.983,1.5,34.623760,6974764
845,12:41:50.152,0.0,34.623244,6974696
846,12:41:50.320,0.0,34.622549,6974556
847,12:41:50.489,1.6,34.632199,6976500
848,12:41:50.660,1.5,34.635992,6977420
849,12:41:50.830,1.5,34.633589,6976924
850,12:41:51.000,0.0,34.634959,6976908
851,12:41:51.169,1.5,34.634225,6976908
852,12:41:51.344,1.5,34.636746,6977396
853,12:41:51.522,3.0,34.638811,6977604
854,12:41:51.694,0.0,34.636548,6977376
855,12:41:51.864,1.6,34.641810,6978596
856,12:41:52.035,3.2,34.636329,6977332
857,12:41:52.207,1.6,34.636349,6977360
858,12:41:52.379,1.5,34.637362,6977660
859,12:41:52.550,3.0,34.638196,6977560
860,12:41:52.720,0.0,34.637124,6977352
861,12:41:52.892,1.5,34.636230,6977824
862,12:41:53.063,3.0,34.640559,6978184
863,12:41:53.234,1.5,34.638216,6977712
864,12:41:53.406,1.5,34.639129,6978068
865,12:41:53.580,3.0,34.636866,6977460
866,12:41:53.752,1.4,34.633490,6976980
867,12:41:53.923,4.7,34.637600,6977588
868,12:41:54.094,6.0,34.636190,6977304
869,12:41:54.266,1.5,34.637421,6977552
870,12:41:54.438,5.4,34.637243,6977396
871,12:41:54.608,4.2,34.638573,6977668
872,12:41:54.780,1.4,34.637997,6977912
873,12:41:54.952,2.9,34.637620,6977592
874,12:41:55.123,6.8,34.637203,6977508
875,12:41:55.294,5.7,34.636925,6977152
876,12:41:55.465,5.3,34.635972,6977260
877,12:41:55.637,4.3,34.636171,6977388
878,12:41:55.808,4.3,34.634661,6976996
879,12:41:55.978,4.3,34.636965,6977164
880,12:41:56.148,1.5,34.638315,6977732
881,12:41:56.319,2.9,34.637005,6977172
882,12:41:56.489,1.5,34.636866,6977144
883,12:41:56.660,0.0,34.635237,6977264
884,12:41:56.832,1.4,34.636806,6977280
885,12:41:57.003,5.9,34.635853,6977236
886,12:41:57.175,4.3,34.631683,6976948
887,12:41:57.347,1.5,34.634602,6977172
888,12:41:57.517,3.1,34.636687,6977404
889,12:41:57.689,0.0,34.636727,6977412
890,12:41:57.863,4.2,34.637660,6977600
891,12:41:58.034,6.1,34.640996,6977972
892,12:41:58.205,3.0,34.638573,6977784
893,12:41:58.376,2.9,34.638573,6977784
894,12:41:58.545,2.9,34.633788,6976820
895,12:41:58.717,1.5,34.636607,6977388
896,12:41:58.888,1.5,34.637144,6977656
897,12:41:59.059,1.5,34.637819,6977632
898,12:41:59.229,0.0,34.637938,6977784
899,12:41:59.399,1.5,34.637719,6977612
900,12:41:59.570,2.9,34.637938,6977956
901,12:41:59.742,3.1,34.636409,6977560
902,12:41:59.916,1.6,34.641075,6978288
903,12:42:00.088,1.6,34.640261,6977976
904,12:42:00.258,4.3,34.639844,6978216
905,12:42:00.430,7.1,34.640082,6978088
906,12:42:00.601,6.9,34.641234,6978024
907,12:42:00.772,7.1,34.638633,6977796
908,12:42:00.944,5.8,34.635078,6977112
909,12:42:01.115,12.3,34.638891,6977848
910,12:42:01.286,10.3,34.640420,6978156
911,12:42:01.456,11.1,34.640241,6977956
912,12:42:01.646,9.7,34.640400,6978072
913,12:42:01.816,11.1,34.639606,6978112
914,12:42:01.987,14.1,34.637421,6977884
915,12:42:02.158,15.2,34.639745,6978296
916,12:42:02.330,13.9,34.640499,6978020
917,12:42:02.502,8.6,34.639824,6978304
918,12:42:02.674,0.0,34.640162,6978104
919,12:42:02.845,3.0,34.639784,6977524
920,12:42:03.014,5.9,34.638454,6977760
921,12:42:03.184,1.5,34.641174,6978160
922,12:42:03.352,0.0,34.716847,6993552
923,12:42:03.521,0.0,34.829116,7016168
924,12:42:03.689,1.6,34.926036,7035692
925,12:42:03.857,0.0,35.029349,7056504
926,12:42:04.026,6.1,35.066123,7064448
927,12:42:04.194,4.5,35.131590,7079716
928,12:42:04.365,1.5,35.218303,7094568
929,12:42:04.534,1.4,35.305513,7112136
930,12:42:04.704,1.5,35.405669,7132512
931,12:42:04.875,0.0,35.484519,7148196
932,12:42:05.044,1.5,35.538072,7158984
933,12:42:05.213,0.0,35.552111,7161812
934,12:42:05.382,3.2,35.586740,7168788
935,12:42:05.551,1.6,35.617220,7174928
936,12:42:05.721,1.5,35.648832,7181808
937,12:42:05.891,2.9,35.691007,7189792
938,12:42:06.061,1.6,35.710526,7193724
939,12:42:06.230,0.0,35.763821,7204460
940,12:42:06.399,0.0,35.844756,7222844
941,12:42:06.568,0.0,35.957620,7243500
942,12:42:06.738,5.7,35.968064,7245604
943,12:42:06.907,0.0,35.967489,7245192
944,12:42:07.076,1.5,35.970904,7245580
945,12:42:07.244,1.5,35.967310,7245452
946,12:42:07.413,3.0,35.966853,7245360
947,12:42:07.582,3.1,35.968958,7245800
948,12:42:07.757,0.0,35.968382,7245920
949,12:42:07.932,2.9,35.969554,7245608
950,12:42:08.108,3.0,35.969355,7246108
951,12:42:08.279,1.5,36.266388,7305700
952,12:42:08.451,1.6,36.264701,7305212
953,12:42:08.619,1.6,36.265495,7305640
954,12:42:08.792,0.0,36.264105,7305240
955,12:42:08.969,0.0,36.261841,7304784
956,12:42:09.144,1.5,36.262894,7304848
957,12:42:09.321,0.0,36.260610,7304536
958,12:42:09.497,1.5,36.265197,7305460
959,12:42:09.672,1.5,36.264601,7305132
960,12:42:09.848,1.5,36.263410,7305100
961,12:42:10.025,1.6,36.264085,7304940
962,12:42:10.277,3.0,36.261603,7304736
963,12:42:10.460,1.5,36.260987,7304612
964,12:42:10.635,1.5,36.263152,7305048
965,12:42:10.812,1.5,36.262417,7304900
966,12:42:10.989,2.9,36.263291,7305076
967,12:42:11.166,3.1,36.260471,7304760
968,12:42:11.340,0.0,36.263330,7305084
969,12:42:11.515,0.0,36.262437,7305188
970,12:42:11.694,2.9,36.264800,7305380
971,12:42:11.871,0.0,36.262596,7304936
972,12:42:12.047,1.6,36.263152,7305268
973,12:42:12.216,1.6,36.262099,7305148
974,12:42:12.384,0.0,36.263569,7304984
975,12:42:12.553,0.0,36.261424,7304552
976,12:42:12.722,0.0,36.258922,7304456
977,12:42:12.890,0.0,36.259657,7304344
978,12:42:13.059,0.0,36.261583,7304732
979,12:42:13.227,1.6,36.281360,7308568
980,12:42:13.395,0.0,36.279374,7308316
981,12:42:13.564,0.0,36.276614,7307952
982,12:42:13.733,0.0,36.281360,7308568
983,12:42:13.902,1.5,36.280625,7308812
984,12:42:14.071,1.5,36.281360,7308568
985,12:42:14.240,1.6,36.280625,7308568
986,12:42:14.409,1.6,36.280625,7308272
987,12:42:14.576,3.1,36.278858,7308212
988,12:42:14.745,0.0,36.281400,7308724
989,12:42:14.913,0.0,36.281360,7308716
990,12:42:15.082,1.5,36.282551,7308956
991,12:42:15.251,1.5,36.286285,7309708
992,12:42:15.420,1.5,36.285510,7309256
993,12:42:15.589,3.2,36.286721,7309796
994,12:42:15.760,3.2,36.282135,7308544
995,12:42:15.930,1.6,36.281638,7308772
996,12:42:16.100,1.5,36.279633,7308040
997,12:42:16.270,0.0,36.283723,7309192
998,12:42:16.440,1.6,36.279553,7308504
999,12:42:16.610,0.0,36.283246,7308592
1000,12:42:16.780,1.6,36.278957,7308980
1001,12:42:16.949,0.0,36.279573,7308356
1002,12:42:17.117,1.5,36.281698,7308784
1003,12:42:17.287,1.6,36.283644,7309028
1004,12:42:17.456,0.0,36.286344,7309728
1005,12:42:17.624,1.5,36.286384,7309728
1006,12:42:17.792,0.0,36.285252,7309500
1007,12:42:17.960,0.0,36.283981,7309244
1008,12:42:18.128,4.7,36.281142,7308676
1009,12:42:18.299,1.6,36.281340,7308712
1010,12:42:18.473,2.9,36.282710,7308988
1011,12:42:18.642,3.0,36.282313,7308908
1012,12:42:18.811,3.1,36.284080,7309264
1013,12:42:18.980,1.5,36.282829,7308792
1014,12:42:19.150,0.0,36.280983,7308640
1015,12:42:19.319,1.6,36.279732,7308388
1016,12:42:19.488,0.0,36.279732,7308240
1017,12:42:19.656,1.5,36.279116,7308264
1018,12:42:19.824,1.4,36.279732,7308640
1019,12:42:19.996,2.9,36.278143,7308068
1020,12:42:20.164,3.1,36.277984,7308288
1021,12:42:20.334,3.0,36.277984,7308036
1022,12:42:20.504,0.0,36.279970,7308436
1023,12:42:20.680,3.0,36.280407,7308524
1024,12:42:20.849,1.5,36.279553,7308352
1025,12:42:21.018,0.0,36.280447,7308532
1026,12:42:21.186,1.6,36.280645,7308572
1027,12:42:21.355,1.6,36.281857,7308816
1028,12:42:21.524,1.5,36.281440,7308584
1029,12:42:21.693,3.1,36.279454,7308332
1030,12:42:21.862,0.0,36.278203,7308080
1031,12:42:22.030,1.6,36.279752,7308096
1032,12:42:22.200,4.6,36.286205,7309692
1033,12:42:22.371,3.2,36.283385,7308976
1034,12:42:22.540,1.6,36.283862,7309072
1035,12:42:22.708,1.5,36.281261,7308696
1036,12:42:22.880,1.5,36.281201,7308684
1037,12:42:23.053,3.1,36.281360,7308664
1038,12:42:23.229,3.1,36.281896,7308824
1039,12:42:23.400,3.1,36.285192,7309488
1040,12:42:23.573,0.0,36.288965,7310248
1041,12:42:23.750,3.1,36.290554,7310416
1042,12:42:23.919,3.1,36.284676,7309468
1043,12:42:24.091,1.5,36.286404,7309732
1044,12:42:24.261,1.5,36.286443,7309740
1045,12:42:24.432,0.0,36.284597,7309392
1046,12:42:24.603,5.8,36.288489,7310152
1047,12:42:24.774,3.0,36.293512,7311164
1048,12:42:24.951,3.1,36.292261,7310860
1049,12:42:25.126,3.1,36.292817,7310728
1050,12:42:25.303,4.4,36.285848,7309620
1051,12:42:25.474,2.9,36.286106,7309672
1052,12:42:25.650,1.5,36.284974,7309444
1053,12:42:25.820,2.9,36.286285,7309560
1054,12:42:25.991,4.1,36.281201,7308468
1055,12:42:26.161,3.0,36.282373,7308920
1056,12:42:26.334,2.9,36.280606,7308728
1057,12:42:26.504,2.8,36.284259,7309204
1058,12:42:26.676,4.3,36.283763,7309200
1059,12:42:26.848,2.9,36.282313,7308908
1060,12:42:27.019,4.2,36.283763,7309444
1061,12:42:27.191,5.4,36.286979,7309848
1062,12:42:27.362,1.4,36.286404,7309564
1063,12:42:27.533,2.9,36.286424,7309736
1064,12:42:27.704,1.4,36.297067,7311880
1065,12:42:27.875,0.0,36.305506,7313580
1066,12:42:28.047,0.0,36.304691,7313416
1067,12:42:28.218,2.9,36.313845,7315260
1068,12:42:28.390,1.4,36.315057,7315504
1069,12:42:28.561,1.4,36.325303,7317272
1070,12:42:28.733,1.4,36.335092,7319540
1071,12:42:28.905,2.9,36.337494,7320024
1072,12:42:29.075,3.0,36.348098,7322160
1073,12:42:29.246,1.5,36.355901,7323732
1074,12:42:29.418,0.0,36.351473,7322840
1075,12:42:29.589,0.0,36.367398,7325752
1076,12:42:29.760,1.5,36.375798,7327740
1077,12:42:29.931,1.5,36.376115,7327804
1078,12:42:30.103,1.4,36.385488,7329692
1079,12:42:30.275,3.2,36.425320,7337716
1080,12:42:30.444,0.0,36.440152,7340072
1081,12:42:30.619,5.7,36.528395,7358480
1082,12:42:30.788,1.4,36.617789,7376488
1083,12:42:30.958,0.0,36.734525,7402020
1084,12:42:31.127,3.1,36.837580,7420500
1085,12:42:31.298,1.5,36.908825,7435116
1086,12:42:31.467,0.0,37.036383,7460812
1087,12:42:31.636,1.5,37.133998,7480476
1088,12:42:31.804,1.5,37.194778,7493224
1089,12:42:31.974,3.1,37.266282,7507124
1090,12:42:32.142,0.0,37.269657,7507804
1091,12:42:32.313,0.0,37.270054,7507884
1092,12:42:32.482,1.6,37.268506,7507572
1093,12:42:32.650,3.0,37.268645,7507452
1094,12:42:32.819,1.5,37.268982,7507668
1095,12:42:32.988,0.0,37.269776,7508080
1096,12:42:33.157,3.0,37.273351,7508548
1097,12:42:33.326,3.2,37.273728,7508624
1098,12:42:33.495,1.6,37.273728,7508476
1099,12:42:33.664,0.0,37.270610,7508124
1100,12:42:33.833,0.0,37.274363,7508752
1101,12:42:34.002,1.5,37.284808,7510856
1102,12:42:34.172,1.5,37.293902,7512940
1103,12:42:34.340,1.5,37.290427,7512552
1104,12:42:34.512,1.5,37.317273,7516388
1105,12:42:34.683,0.0,37.321800,7520364
1106,12:42:34.852,0.0,37.696473,7593840
1107,12:42:35.021,0.0,37.696453,7593780
1108,12:42:35.189,3.0,37.696929,7593876
1109,12:42:35.358,3.1,37.694765,7593440
1110,12:42:35.526,0.0,37.693613,7593208
1111,12:42:35.695,1.5,37.692442,7593240
1112,12:42:35.863,0.0,37.692303,7593204
1113,12:42:36.032,0.0,37.691886,7592712
1114,12:42:36.201,1.5,37.693117,7593360
1115,12:42:36.369,0.0,37.695301,7593548
1116,12:42:36.538,0.0,37.694963,7593420
1117,12:42:36.707,0.0,37.695778,7593512
1118,12:42:36.876,1.6,37.694427,7593076
1119,12:42:37.044,0.0,37.693037,7593092
1120,12:42:37.213,0.0,37.692541,7592696
1121,12:42:37.381,1.6,37.692243,7592932
1122,12:42:37.550,1.6,37.693832,7593252
1123,12:42:37.718,0.0,37.692184,7592624
1124,12:42:37.886,1.6,37.692303,7592796
1125,12:42:38.055,1.5,37.692819,7593048
1126,12:42:38.228,3.0,37.692918,7593068
1127,12:42:38.398,0.0,37.696234,7593736
1128,12:42:38.572,0.0,37.696751,7593840
1129,12:42:38.751,2.7,37.697306,7593804
1130,12:42:38.927,1.5,37.696492,7593788
1131,12:42:39.104,1.5,37.695182,7593372
1132,12:42:39.276,3.0,37.696453,7593720
1133,12:42:39.452,2.9,37.697982,7594332
1134,12:42:39.620,0.0,37.696075,7593556
1135,12:42:39.788,4.8,37.609541,7576272
