1,07:15:18.711,0.0,0.0,0.0
2,07:15:19.195,19.970000000000002,21.3412979,4299126.4
3,07:15:19.371,18.34,21.3990227,4310938.8
4,07:15:19.546,17.240000000000002,21.426643000000002,4316311.6
5,07:15:19.723,18.44,21.5478928,4340734.4
6,07:15:19.897,9.95,21.6204006,4355429.2
7,07:15:20.070,21.549999999999997,21.644764600000002,4360360.0
8,07:15:20.250,15.470000000000002,21.712334300000002,4373833.6
9,07:15:20.424,2.6300000000000003,21.7129299,4374024.8
10,07:15:20.601,4.0600000000000005,21.7137222,4374048.0
11,07:15:20.776,2.66,21.7208866,4375530.4
12,07:15:20.950,2.73,21.7229157,4375945.6
13,07:15:21.126,4.000000000000001,21.7220481,4375768.8
14,07:15:21.302,22.36,21.6126765,4353700.4
15,07:15:21.478,13.320000000000002,21.626925600000003,4356645.6
16,07:15:21.654,3.12,21.628234,4356914.8
17,07:15:21.830,5.710000000000001,21.632642299999997,4357910.0
18,07:15:22.005,5.42,21.6480766,4360942.8
19,07:15:22.182,4.98,21.661769900000003,4363647.2
20,07:15:22.357,5.2700000000000005,21.670887599999993,4365741.6
21,07:15:22.535,5.579999999999999,21.6805402,4367476.0
22,07:15:22.710,4.970000000000001,21.684634499999998,4368306.4
23,07:15:22.885,4.1,21.684350399999996,4368261.2
24,07:15:23.062,4.36,21.6845293,4368234.8
25,07:15:23.236,4.260000000000001,21.6932305,4370041.6
26,07:15:23.408,6.200000000000001,21.6949123,4370399.2
27,07:15:23.578,7.089999999999999,21.696554300000003,4369825.2
28,07:15:23.750,5.680000000000001,21.6969059,4370850.0
29,07:15:23.926,3.85,21.691405500000002,4369712.8
30,07:15:24.102,4.220000000000001,21.6994374,4371312.0
31,07:15:24.279,5.3500000000000005,21.7195245,4375360.0
32,07:15:24.450,5.880000000000001,21.723888900000002,4375962.4
33,07:15:24.624,4.42,21.704891999999997,4372430.4
34,07:15:24.801,5.95,21.708845500000002,4373353.6
35,07:15:24.978,5.78,21.714121400000003,4374169.6
36,07:15:25.150,4.9799999999999995,21.719549999999998,4375283.2
37,07:15:25.325,5.7299999999999995,21.720203299999998,4375544.8
38,07:15:25.502,6.14,21.723027100000003,4376016.0
39,07:15:25.676,3.65,21.727627599999998,4376964.0
40,07:15:25.848,3.44,21.7268892,4376822.4
41,07:15:26.021,4.6000000000000005,21.7273439,4376864.0
42,07:15:26.194,4.630000000000001,21.7262675,4376742.8
43,07:15:26.362,6.360000000000001,21.7439736,4380209.6
44,07:15:26.538,6.83,21.7443429,4380298.4
45,07:15:26.714,4.7,21.741650299999996,4379737.6
46,07:15:26.885,4.54,21.7427683,4380054.0
47,07:15:27.059,4.46,21.7451173,4380459.6
48,07:15:27.233,4.699999999999999,21.7416324,4379817.2
49,07:15:27.402,4.98,21.7450121,4380522.4
50,07:15:27.575,5.81,21.7482884,4381120.4
51,07:15:27.744,5.5600000000000005,21.7390035,4379261.2
52,07:15:27.922,4.23,21.7425141,4379966.0
53,07:15:28.098,3.62,21.744591099999997,4380364.0
54,07:15:28.273,3.65,21.7472857,4380909.2
55,07:15:28.449,4.39,21.752222000000003,4381920.4
56,07:15:28.625,3.4200000000000004,21.757255500000007,4382918.4
57,07:15:28.801,3.8299999999999996,21.7604744,4383510.8
58,07:15:28.971,4.250000000000001,21.7795207,4387386.0
59,07:15:29.143,5.09,21.7847489,4388484.0
60,07:15:29.316,3.2400000000000007,21.795985700000003,4390742.0
61,07:15:29.491,5.820000000000001,21.8242116,4396700.8
62,07:15:29.690,3.5500000000000007,21.842463900000002,4400156.8
63,07:15:29.877,4.19,21.868441999999995,4405526.0
64,07:15:30.069,3.2699999999999996,21.9003235,4411638.0
65,07:15:30.255,4.2,21.9300051,4418201.6
66,07:15:30.430,3.2399999999999998,21.9629052,4424306.4
67,07:15:30.606,2.65,21.995769700000004,4431022.4
68,07:15:30.780,3.69,22.030343800000004,4437883.6
69,07:15:30.960,3.11,22.044162,4441115.2
70,07:15:31.134,3.84,22.0788216,4447790.4
71,07:15:31.310,3.12,22.114743999999998,4455452.4
72,07:15:31.486,2.9000000000000004,22.1671293,4465402.8
73,07:15:31.661,3.2700000000000005,22.214536599999995,4475471.6
74,07:15:31.833,3.250000000000001,22.2516722,4482527.6
75,07:15:32.009,2.9899999999999998,22.288676900000002,4490576.4
76,07:15:32.178,3.4200000000000004,22.3305522,4498770.4
77,07:15:32.353,3.820000000000001,22.372618000000003,4506775.6
78,07:15:32.524,2.38,22.4019899,4513005.2
79,07:15:32.693,3.650000000000001,22.436496400000003,4520110.0
80,07:15:32.870,4.48,22.5131066,4535399.2
81,07:15:33.044,2.93,22.541299,4541444.4
82,07:15:33.214,3.7299999999999995,22.567424300000003,4546086.4
83,07:15:33.393,3.07,22.5949156,4552184.8
84,07:15:33.580,2.52,22.6295613,4559263.2
85,07:15:33.759,3.22,22.7095232,4577270.4
86,07:15:33.936,3.6700000000000004,22.7650858,4586479.2
87,07:15:34.110,4.0600000000000005,22.809742800000002,4595186.0
88,07:15:34.283,4.38,22.9448523,4623049.6
89,07:15:34.455,3.22,23.0329794,4640498.4
90,07:15:34.630,2.7800000000000002,23.098986500000002,4653135.2
91,07:15:34.800,3.250000000000001,23.1360666,4660588.4
92,07:15:34.972,3.220000000000001,23.247151600000002,4684503.2
93,07:15:35.145,4.17,23.3598092,4705863.6
94,07:15:35.321,2.8500000000000005,23.4104613,4715969.2
95,07:15:35.497,2.71,23.4981753,4733828.4
96,07:15:35.671,3.0100000000000002,23.5728298,4749001.2
97,07:15:35.845,3.2900000000000005,23.704958499999996,4776092.8
98,07:15:36.052,3.72,23.779585400000002,4790042.8
99,07:15:36.247,3.250000000000001,23.857708799999997,4806136.8
100,07:15:36.418,2.31,23.897773100000002,4814032.4
101,07:15:36.593,3.8600000000000003,23.9821672,4831129.2
102,07:15:36.768,2.920000000000001,24.0380672,4842369.2
103,07:15:36.941,2.47,24.060519000000003,4846827.6
104,07:15:37.110,2.5400000000000005,24.0680069,4847448.0
105,07:15:37.289,3.0700000000000007,24.086241100000002,4851909.2
106,07:15:37.458,1.92,24.1035082,4855476.8
107,07:15:37.629,2.9200000000000004,24.1230848,4859537.2
108,07:15:37.801,2.3300000000000005,24.1599862,4866918.0
109,07:15:37.974,3.400000000000001,24.195088600000002,4874379.6
110,07:15:38.148,3.1,24.2362489,4882403.6
111,07:15:38.321,2.6400000000000006,24.2545726,4885997.2
112,07:15:38.497,2.45,24.278880800000003,4891118.8
113,07:15:38.671,3.1300000000000003,24.366962199999996,4909571.6
114,07:15:38.847,3.1999999999999997,24.4295697,4921396.8
115,07:15:39.025,1.8399999999999999,24.435203000000005,4922268.0
116,07:15:39.201,2.6800000000000006,24.4356639,4922380.4
117,07:15:39.375,2.47,24.457674700000002,4926892.0
118,07:15:39.551,3.9300000000000006,24.4815161,4931651.6
119,07:15:39.727,4.49,24.516896699999997,4938802.8
120,07:15:39.899,2.66,24.546085599999998,4944588.0
121,07:15:40.069,2.0100000000000002,24.5506448,4945572.4
122,07:15:40.241,3.0800000000000005,24.561945,4947848.0
123,07:15:40.413,4.57,24.6062468,4956693.2
124,07:15:40.584,2.45,24.6319591,4962645.2
125,07:15:40.752,5.99,24.6783697,4971514.0
126,07:15:40.920,5.21,24.688951100000004,4973956.4
127,07:15:41.089,5.08,24.703440399999998,4976374.4
128,07:15:41.257,1.73,24.713982199999997,4978708.0
129,07:15:41.426,7.210000000000001,24.750782299999997,4986520.4
130,07:15:41.594,8.89,24.784611599999998,4992636.0
131,07:15:41.763,4.73,24.7918692,4994144.0
132,07:15:41.932,5.540000000000001,24.866017400000004,5009115.2
133,07:15:42.099,5.510000000000002,24.902217900000004,5018074.8
134,07:15:42.272,7.359999999999999,24.938886699999998,5024172.0
135,07:15:42.452,3.4200000000000004,24.9214944,5019342.8
136,07:15:42.633,7.92,24.9379574,5023727.2
137,07:15:42.824,3.7400000000000007,24.946305200000005,5025274.4
138,07:15:42.999,2.1700000000000004,24.9575419,5027764.4
139,07:15:43.179,3.75,25.031362399999995,5042462.4
140,07:15:43.359,5.380000000000001,25.108356,5058152.8
141,07:15:43.540,5.11,25.1238618,5060939.6
142,07:15:43.724,2.3200000000000003,25.1293582,5062360.8
143,07:15:43.920,6.25,25.298177900000002,5096310.0
144,07:15:44.124,2.97,25.322653000000003,5101130.8
145,07:15:44.329,5.4,25.319928800000003,5100616.8
146,07:15:44.528,3.5200000000000005,25.327295400000004,5102058.0
147,07:15:44.728,5.570000000000001,25.3526941,5107008.0
148,07:15:44.936,4.13,25.419910099999996,5120616.4
149,07:15:45.119,2.47,25.4257459,5121933.2
150,07:15:45.291,3.2300000000000004,25.420136599999996,5120800.0
151,07:15:45.491,4.660000000000001,25.439272199999998,5124965.6
152,07:15:45.734,5.960000000000001,25.5484451,5149061.6
153,07:15:45.931,4.000000000000001,25.642402000000004,5165625.6
154,07:15:46.113,3.5900000000000007,25.7315042,5183566.4
155,07:15:46.304,4.05,25.7511621,5187753.2
156,07:15:46.493,7.19,25.963922399999994,5229610.4
157,07:15:46.674,4.590000000000001,25.9808043,5233676.8
158,07:15:46.860,3.6699999999999995,25.9772482,5233043.6
159,07:15:47.043,4.380000000000001,25.9926963,5236089.2
160,07:15:47.214,3.1,25.9965108,5236857.6
161,07:15:47.387,3.41,26.0004523,5237738.4
162,07:15:47.560,3.7300000000000004,26.004092000000004,5238428.0
163,07:15:47.737,3.56,26.0075967,5239108.8
164,07:15:47.911,3.6699999999999995,26.007422000000002,5239018.0
165,07:15:48.084,3.87,26.0085379,5239309.6
166,07:15:48.260,4.53,26.071276500000003,5251902.4
167,07:15:48.435,4.790000000000001,26.090122200000003,5259838.4
168,07:15:48.609,6.540000000000001,26.1500114,5267850.8
169,07:15:48.782,4.9799999999999995,26.1466815,5267303.2
170,07:15:48.951,5.239999999999999,26.1528707,5268380.8
171,07:15:49.123,5.33,26.158444399999997,5269392.0
172,07:15:49.298,6.0600000000000005,26.185868199999998,5274888.8
173,07:15:49.471,5.41,26.214281,5280805.6
174,07:15:49.641,4.779999999999999,26.2186216,5281692.4
175,07:15:49.815,4.45,26.2604473,5290060.8
176,07:15:49.988,4.62,26.267827900000004,5291547.6
177,07:15:50.159,5.7700000000000005,26.2685488,5291680.4
178,07:15:50.329,4.0,26.2793584,5293773.6
179,07:15:50.500,6.0600000000000005,26.355539900000004,5309177.6
180,07:15:50.669,4.49,26.357007400000004,5309562.8
181,07:15:50.841,3.95,26.361488999999995,5310436.0
182,07:15:51.010,3.6100000000000003,26.361562600000003,5310373.6
183,07:15:51.180,3.9699999999999998,26.361499,5310429.6
184,07:15:51.349,3.2,26.3612804,5310394.4
185,07:15:51.518,3.71,26.361651700000003,5310531.2
186,07:15:51.687,4.01,26.361609899999998,5310360.0
187,07:15:51.856,4.16,26.361342,5310380.0
188,07:15:52.028,4.220000000000001,26.361389600000003,5310342.0
189,07:15:52.196,4.33,26.361199000000006,5310322.4
190,07:15:52.365,3.72,26.3482468,5307723.6
191,07:15:52.533,4.17,26.350232299999995,5308169.2
192,07:15:52.704,5.77,26.3576388,5309587.6
193,07:15:52.898,6.2,26.3679026,5311715.2
194,07:15:53.084,4.23,26.3679881,5311746.0
195,07:15:53.257,4.319999999999999,26.367844900000005,5311685.2
196,07:15:53.426,3.59,26.3670527,5311436.0
197,07:15:53.602,4.9,26.3495355,5307988.0
198,07:15:53.772,5.14,26.3494838,5307854.8
199,07:15:53.946,4.700000000000001,26.3503395,5308122.4
200,07:15:54.119,4.430000000000001,26.351267,5308307.2
201,07:15:54.290,4.209999999999999,26.350897599999996,5308286.8
202,07:15:54.465,5.080000000000001,26.3522278,5308512.4
203,07:15:54.639,5.89,26.352071000000002,5308463.2
204,07:15:54.814,4.49,26.3509055,5308233.6
205,07:15:54.989,4.76,26.349811400000004,5308137.2
206,07:15:55.166,3.8900000000000006,26.3509036,5308252.8
207,07:15:55.334,4.39,26.350204400000003,5308120.8
208,07:15:55.504,4.430000000000001,26.350232400000003,5308140.0
209,07:15:55.678,7.109999999999999,26.360672900000004,5310193.2
210,07:15:55.856,4.47,26.355562,5308070.0
211,07:15:56.034,7.3,26.361235,5310184.0
212,07:15:56.209,4.930000000000001,26.359765499999998,5310016.4
213,07:15:56.384,4.220000000000001,26.3593187,5310014.0
214,07:15:56.558,4.48,26.359680100000002,5310018.0
215,07:15:56.732,4.58,26.360942900000005,5310208.4
216,07:15:56.907,4.36,26.3596602,5310051.2
217,07:15:57.130,5.250000000000001,26.361953699999997,5310399.6
218,07:15:57.303,5.4,26.381420900000002,5314341.6
219,07:15:57.472,5.2700000000000005,26.381508199999995,5314469.6
220,07:15:57.645,5.35,26.408856699999994,5320131.6
221,07:15:57.822,6.29,26.423645800000003,5322862.8
222,07:15:58.021,7.639999999999999,26.422235899999997,5322675.2
223,07:15:58.198,6.51,26.4237649,5322907.2
224,07:15:58.376,6.75,26.4229469,5322810.0
225,07:15:58.554,6.0600000000000005,26.423238699999995,5322798.0
226,07:15:58.729,7.07,26.423484899999995,5322837.2
227,07:15:58.903,7.410000000000001,26.422517699999997,5322710.8
228,07:15:59.074,6.26,26.422424500000005,5322759.2
229,07:15:59.246,7.55,26.422919200000003,5322810.8
230,07:15:59.422,10.08,26.422531900000003,5322776.0
231,07:15:59.605,7.840000000000001,26.450211799999998,5328393.2
232,07:15:59.782,7.209999999999999,26.4540818,5329216.0
233,07:15:59.962,6.6800000000000015,26.476509599999996,5333524.8
234,07:16:00.138,8.430000000000001,26.476968500000005,5333620.8
235,07:16:00.328,9.05,26.4835982,5334865.6
236,07:16:00.503,8.05,26.5047078,5339270.4
237,07:16:00.682,7.139999999999999,26.504830999999996,5339226.0
238,07:16:00.855,7.5,26.503629699999998,5339016.8
239,07:16:01.027,6.07,26.5031729,5338878.4
240,07:16:01.196,7.37,26.503601800000002,5339019.2
241,07:16:01.364,6.85,26.5025395,5338822.4
242,07:16:01.535,7.0,26.5029765,5338862.0
243,07:16:01.707,5.669999999999999,26.5025019,5338811.2
244,07:16:01.881,6.610000000000001,26.502962500000002,5338931.2
245,07:16:02.053,6.51,26.502698400000003,5338980.8
246,07:16:02.229,7.110000000000001,26.503554099999995,5339086.0
247,07:16:02.402,5.2700000000000005,26.502896900000003,5338849.2
248,07:16:02.575,6.2,26.5038203,5339080.0
249,07:16:02.751,6.09,26.504046500000005,5339186.0
250,07:16:02.926,6.19,26.5032484,5339022.8
251,07:16:03.103,6.219999999999999,26.502376700000003,5338744.4
252,07:16:03.276,6.1,26.5031313,5338883.2
253,07:16:03.449,6.74,26.5011973,5338672.8
254,07:16:03.620,5.9,26.5020331,5338694.0
255,07:16:03.792,6.360000000000001,26.503290000000003,5339013.2
256,07:16:03.964,7.07,26.5103254,5340302.0
257,07:16:04.136,7.389999999999999,26.510146599999995,5340382.8
258,07:16:04.309,8.6,26.5088341,5340199.2
259,07:16:04.481,6.580000000000001,26.5092829,5340345.6
260,07:16:04.653,6.909999999999999,26.5116715,5340590.4
261,07:16:04.824,7.88,26.5109784,5340496.8
262,07:16:04.996,7.31,26.5108296,5340492.4
263,07:16:05.167,7.25,26.5106947,5340466.4
264,07:16:05.339,6.359999999999999,26.510911099999998,5340560.4
265,07:16:05.512,6.2700000000000005,26.5101704,5340415.2
266,07:16:05.682,4.99,26.510740200000004,5340483.6
267,07:16:05.854,4.980000000000001,26.510476300000004,5340496.0
268,07:16:06.035,6.21,26.510402600000003,5340529.6
269,07:16:06.216,5.61,26.5105615,5340398.4
270,07:16:06.388,4.880000000000001,26.510629299999998,5340532.4
271,07:16:06.560,4.91,26.5100811,5340295.2
272,07:16:06.731,6.029999999999999,26.512068499999998,5340688.8
273,07:16:06.905,4.699999999999999,26.512362500000005,5340689.6
274,07:16:07.077,5.25,26.512388199999997,5340734.8
275,07:16:07.249,4.779999999999999,26.511772999999998,5340657.6
276,07:16:07.422,5.529999999999999,26.5126603,5340811.6
277,07:16:07.595,5.15,26.511764799999998,5340652.8
278,07:16:07.765,5.51,26.503270299999997,5338969.6
279,07:16:07.937,7.25,26.5036357,5338986.4
280,07:16:08.110,5.6,26.5054466,5339393.2
281,07:16:08.282,6.2,26.5110996,5340524.8
282,07:16:08.454,5.9,26.516242499999997,5341523.6
283,07:16:08.628,6.37,26.539093200000003,5345889.2
284,07:16:08.801,8.71,26.564227800000005,5351157.2
285,07:16:08.972,5.700000000000001,26.5639319,5351162.4
286,07:16:09.145,7.279999999999999,26.5642019,5351112.4
287,07:16:09.318,7.159999999999999,26.5684295,5352114.8
288,07:16:09.490,7.5200000000000005,26.571973800000002,5352760.0
289,07:16:09.665,6.090000000000001,26.575053500000003,5353386.0
290,07:16:09.838,6.760000000000001,26.573607899999995,5353221.6
291,07:16:10.011,8.239999999999998,26.5794218,5354280.4
292,07:16:10.182,7.529999999999999,26.591240500000005,5356644.4
293,07:16:10.350,7.650000000000001,26.6050226,5359428.0
294,07:16:10.529,6.540000000000001,26.619847799999995,5362670.8
295,07:16:10.700,7.719999999999999,26.6410982,5366842.0
296,07:16:10.875,7.0,26.658135199999997,5370064.0
297,07:16:11.047,6.8,26.673831500000006,5373631.6
298,07:16:11.221,6.659999999999999,26.6937992,5377422.0
299,07:16:11.394,9.870000000000001,26.730269599999996,5384806.0
300,07:16:11.566,9.38,26.748315100000003,5388366.0
301,07:16:11.739,6.82,26.757878100000006,5390240.0
302,07:16:11.914,4.3100000000000005,26.7732907,5393324.8
303,07:16:12.088,5.18,26.805794000000002,5400098.4
304,07:16:12.262,7.63,26.845207000000006,5407994.8
305,07:16:12.434,6.0200000000000005,26.883806,5416000.4
306,07:16:12.608,5.250000000000001,26.9751379,5434604.0
307,07:16:12.782,3.4,27.0792236,5455820.8
308,07:16:12.955,4.5,27.176687299999998,5475413.2
309,07:16:13.128,2.5000000000000004,27.3159705,5504368.8
310,07:16:13.298,3.0300000000000002,27.464779100000005,5533433.2
311,07:16:13.472,4.9799999999999995,27.5883618,5557721.6
312,07:16:13.643,3.75,27.713457799999997,5585818.8
313,07:16:13.815,5.130000000000001,27.8799981,5616921.2
314,07:16:13.987,4.84,27.9476471,5630294.4
315,07:16:14.161,3.4699999999999998,28.011136299999997,5642981.2
316,07:16:14.331,3.6399999999999997,28.0567367,5652286.8
317,07:16:14.503,3.0300000000000002,28.0703583,5654579.2
318,07:16:14.676,2.9400000000000004,28.075104099999994,5655578.0
319,07:16:14.847,3.2399999999999998,28.117739899999997,5665405.2
320,07:16:15.019,2.91,28.2045842,5682250.8
321,07:16:15.193,4.29,28.2613161,5693494.4
322,07:16:15.365,3.4300000000000006,28.334763599999995,5708906.8
323,07:16:15.538,2.9400000000000004,28.415382799999996,5724884.4
324,07:16:15.709,3.37,28.489197100000002,5740844.4
325,07:16:15.882,3.22,28.6279206,5767966.8
326,07:16:16.056,3.2800000000000002,28.756594600000007,5793964.8
327,07:16:16.229,3.55,28.8932351,5820458.0
328,07:16:16.403,4.23,28.975439000000005,5837575.2
329,07:16:16.576,3.650000000000001,29.0238788,5846738.0
330,07:16:16.750,2.25,29.122912899999996,5866869.6
331,07:16:16.921,2.0900000000000003,29.148388900000004,5872218.4
332,07:16:17.094,3.6300000000000003,29.165892300000003,5875812.4
333,07:16:17.265,2.5300000000000002,29.1927008,5880770.8
334,07:16:17.437,2.3900000000000006,29.218780300000002,5885983.2
335,07:16:17.609,4.130000000000001,29.2387618,5889987.6
336,07:16:17.781,3.1200000000000006,29.2580804,5893862.0
337,07:16:17.954,2.9899999999999998,29.262363299999997,5894782.8
338,07:16:18.125,3.4400000000000004,29.267134600000002,5897205.2
339,07:16:18.297,3.170000000000001,29.3000549,5902285.6
340,07:16:18.470,3.6400000000000006,29.336137899999994,5909498.8
341,07:16:18.644,2.83,29.332428800000002,5909049.2
342,07:16:18.816,3.45,29.335192900000003,5909407.2
343,07:16:18.990,5.03,29.3423848,5911005.6
344,07:16:19.163,8.239999999999998,29.385229300000002,5920344.0
345,07:16:19.336,7.709999999999999,29.3973474,5921911.6
346,07:16:19.509,2.3200000000000003,29.3912496,5920788.8
347,07:16:19.681,7.7299999999999995,29.4317093,5929015.2
348,07:16:19.855,9.45,29.456015700000002,5934743.6
349,07:16:20.026,10.500000000000002,29.505752199999996,5943872.8
350,07:16:20.200,9.01,29.559533400000003,5955469.6
351,07:16:20.374,4.210000000000001,29.5892309,5960660.4
352,07:16:20.548,3.500000000000001,29.5913139,5961038.8
353,07:16:20.719,2.9499999999999997,29.5926441,5961310.0
354,07:16:20.893,3.95,29.592417599999997,5961248.0
355,07:16:21.067,6.1899999999999995,29.562759999999997,5955279.2
356,07:16:21.242,4.26,29.5643466,5955661.2
357,07:16:21.414,3.08,29.558699499999996,5954383.6
358,07:16:21.587,5.58,29.5255312,5948099.2
359,07:16:21.761,8.690000000000001,29.5536142,5953480.4
360,07:16:21.934,9.139999999999999,29.5317382,5949092.8
361,07:16:22.106,3.47,29.531507999999995,5948956.4
362,07:16:22.278,2.35,29.531051199999997,5948874.8
363,07:16:22.455,3.5300000000000002,29.526980699999996,5948103.6
364,07:16:22.627,3.4400000000000004,29.528316900000004,5948422.0
365,07:16:22.798,3.56,29.5278187,5948226.8
366,07:16:22.980,3.0600000000000005,29.532683399999996,5949226.4
367,07:16:23.150,2.5100000000000007,29.543260899999996,5951361.2
368,07:16:23.322,5.160000000000001,29.553227,5953525.2
369,07:16:23.496,5.09,29.553995399999998,5953698.4
370,07:16:23.669,6.890000000000001,29.574946,5958047.2
371,07:16:23.840,6.280000000000001,29.5868479,5960348.4
372,07:16:24.013,7.799999999999999,29.591426900000005,5960248.8
373,07:16:24.186,11.66,29.6304649,5969366.8
374,07:16:24.358,7.57,29.635806099999996,5970049.2
375,07:16:24.532,4.17,29.642970400000003,5971468.8
376,07:16:24.703,3.2800000000000002,29.6366799,5968026.4
377,07:16:24.874,11.179999999999998,29.674605799999995,5978560.8
378,07:16:25.046,12.959999999999999,29.720275599999997,5987216.4
379,07:16:25.217,5.550000000000001,29.7258474,5988095.2
380,07:16:25.394,3.25,29.7304205,5989118.0
381,07:16:25.564,4.74,29.716989400000006,5986424.8
382,07:16:25.732,2.9800000000000004,29.7178135,5986518.0
383,07:16:25.901,1.5899999999999999,29.718157,5986594.8
384,07:16:26.071,4.0600000000000005,29.7191934,5986775.2
385,07:16:26.239,5.510000000000001,29.723111200000005,5987445.2
386,07:16:26.408,5.07,29.723373400000003,5987617.2
387,07:16:26.576,3.07,29.7241179,5987792.4
388,07:16:26.745,7.13,29.748865099999996,5992826.4
389,07:16:26.915,5.87,29.79004340000001,6001044.4
390,07:16:27.083,2.92,29.7894061,6000966.4
391,07:16:27.251,2.47,29.7901547,6001049.6
392,07:16:27.420,3.2,29.7898626,6000989.2
393,07:16:27.589,3.35,29.7909606,6001213.6
394,07:16:27.758,2.9800000000000004,29.7962287,6002244.8
395,07:16:27.926,6.409999999999999,29.861905999999998,6015956.4
396,07:16:28.094,4.41,29.9113746,6026383.2
397,07:16:28.262,3.9,29.933590000000002,6029987.6
398,07:16:28.430,2.7900000000000005,29.933194800000003,6029862.8
399,07:16:28.599,6.36,29.9514767,6034899.2
400,07:16:28.768,7.590000000000002,30.075210199999997,6062245.2
401,07:16:28.937,3.6700000000000004,30.1615363,6075930.4
402,07:16:29.106,3.570000000000001,30.1893415,6081939.6
403,07:16:29.274,3.6,30.1913728,6081961.6
404,07:16:29.442,3.0300000000000002,30.2143728,6086511.6
405,07:16:29.611,4.18,30.217085100000002,6087090.8
406,07:16:29.788,4.530000000000001,30.237805299999998,6091273.2
407,07:16:29.964,4.790000000000001,30.237163899999995,6091118.0
408,07:16:30.132,3.75,30.23632,6090979.2
409,07:16:30.307,6.28,30.212136799999996,6086098.4
410,07:16:30.481,4.6000000000000005,30.1911585,6083037.2
411,07:16:30.654,6.39,30.260860599999994,6095841.2
412,07:16:30.831,3.9300000000000006,30.259859999999996,6095712.0
413,07:16:31.006,4.44,30.253273699999994,6094262.8
414,07:16:31.181,6.4300000000000015,30.199911199999995,6082326.8
415,07:16:31.357,6.81,30.193158,6082394.4
416,07:16:31.533,3.91,30.181843800000003,6079929.6
417,07:16:31.709,4.360000000000001,30.182052199999998,6080016.0
418,07:16:31.883,4.24,30.167124100000002,6076991.6
419,07:16:32.058,5.26,30.1684723,6077412.8
420,07:16:32.233,5.95,30.1789941,6079398.0
421,07:16:32.406,3.62,30.1955211,6083113.6
422,07:16:32.581,5.040000000000001,30.225410899999996,6088706.4
423,07:16:32.754,3.4199999999999995,30.225073300000002,6088709.2
424,07:16:32.928,4.2700000000000005,30.210915699999997,6085789.6
425,07:16:33.105,4.96,30.2019583,6083982.0
426,07:16:33.282,2.8800000000000003,30.201374500000004,6083889.6
427,07:16:33.457,3.6800000000000006,30.2011283,6083881.2
428,07:16:33.630,3.1,30.2046787,6084613.2
429,07:16:33.804,3.56,30.2258239,6088838.8
430,07:16:33.981,3.5099999999999993,30.225847599999998,6088818.8
431,07:16:34.151,3.6799999999999997,30.225311500000004,6088804.8
432,07:16:34.326,4.0,30.225901099999998,6088871.2
433,07:16:34.502,2.6799999999999997,30.2256213,6088770.8
434,07:16:34.677,3.6399999999999997,30.225831900000003,6088884.8
435,07:16:34.851,3.0400000000000005,30.217982499999998,6084238.4
436,07:16:35.026,5.090000000000001,30.202438800000003,6084060.8
437,07:16:35.200,4.2700000000000005,30.201982300000004,6084094.4
438,07:16:35.374,4.340000000000001,30.203155700000003,6084336.0
439,07:16:35.549,5.21,30.203159799999998,6084279.2
440,07:16:35.724,5.2700000000000005,30.201928599999995,6084012.4
441,07:16:35.902,5.0600000000000005,30.204112799999997,6084401.6
442,07:16:36.078,5.76,30.1933843,6083130.0
443,07:16:36.253,6.12,30.2030942,6084374.4
444,07:16:36.430,4.17,30.204722300000004,6084546.4
445,07:16:36.606,4.65,30.203789,6084406.8
446,07:16:36.782,5.75,30.2048931,6084657.6
447,07:16:36.953,5.140000000000001,30.204631099999993,6084529.6
448,07:16:37.127,4.430000000000001,30.205198899999992,6084712.8
449,07:16:37.302,4.6899999999999995,30.2050818,6084660.0
450,07:16:37.479,4.14,30.2056716,6084766.0
451,07:16:37.654,5.61,30.2062156,6084875.6
452,07:16:37.829,4.34,30.206442000000003,6084863.2
453,07:16:38.003,4.25,30.205947400000003,6084798.8
454,07:16:38.177,3.8099999999999996,30.205278300000003,6084700.8
455,07:16:38.396,4.529999999999999,30.205860199999996,6084802.8
456,07:16:38.577,5.04,30.205087699999996,6084666.0
457,07:16:38.754,4.64,30.2046271,6084745.6
458,07:16:38.930,4.03,30.205989199999998,6084837.2
459,07:16:39.106,4.01,30.2060806,6084817.2
460,07:16:39.280,3.87,30.2063129,6084861.2
461,07:16:39.456,4.29,30.2065312,6084892.4
462,07:16:39.631,4.27,30.2062673,6084911.6
463,07:16:39.799,5.960000000000001,30.2067181,6085130.4
464,07:16:39.974,4.520000000000001,30.206418300000003,6084905.6
465,07:16:40.150,4.1899999999999995,30.205343899999995,6084668.4
466,07:16:40.325,4.2299999999999995,30.2052209,6084662.4
467,07:16:40.499,4.979999999999999,30.205929700000002,6084840.4
468,07:16:40.676,5.69,30.206205699999998,6084878.4
469,07:16:40.850,4.8100000000000005,30.2063964,6085006.0
470,07:16:41.026,6.329999999999998,30.2062255,6084930.8
471,07:16:41.199,5.860000000000001,30.205453200000004,6084847.2
472,07:16:41.376,6.529999999999999,30.2055543,6084688.0
473,07:16:41.554,5.730000000000001,30.2062234,6084864.8
474,07:16:41.728,5.14,30.207089399999994,6085064.0
475,07:16:41.899,6.16,30.2059614,6084907.2
476,07:16:42.078,5.38,30.2153456,6087225.2
477,07:16:42.254,6.090000000000001,30.2300493,6089689.6
478,07:16:42.423,6.960000000000001,30.250658499999997,6094176.0
479,07:16:42.594,5.880000000000001,30.270655899999998,6097954.4
480,07:16:42.763,6.33,30.288772799999997,6101770.8
481,07:16:42.931,5.569999999999999,30.324480799999996,6108818.0
482,07:16:43.100,6.220000000000001,30.3639457,6116797.2
483,07:16:43.273,6.719999999999999,30.3935159,6122820.0
484,07:16:43.449,6.860000000000001,30.4216527,6128358.0
485,07:16:43.618,6.06,30.446153599999995,6133388.4
486,07:16:43.788,6.609999999999999,30.467098099999994,6137590.4
487,07:16:43.957,6.3,30.478229700000004,6139726.8
488,07:16:44.125,6.640000000000001,30.4886166,6141834.4
489,07:16:44.293,6.369999999999999,30.4878917,6141605.6
490,07:16:44.465,7.039999999999999,30.4869845,6141530.8
491,07:16:44.638,6.1,30.4881184,6141823.6
492,07:16:44.812,7.07,30.4890156,6141809.6
493,07:16:44.989,6.51,30.490810800000002,6142236.0
494,07:16:45.165,6.369999999999999,30.4951395,6143012.4
495,07:16:45.342,6.27,30.495971399999995,6143335.2
496,07:16:45.518,7.719999999999999,30.4999031,6144013.2
497,07:16:45.693,6.93,30.5377655,6151640.0
498,07:16:45.870,6.45,30.5788126,6159990.8
499,07:16:46.043,6.779999999999999,30.5804687,6160275.2
500,07:16:46.220,7.43,30.5811756,6160384.0
501,07:16:46.392,6.710000000000001,30.582917,6160760.4
502,07:16:46.563,6.609999999999999,30.6167962,6168104.0
503,07:16:46.736,7.130000000000001,30.622004499999996,6168604.0
504,07:16:46.906,6.49,30.6313271,6170520.4
505,07:16:47.078,7.0600000000000005,30.645461,6173443.2
506,07:16:47.248,7.010000000000001,30.6549068,6175270.8
507,07:16:47.420,6.7700000000000005,30.665323500000007,6177249.6
508,07:16:47.593,5.53,30.676226800000002,6179570.8
509,07:16:47.772,6.99,30.686049499999996,6181537.2
510,07:16:47.946,6.0,30.693740000000002,6183029.2
511,07:16:48.122,6.069999999999999,30.698577099999994,6184016.4
512,07:16:48.294,6.130000000000001,30.698878999999998,6184081.2
513,07:16:48.464,6.4799999999999995,30.698610899999995,6184102.8
514,07:16:48.636,6.140000000000001,30.6984758,6184056.4
515,07:16:48.806,6.610000000000001,30.694073600000003,6183142.8
516,07:16:48.977,6.489999999999999,30.689401399999998,6182222.0
517,07:16:49.146,6.1,30.689046,6182253.2
518,07:16:49.317,5.270000000000001,30.690682099999997,6182498.4
519,07:16:49.488,6.26,30.691152699999996,6182590.0
520,07:16:49.659,5.549999999999999,30.6901977,6182365.6
521,07:16:49.829,8.110000000000001,30.714654799999998,6187308.8
522,07:16:49.999,7.989999999999999,30.717699000000003,6187894.4
523,07:16:50.172,5.29,30.717831900000004,6187794.8
524,07:16:50.344,5.79,30.717700999999998,6187914.0
525,07:16:50.521,5.74,30.7192654,6188224.8
526,07:16:50.691,5.570000000000001,30.7194839,6188235.6
527,07:16:50.859,5.79,30.718711600000006,6188220.8
528,07:16:51.031,6.319999999999999,30.7195455,6188366.8
529,07:16:51.206,6.000000000000001,30.724501800000002,6189299.6
530,07:16:51.386,7.010000000000001,30.7194523,6188031.2
531,07:16:51.562,5.65,30.751606,6195071.2
532,07:16:51.737,7.860000000000001,30.7492667,6194362.8
533,07:16:51.910,7.609999999999999,30.7545646,6195391.2
534,07:16:52.084,6.959999999999999,30.754893900000003,6195302.4
535,07:16:52.261,6.81,30.754770999999998,6195469.6
536,07:16:52.430,5.799999999999999,30.755688300000003,6195619.6
537,07:16:52.601,5.220000000000001,30.759236799999996,6196400.8
538,07:16:52.777,5.65,30.759742999999997,6196378.0
539,07:16:52.951,5.96,30.7597689,6196460.0
540,07:16:53.119,4.970000000000001,30.7593855,6196300.8
541,07:16:53.289,5.85,30.7593877,6196328.0
542,07:16:53.458,5.590000000000001,30.759483,6196211.2
543,07:16:53.627,5.51,30.759316099999996,6196297.6
544,07:16:53.799,5.08,30.7589785,6196266.8
545,07:16:53.969,6.840000000000001,30.758986500000002,6196276.4
546,07:16:54.142,8.14,30.758567600000003,6196100.0
547,07:16:54.317,7.340000000000001,30.760513500000002,6196583.6
548,07:16:54.490,9.92,30.768553400000002,6198102.8
549,07:16:54.659,5.99,30.750781699999997,6194588.8
550,07:16:54.833,9.84,30.748639100000002,6194225.2
551,07:16:55.003,8.49,30.7505496,6194482.4
552,07:16:55.174,7.0200000000000005,30.752501299999995,6194900.8
553,07:16:55.347,6.7700000000000005,30.7523107,6194938.0
554,07:16:55.516,6.279999999999999,30.7529583,6195034.0
555,07:16:55.686,7.0600000000000005,30.755396499999996,6195406.8
556,07:16:55.858,6.51,30.7538656,6195189.6
557,07:16:56.027,7.6,30.7549715,6195386.0
558,07:16:56.196,9.75,30.7563377,6195758.0
559,07:16:56.366,6.820000000000002,30.7575648,6196006.0
560,07:16:56.540,7.470000000000001,30.756897599999995,6195932.4
561,07:16:56.710,6.75,30.800718800000006,6204773.2
562,07:16:56.881,6.93,30.8011656,6204712.0
563,07:16:57.050,7.589999999999999,30.801677899999998,6204797.2
564,07:16:57.224,7.08,30.801997500000006,6204901.6
565,07:16:57.393,6.76,30.8022855,6204975.6
566,07:16:57.562,6.43,30.8017694,6204884.4
567,07:16:57.738,5.98,30.802484299999996,6204984.8
568,07:16:57.907,6.55,30.797363100000002,6203930.4
569,07:16:58.075,6.34,30.7969244,6203904.8
570,07:16:58.243,7.610000000000001,30.796128099999997,6203737.2
571,07:16:58.411,7.099999999999999,30.7968348,6203894.4
572,07:16:58.579,7.349999999999999,30.809739600000007,6206902.4
573,07:16:58.747,6.21,30.826782499999997,6209936.8
574,07:16:58.917,6.959999999999999,30.871811099999995,6219001.6
575,07:16:59.086,7.55,30.8727125,6219194.8
576,07:16:59.254,6.29,30.8724246,6219088.4
577,07:16:59.423,6.5200000000000005,30.871876599999997,6219041.2
578,07:16:59.591,6.55,30.871554999999994,6218958.0
579,07:16:59.759,6.859999999999999,30.864897199999994,6217595.2
580,07:16:59.929,5.759999999999999,30.8658362,6217800.8
581,07:17:00.099,6.970000000000001,30.8653517,6217718.4
582,07:17:00.273,6.600000000000001,30.873288300000002,6219355.6
583,07:17:00.450,6.780000000000001,30.875726800000002,6219769.6
584,07:17:00.622,8.27,30.877839400000006,6220179.2
585,07:17:00.790,7.2700000000000005,30.8875454,6222258.8
586,07:17:00.959,8.790000000000001,30.88827,6221406.8
587,07:17:01.139,8.35,30.8773452,6220061.2
588,07:17:01.315,8.67,30.8847198,6221540.4
589,07:17:01.498,6.390000000000001,30.884404,6221473.6
590,07:17:01.671,8.34,30.8834988,6221301.6
591,07:17:01.845,7.62,30.884026800000004,6221403.6
592,07:17:02.019,6.780000000000001,30.8828711,6221211.6
593,07:17:02.195,7.2,30.882759899999996,6221079.6
594,07:17:02.369,8.52,30.882561200000005,6221135.2
595,07:17:02.543,6.7700000000000005,30.883355700000003,6221396.8
596,07:17:02.719,8.59,30.8673157,6215196.4
597,07:17:02.893,9.93,30.872500300000002,6219078.4
598,07:17:03.067,8.629999999999999,30.872446500000006,6219102.0
599,07:17:03.241,7.839999999999999,30.8709652,6218797.2
600,07:17:03.417,6.660000000000001,30.8748631,6219520.4
601,07:17:03.594,7.17,30.8838857,6221646.4
602,07:17:03.766,7.659999999999999,30.8940385,6223458.4
603,07:17:03.940,9.09,30.897155899999994,6224174.4
604,07:17:04.111,8.53,30.904163199999992,6225484.0
605,07:17:04.284,8.3,30.910950199999995,6226914.4
606,07:17:04.454,6.5200000000000005,30.919355499999995,6228788.4
607,07:17:04.622,7.15,30.9287098,6230376.0
608,07:17:04.791,7.879999999999998,30.9376492,6232182.4
609,07:17:04.961,6.75,30.942005899999998,6233105.6
610,07:17:05.131,7.51,30.944557399999997,6233582.4
611,07:17:05.302,7.989999999999999,30.942156500000003,6233133.2
612,07:17:05.471,7.179999999999998,30.945655499999997,6233826.4
613,07:17:05.640,7.589999999999999,30.948338,6234349.6
614,07:17:05.808,6.409999999999999,30.950321600000002,6234867.2
615,07:17:05.987,6.130000000000001,30.9543424,6236208.8
616,07:17:06.190,6.95,30.9717468,6239190.8
617,07:17:06.360,6.15,30.988009300000005,6242350.8
618,07:17:06.537,6.279999999999999,31.006213599999995,6246110.4
619,07:17:06.714,7.26,31.021231000000007,6249359.6
620,07:17:06.886,9.330000000000002,31.030464500000004,6250918.8
621,07:17:07.064,7.67,31.038500300000003,6252564.4
622,07:17:07.236,4.91,31.0519809,6255369.6
623,07:17:07.410,5.380000000000001,31.078767300000003,6260600.4
624,07:17:07.585,6.06,31.1013282,6265702.4
625,07:17:07.760,5.92,31.121770700000003,6269534.4
626,07:17:07.934,5.499999999999998,31.174445900000002,6280190.0
627,07:17:08.109,6.130000000000001,31.200743700000004,6285461.2
628,07:17:08.288,6.630000000000001,31.225840399999992,6290228.0
629,07:17:08.484,6.35,31.2528252,6295843.2
630,07:17:08.665,4.1,31.2774316,6300962.0
631,07:17:08.843,5.119999999999999,31.3012792,6305695.2
632,07:17:09.020,4.76,31.3189416,6309157.6
633,07:17:09.197,4.299999999999999,31.3399972,6313751.6
634,07:17:09.375,3.78,31.3638032,6318636.0
635,07:17:09.551,4.069999999999999,31.395510100000003,6324438.0
636,07:17:09.728,4.01,31.4275922,6331148.8
637,07:17:09.903,4.33,31.4647894,6338318.0
638,07:17:10.077,4.27,31.496075400000002,6344886.4
639,07:17:10.252,4.26,31.532531900000002,6352036.4
640,07:17:10.425,4.209999999999999,31.575135999999997,6361194.8
641,07:17:10.600,3.85,31.6452928,6375495.6
642,07:17:10.782,4.290000000000001,31.7233049,6392431.6
643,07:17:10.961,5.48,31.802304000000003,6407416.8
644,07:17:11.144,5.18,31.874488299999996,6421531.2
645,07:17:11.322,3.71,31.899851,6426168.8
646,07:17:11.499,4.390000000000001,31.924268599999998,6431267.6
647,07:17:11.673,3.7700000000000005,31.980680800000005,6442337.6
648,07:17:11.849,5.11,32.0147783,6451213.2
649,07:17:12.028,4.6899999999999995,32.061242699999994,6458704.0
650,07:17:12.206,3.9200000000000004,32.092712999999996,6465508.0
651,07:17:12.383,3.0100000000000002,32.142763200000005,6475422.4
652,07:17:12.560,2.9300000000000006,32.1910365,6484806.0
653,07:17:12.737,4.28,32.228432299999994,6492687.6
654,07:17:12.915,4.5600000000000005,32.2707464,6500980.8
655,07:17:13.095,3.3600000000000008,32.328943800000005,6512911.6
656,07:17:13.284,4.12,32.424735600000005,6532775.6
657,07:17:13.459,4.53,32.513670700000006,6550514.8
658,07:17:13.638,5.56,32.5993495,6567188.8
659,07:17:13.829,3.59,32.7196957,6592012.4
660,07:17:14.006,3.5800000000000005,32.793641300000004,6606665.2
661,07:17:14.183,2.85,32.888575100000004,6625926.0
662,07:17:14.356,3.5500000000000007,32.96107500000001,6639837.2
663,07:17:14.534,4.29,33.0122096,6651001.2
664,07:17:14.711,2.84,33.105954100000005,6669897.6
665,07:17:14.887,3.7400000000000007,33.1545428,6679218.8
666,07:17:15.062,3.8200000000000003,33.207097000000005,6689671.6
667,07:17:15.238,4.220000000000001,33.25915679999999,6700372.0
668,07:17:15.415,4.53,33.3199176,6712483.6
669,07:17:15.588,3.7400000000000007,33.3794889,6724296.8
670,07:17:15.766,3.47,33.4463259,6737924.0
671,07:17:15.942,2.85,33.529943599999996,6754716.4
672,07:17:16.117,3.4900000000000007,33.6137062,6772172.0
673,07:17:16.291,5.45,33.6698944,6782893.2
674,07:17:16.463,4.63,33.7269498,6794123.2
675,07:17:16.636,3.2700000000000005,33.7533967,6799600.0
676,07:17:16.808,4.130000000000001,33.8028831,6809399.2
677,07:17:16.982,3.7400000000000007,33.836617200000006,6816134.4
678,07:17:17.152,3.670000000000001,33.924251899999994,6833909.2
679,07:17:17.326,3.8800000000000003,34.035577399999994,6856877.2
680,07:17:17.500,3.4200000000000004,34.0880679,6867030.4
681,07:17:17.672,3.3299999999999996,34.127776999999995,6875082.8
682,07:17:17.844,2.21,34.143540900000005,6878435.2
683,07:17:18.017,3.0300000000000002,34.167043199999995,6882518.8
684,07:17:18.189,3.6700000000000004,34.186945200000004,6886761.2
685,07:17:18.362,3.31,34.2144942,6892576.4
686,07:17:18.533,2.5900000000000003,34.2276372,6894889.2
687,07:17:18.705,2.07,34.260453999999996,6901520.8
688,07:17:18.879,2.6700000000000004,34.277306200000005,6905090.8
689,07:17:19.051,2.07,34.3053098,6910829.2
690,07:17:19.225,2.5000000000000004,34.3169319,6913184.4
691,07:17:19.397,4.01,34.367661000000005,6923352.0
692,07:17:19.569,4.69,34.3783698,6925332.8
693,07:17:19.743,3.56,34.3863423,6926999.6
694,07:17:19.915,2.8600000000000003,34.3906073,6927950.8
695,07:17:20.098,3.0400000000000005,34.4002735,6930223.2
696,07:17:20.270,6.220000000000001,34.4069393,6931221.6
697,07:17:20.442,9.58,34.4726405,6944294.8
698,07:17:20.615,3.25,34.4727873,6944442.8
699,07:17:20.788,4.0600000000000005,34.472378400000004,6944201.2
700,07:17:20.960,3.6700000000000004,34.4727437,6944311.6
701,07:17:21.132,2.0300000000000002,34.500618200000005,6950054.8
702,07:17:21.303,2.99,34.4858828,6946944.8
703,07:17:21.478,2.3899999999999997,34.4859244,6947052.8
704,07:17:21.649,4.76,34.4923022,6948303.2
705,07:17:21.822,5.74,34.50445860000001,6950976.4
706,07:17:21.997,4.76,34.501894899999996,6950861.6
707,07:17:22.169,7.0699999999999985,34.463778500000004,6943369.6
708,07:17:22.341,9.85,34.4973239,6949552.4
709,07:17:22.514,7.13,34.492749100000005,6948312.8
710,07:17:22.686,5.95,34.4931245,6946537.6
711,07:17:22.858,12.62,34.49684140000001,6949790.0
712,07:17:23.029,11.14,34.5405498,6957882.4
713,07:17:23.201,5.350000000000001,34.5355199,6957378.0
714,07:17:23.374,9.1,34.5627908,6962617.2
715,07:17:23.545,6.5200000000000005,34.5643774,6962830.4
716,07:17:23.716,5.9,34.5435477,6958654.8
717,07:17:23.888,10.45,34.5517049,6961068.4
718,07:17:24.060,10.969999999999999,34.562665800000005,6961393.6
719,07:17:24.276,6.860000000000001,34.5486254,6960012.8
720,07:17:24.454,10.98,34.504289699999994,6952172.4
721,07:17:24.627,8.419999999999998,34.52654890000001,6955669.6
722,07:17:24.800,8.09,34.5420905,6958629.2
723,07:17:24.972,8.25,34.5457759,6959462.4
724,07:17:25.145,9.8,34.53037919999999,6956452.0
725,07:17:25.317,9.91,34.51315369999999,6949740.0
726,07:17:25.490,16.990000000000002,34.5675941,6963785.2
727,07:17:25.662,9.93,34.5552058,6961023.2
728,07:17:25.835,12.040000000000001,34.5116645,6953930.8
729,07:17:26.013,13.809999999999999,34.535154600000006,6957110.4
730,07:17:26.185,6.760000000000001,34.5099626,6952392.4
731,07:17:26.358,11.379999999999999,34.5432938,6958713.6
732,07:17:26.529,8.62,34.53853029999999,6956046.8
733,07:17:26.702,8.760000000000002,34.497103700000004,6950712.4
734,07:17:26.873,14.089999999999998,34.5392253,6958337.6
