1,09:18:35.133,9.0,27.535649,5546932
2,09:18:35.333,13.6,27.577645,5555392
3,09:18:35.504,13.4,27.596608,5559212
4,09:18:35.677,9.5,27.626949,5565356
5,09:18:35.846,19.0,27.672162,5574480
6,09:18:36.014,19.1,27.699922,5580024
7,09:18:36.182,16.1,27.843722,5608992
8,09:18:36.355,3.0,27.855557,5611376
9,09:18:36.545,21.7,27.933831,5641088
10,09:18:36.755,9.7,28.015540,5644116
11,09:18:36.936,3.1,28.023146,5645136
12,09:18:37.113,1.6,28.032855,5647092
13,09:18:37.288,9.5,28.032994,5646896
14,09:18:37.458,1.6,28.032875,5647096
15,09:18:37.632,3.1,28.035973,5646840
16,09:18:37.802,3.1,27.904900,5621316
17,09:18:37.974,6.1,27.905277,5621392
18,09:18:38.144,3.0,27.908395,5622372
19,09:18:38.321,4.7,27.906687,5621676
20,09:18:38.490,1.5,27.908077,5622412
21,09:18:38.665,4.5,27.907620,5622132
22,09:18:38.843,3.1,27.909547,5622292
23,09:18:39.019,2.9,27.910043,5622132
24,09:18:39.194,3.0,27.908355,5622280
25,09:18:39.372,13.0,27.827519,5605508
26,09:18:39.553,7.0,27.824600,5605140
27,09:18:39.730,3.0,27.824223,5605104
28,09:18:39.906,1.5,27.824243,5605312
29,09:18:40.081,3.1,27.825097,5605516
30,09:18:40.257,7.2,27.822535,5604764
31,09:18:40.432,3.0,27.824561,5604692
32,09:18:40.609,4.6,27.824203,5605060
33,09:18:40.784,4.6,27.819954,5604204
34,09:18:40.961,3.0,27.823012,5604820
35,09:18:41.136,3.2,27.822952,5604588
36,09:18:41.310,6.0,27.821562,5604788
37,09:18:41.485,3.1,27.821384,5604492
38,09:18:41.660,4.5,27.820967,5604408
39,09:18:41.837,2.9,27.819815,5603956
40,09:18:42.013,1.6,27.820788,5604152
41,09:18:42.187,7.0,27.821682,5604552
42,09:18:42.364,1.6,27.820272,5604268
43,09:18:42.535,4.5,27.820153,5604024
44,09:18:42.712,3.1,27.821463,5604508
45,09:18:42.889,4.5,27.821284,5604472
46,09:18:43.065,6.2,27.822774,5604772
47,09:18:43.239,5.9,27.820033,5604220
48,09:18:43.414,7.5,27.817730,5604032
49,09:18:43.590,1.6,27.816678,5603836
50,09:18:43.765,3.1,27.817452,5603700
51,09:18:43.937,6.1,27.816261,5603736
52,09:18:44.112,4.5,27.819299,5603852
53,09:18:44.289,4.5,27.817949,5603800
54,09:18:44.463,3.1,27.817492,5603708
55,09:18:44.637,1.5,27.814533,5602892
56,09:18:44.806,1.5,27.815943,5603396
57,09:18:44.982,3.1,27.812726,5602748
58,09:18:45.160,4.8,27.763363,5593072
59,09:18:45.334,3.1,27.764376,5593008
60,09:18:45.509,3.0,27.764654,5592844
61,09:18:45.687,4.4,27.763442,5592600
62,09:18:45.865,2.9,27.759392,5592004
63,09:18:46.044,0.0,27.757764,5591936
64,09:18:46.219,4.4,27.758955,5591916
65,09:18:46.394,3.1,27.759570,5591820
66,09:18:46.571,3.0,27.758399,5592048
67,09:18:46.747,4.3,27.758915,5591908
68,09:18:46.924,3.1,27.758975,5592180
69,09:18:47.100,4.5,27.759848,5592096
70,09:18:47.274,3.0,27.758558,5592080
71,09:18:47.452,4.5,27.760861,5592300
72,09:18:47.629,3.0,27.761874,5592504
73,09:18:47.805,5.7,27.762013,5592532
74,09:18:47.984,5.7,27.760782,5592284
75,09:18:48.161,3.0,27.762172,5592288
76,09:18:48.337,6.0,27.759352,5591996
77,09:18:48.515,1.5,27.759153,5591956
78,09:18:48.688,3.1,27.759332,5591992
79,09:18:48.865,3.0,27.761199,5592368
80,09:18:49.040,3.0,27.760027,5592132
81,09:18:49.217,4.6,27.761000,5592384
82,09:18:49.393,6.1,27.762291,5592588
83,09:18:49.567,6.0,27.760980,5592324
84,09:18:49.745,6.2,27.760901,5592088
85,09:18:49.921,4.5,27.762033,5592536
86,09:18:50.100,1.5,27.760881,5592556
87,09:18:50.277,3.0,27.759829,5592092
88,09:18:50.451,2.9,27.762251,5592360
89,09:18:50.628,1.6,27.761914,5592512
90,09:18:50.804,3.0,27.761219,5592372
91,09:18:50.998,3.1,27.759670,5592060
92,09:18:51.177,4.7,27.760722,5592272
93,09:18:51.349,3.2,27.760563,5592240
94,09:18:51.523,4.3,27.761040,5592336
95,09:18:51.700,3.1,27.760305,5592448
96,09:18:51.875,4.4,27.760623,5592252
97,09:18:52.053,5.9,27.759948,5592116
98,09:18:52.228,1.6,27.760186,5592440
99,09:18:52.402,3.0,27.761278,5592164
100,09:18:52.580,4.5,27.761318,5592392
101,09:18:52.756,4.5,27.762370,5592384
102,09:18:52.930,7.2,27.759908,5592108
103,09:18:53.105,0.0,27.759769,5591860
104,09:18:53.280,1.5,27.762529,5592636
105,09:18:53.455,4.5,27.762152,5592340
106,09:18:53.633,3.0,27.760107,5592400
107,09:18:53.811,5.9,27.762271,5592584
108,09:18:53.987,4.5,27.761755,5592512
109,09:18:54.163,1.5,27.760067,5592140
110,09:18:54.340,3.1,27.764018,5592936
111,09:18:54.515,1.5,27.762390,5592388
112,09:18:54.693,1.5,27.762708,5592452
113,09:18:54.869,1.6,27.762887,5592708
114,09:18:55.045,3.0,27.760663,5592260
115,09:18:55.221,1.5,27.763840,5593144
116,09:18:55.397,3.1,27.764495,5592812
117,09:18:55.573,3.1,27.762688,5592668
118,09:18:55.749,2.9,27.759968,5592120
119,09:18:55.924,4.4,27.759670,5592060
120,09:18:56.100,1.5,27.760682,5592044
121,09:18:56.277,1.5,27.761358,5592400
122,09:18:56.453,5.9,27.761973,5592524
123,09:18:56.632,4.5,27.760107,5592148
124,09:18:56.809,0.0,27.758419,5591808
125,09:18:56.983,4.6,27.758042,5591976
126,09:18:57.158,3.0,27.762311,5592592
127,09:18:57.334,4.7,27.761397,5592188
128,09:18:57.509,3.1,27.758637,5592072
129,09:18:57.681,1.5,27.758776,5592400
130,09:18:57.858,5.9,27.758935,5592472
131,09:18:58.036,2.9,27.760464,5592220
132,09:18:58.212,5.8,27.760960,5592612
133,09:18:58.389,3.0,27.761755,5592568
134,09:18:58.567,4.5,27.761775,5592752
135,09:18:58.744,4.6,27.763621,5592636
136,09:18:58.919,3.0,27.763522,5592616
137,09:18:59.096,3.0,27.761258,5592380
138,09:18:59.271,0.0,27.760821,5592292
139,09:18:59.448,4.5,27.759769,5592080
140,09:18:59.626,1.6,27.758876,5591680
141,09:18:59.801,4.5,27.758578,5591840
142,09:18:59.977,6.0,27.759749,5592076
143,09:19:00.153,4.6,27.761020,5592332
144,09:19:00.329,3.1,27.763601,5593088
145,09:19:00.505,3.0,27.763522,5592836
146,09:19:00.678,2.9,27.763125,5593088
147,09:19:00.851,4.6,27.761755,5592480
148,09:19:01.021,1.6,27.761417,5592412
149,09:19:01.189,3.1,27.761854,5592500
150,09:19:01.358,11.9,27.753554,5592340
151,09:19:01.533,24.2,27.892331,5619528
152,09:19:01.718,6.3,27.886831,5617676
153,09:19:01.897,1.6,27.885262,5617360
154,09:19:02.071,3.1,27.887069,5617724
155,09:19:02.246,1.6,27.886791,5617668
156,09:19:02.423,4.3,27.890663,5618448
157,09:19:02.596,1.6,27.892073,5618732
158,09:19:02.773,3.1,27.892232,5618764
159,09:19:02.950,1.6,27.892232,5618764
160,09:19:03.129,1.5,27.892311,5618780
161,09:19:03.310,3.1,27.891477,5618612
162,09:19:03.488,1.6,27.895190,5619140
163,09:19:03.666,1.6,27.890862,5618504
164,09:19:03.840,6.2,27.789911,5597932
165,09:19:04.012,21.9,27.870231,5614332
166,09:19:04.180,14.3,27.887804,5617872
167,09:19:04.354,4.7,27.887526,5617816
168,09:19:04.526,4.4,27.886453,5617600
169,09:19:04.703,3.0,27.883435,5617512
170,09:19:04.885,3.0,27.843583,5608964
171,09:19:05.058,3.0,27.841201,5608484
172,09:19:05.229,20.6,27.808676,5602116
173,09:19:05.426,3.1,27.812786,5602760
174,09:19:05.607,20.6,27.811773,5601972
175,09:19:05.805,0.0,27.812389,5602680
176,09:19:05.982,0.0,27.812389,5602680
177,09:19:06.158,3.0,27.811515,5602504
178,09:19:06.333,1.6,27.811515,5602504
179,09:19:06.507,3.1,27.812488,5602700
180,09:19:06.681,3.1,27.924300,5631620
181,09:19:06.858,15.5,28.882395,5826856
182,09:19:07.067,7.5,28.932751,5828372
183,09:19:07.249,3.2,28.928125,5827468
184,09:19:07.439,4.6,28.933963,5828616
185,09:19:07.629,1.6,28.934042,5828412
186,09:19:07.807,3.1,28.934697,5828764
187,09:19:07.985,4.6,28.933764,5828576
188,09:19:08.161,3.1,28.933407,5828292
189,09:19:08.361,4.5,28.933486,5828520
190,09:19:08.539,1.6,28.933645,5828332
191,09:19:08.715,3.1,28.932712,5828364
192,09:19:08.891,1.6,28.932712,5828364
193,09:19:09.066,3.1,28.951436,5836452
194,09:19:09.244,13.0,29.706460,5986256
195,09:19:09.453,3.0,29.713072,5985564
196,09:19:09.639,4.5,29.712416,5985432
197,09:19:09.815,3.1,29.713866,5985724
198,09:19:09.991,1.6,29.713707,5985692
199,09:19:10.167,1.6,29.718234,5986604
200,09:19:10.338,1.5,29.719565,5986652
201,09:19:10.513,4.5,29.722265,5987416
202,09:19:10.688,3.4,29.721133,5987188
203,09:19:10.861,1.9,29.722245,5987412
204,09:19:11.031,1.8,29.725125,5987992
205,09:19:11.204,4.3,29.731638,5989604
206,09:19:11.379,4.4,29.728798,5988732
207,09:19:11.591,5.4,29.720538,5986848
208,09:19:11.764,1.9,29.721312,5987224
209,09:19:11.937,3.3,29.727090,5988388
210,09:19:12.111,3.2,29.726892,5988348
211,09:19:12.287,4.3,29.733544,5989688
212,09:19:12.463,4.6,29.730565,5989348
213,09:19:12.641,3.0,29.737813,5990548
214,09:19:12.817,5.0,29.721928,5987572
215,09:19:12.990,3.4,29.717937,5986324
216,09:19:13.163,4.9,29.714124,5985776
217,09:19:13.337,3.5,29.717261,5986632
218,09:19:13.513,3.2,29.719148,5986340
219,09:19:13.695,1.8,29.715971,5986392
220,09:19:13.871,4.8,29.724708,5987964
221,09:19:14.041,4.9,29.720716,5987104
222,09:19:14.216,4.6,29.730684,5988892
223,09:19:14.394,4.8,29.716507,5986256
224,09:19:14.567,3.0,29.724688,5987904
225,09:19:14.737,6.1,29.720875,5987136
226,09:19:14.914,6.5,29.713092,5985924
227,09:19:15.087,7.8,29.716864,5986328
228,09:19:15.259,4.6,29.717003,5986608
229,09:19:15.432,6.7,29.716388,5986232
230,09:19:15.605,4.5,29.715137,5985980
231,09:19:15.781,7.6,29.719247,5986808
232,09:19:15.957,3.2,29.727964,5988840
233,09:19:16.132,6.1,29.713886,5985980
234,09:19:16.316,4.4,29.716566,5986236
235,09:19:16.489,3.1,29.718453,5986656
236,09:19:16.687,4.7,29.723973,5987760
237,09:19:16.864,6.0,29.728004,5988352
238,09:19:17.039,6.2,29.716348,5986224
239,09:19:17.213,7.2,29.720836,5986908
240,09:19:17.389,7.5,29.715891,5986132
241,09:19:17.560,6.2,29.718036,5986564
242,09:19:17.733,4.9,29.715891,5985912
243,09:19:17.908,3.0,29.715117,5986196
244,09:19:18.082,7.4,29.718632,5986604
245,09:19:18.258,7.2,29.712297,5985188
246,09:19:18.435,4.3,29.717361,5986428
247,09:19:18.609,7.5,29.715474,5986048
248,09:19:18.783,7.1,29.714799,5985472
249,09:19:18.957,4.5,29.719128,5986564
250,09:19:19.132,4.5,29.717003,5986624
251,09:19:19.304,6.1,29.717520,5985548
252,09:19:19.484,8.7,29.715137,5985760
253,09:19:19.657,5.8,29.721550,5987272
254,09:19:19.837,7.4,29.714958,5985944
255,09:19:20.011,3.1,29.717817,5986520
256,09:19:20.186,5.9,29.716844,5986104
257,09:19:20.360,3.1,29.717420,5986440
258,09:19:20.533,3.1,29.725025,5987972
259,09:19:20.710,6.2,29.715435,5986040
260,09:19:20.884,9.5,29.713648,5985680
261,09:19:21.056,8.8,29.715057,5985964
262,09:19:21.228,10.0,29.720816,5987124
263,09:19:21.401,10.8,29.713370,5985404
264,09:19:21.577,5.9,29.711324,5985212
265,09:19:21.758,5.7,29.718155,5986820
266,09:19:21.937,5.8,29.716229,5986200
267,09:19:22.111,5.3,29.714740,5985900
268,09:19:22.284,3.0,29.772740,5997584
269,09:19:22.457,5.6,29.885347,6020268
270,09:19:22.635,7.7,29.986436,6040428
271,09:19:22.816,12.3,30.041538,6053276
272,09:19:22.988,8.2,30.160359,6075712
273,09:19:23.163,7.9,30.257001,6095136
274,09:19:23.348,17.6,30.314922,6106804
275,09:19:23.524,8.5,30.393395,6122612
276,09:19:23.701,19.5,30.407910,6125536
277,09:19:23.873,14.3,30.407930,6125540
278,09:19:24.057,15.1,30.409896,6126152
279,09:19:24.228,18.9,30.410114,6125612
280,09:19:24.401,19.4,30.414343,6126832
281,09:19:24.575,11.3,30.411802,6126104
282,09:19:24.749,13.0,30.408545,6125664
283,09:19:24.926,9.1,30.407751,6125504
284,09:19:25.100,5.1,30.413132,6126832
285,09:19:25.272,3.4,30.413073,6126356
286,09:19:25.444,2.0,30.419963,6128232
287,09:19:25.615,3.4,30.430943,6132152
288,09:19:25.788,1.9,30.450720,6134428
289,09:19:25.961,3.8,30.460808,6136192
290,09:19:26.133,5.9,30.469544,6137876
291,09:19:26.306,3.8,30.852775,6215152
292,09:19:26.484,3.3,30.857957,6216032
293,09:19:26.654,7.4,30.853628,6215104
294,09:19:26.833,0.0,30.857282,6216060
295,09:19:27.003,3.6,30.854244,6215448
296,09:19:27.176,1.9,30.856111,6215824
297,09:19:27.347,3.3,30.853450,6215288
298,09:19:27.521,1.9,30.854522,6215504
299,09:19:27.697,1.6,30.858176,6215576
300,09:19:27.874,0.0,30.873763,6218940
301,09:19:28.050,3.7,30.875590,6219748
302,09:19:28.225,3.9,30.871122,6218848
303,09:19:28.402,5.4,30.875351,6219480
304,09:19:28.577,3.6,30.872433,6219112
305,09:19:28.754,2.0,30.873703,6219368
306,09:19:28.929,1.9,30.875431,6219716
307,09:19:29.105,5.6,30.876543,6219940
308,09:19:29.278,3.8,30.876066,6219620
309,09:19:29.454,5.6,30.877000,6219812
310,09:19:29.627,4.0,30.876046,6219620
311,09:19:29.803,6.9,30.873723,6219152
312,09:19:29.982,1.8,30.877675,6220168
313,09:19:30.153,3.1,30.876384,6219688
314,09:19:30.333,3.3,30.826008,6210264
315,09:19:30.511,6.5,30.823923,6208684
316,09:19:30.685,3.3,30.824320,6209732
317,09:19:30.857,6.2,30.829960,6211000
318,09:19:31.029,4.8,30.824777,6209560
319,09:19:31.202,6.7,30.821521,6209456
320,09:19:31.374,4.6,30.821461,6208844
321,09:19:31.548,5.9,30.823506,6209476
322,09:19:31.721,1.6,30.824837,6209524
323,09:19:31.892,4.8,30.823030,6209768
324,09:19:32.065,3.0,30.826644,6209888
325,09:19:32.240,4.5,30.821481,6208848
326,09:19:32.417,1.6,30.823685,6209292
327,09:19:32.593,4.6,30.825690,6209696
328,09:19:32.767,4.4,30.824618,6209724
329,09:19:32.941,3.1,30.825115,6209612
330,09:19:33.113,0.0,30.825532,6209908
331,09:19:33.287,3.1,30.823645,6209284
332,09:19:33.456,4.3,30.822772,6209080
333,09:19:33.632,4.5,30.826465,6209852
334,09:19:33.809,4.3,30.824916,6209596
335,09:19:33.984,6.1,30.824201,6209648
336,09:19:34.162,6.1,30.827100,6209760
337,09:19:34.337,4.5,30.827259,6209792
338,09:19:34.511,3.2,30.825909,6209740
339,09:19:34.687,1.6,30.822613,6209076
340,09:19:34.859,2.9,30.826405,6209620
341,09:19:35.034,3.0,30.824578,6209252
342,09:19:35.212,4.4,30.821739,6209688
343,09:19:35.387,3.1,30.823824,6209320
344,09:19:35.560,3.0,30.825273,6209856
345,09:19:35.737,6.1,30.828113,6210184
346,09:19:35.911,4.1,30.825055,6209828
347,09:19:36.086,5.5,30.823625,6209540
348,09:19:36.264,3.1,30.821977,6208980
349,09:19:36.441,4.1,30.818701,6208516
350,09:19:36.610,1.5,30.823665,6209288
351,09:19:36.787,3.1,30.825651,6209688
352,09:19:36.960,1.5,30.833514,6211272
353,09:19:37.132,0.0,30.956743,6235940
354,09:19:37.301,1.6,31.055966,6256484
355,09:19:37.476,4.5,31.181022,6281788
356,09:19:37.656,1.5,31.418367,6331136
357,09:19:37.826,1.6,31.621638,6369512
358,09:19:37.998,6.2,31.766789,6399276
359,09:19:38.184,3.1,31.964639,6439132
360,09:19:38.359,1.6,32.063326,6459012
361,09:19:38.531,4.5,32.127065,6472380
362,09:19:38.704,3.3,32.199541,6486452
363,09:19:38.874,4.5,32.201507,6486848
364,09:19:39.046,1.6,32.200196,6486852
365,09:19:39.220,1.6,32.202460,6487040
366,09:19:39.396,7.4,32.203056,6487160
367,09:19:39.571,8.2,32.196999,6485972
368,09:19:39.742,3.2,32.196721,6485664
369,09:19:39.912,3.1,32.198171,6486176
370,09:19:40.085,4.5,32.195987,6485736
371,09:19:40.260,0.0,32.194954,6485308
372,09:19:40.436,2.8,32.192393,6485012
373,09:19:40.608,1.5,32.194339,6485680
374,09:19:40.782,4.2,32.196205,6486032
375,09:19:40.957,4.6,32.197456,6485760
376,09:19:41.129,3.0,32.195709,6485924
377,09:19:41.300,1.5,32.193862,6485308
378,09:19:41.472,3.2,32.194835,6485504
379,09:19:41.641,4.6,32.197059,6485952
380,09:19:41.817,4.6,32.196721,6486152
381,09:19:41.989,3.1,32.200494,6486424
382,09:19:42.158,7.4,32.197397,6485800
383,09:19:42.336,2.9,32.193942,6485576
384,09:19:42.508,3.0,32.192552,6485044
385,09:19:42.680,1.5,32.190546,6484892
386,09:19:42.857,1.5,32.194716,6485152
387,09:19:43.032,1.6,32.193544,6485772
388,09:19:43.209,3.1,32.193425,6485488
389,09:19:43.379,3.1,32.194617,6485964
390,09:19:43.547,3.0,32.197416,6486024
391,09:19:43.721,4.5,32.196106,6485760
392,09:19:43.897,3.1,32.195470,6485876
393,09:19:44.068,3.0,32.206213,6488372
394,09:19:44.240,3.1,32.206670,6487888
395,09:19:44.409,2.9,32.213699,6489304
396,09:19:44.581,2.9,32.213758,6488988
397,09:19:44.753,1.5,32.215883,6489792
398,09:19:44.923,4.5,32.216498,6489648
399,09:19:45.099,2.9,32.215327,6489876
400,09:19:45.274,4.5,32.228194,6492224
401,09:19:45.444,1.6,32.228710,6492108
402,09:19:45.613,2.9,32.229564,6492768
403,09:19:45.787,2.9,32.237308,6494320
404,09:19:45.957,3.0,32.253332,6497540
405,09:19:46.129,4.6,32.259547,6498800
406,09:19:46.301,3.0,32.259210,6498472
407,09:19:46.476,4.5,32.261116,6498856
408,09:19:46.646,3.1,32.258336,6498296
409,09:19:46.815,1.5,32.268145,6500524
410,09:19:46.985,1.5,32.276028,6502080
411,09:19:47.156,3.0,32.278828,6502424
412,09:19:47.332,3.0,32.279821,6502672
413,09:19:47.508,3.1,32.289332,6504320
414,09:19:47.680,1.6,32.680624,6583560
415,09:19:47.935,4.5,32.682371,6583716
416,09:19:48.112,4.6,32.680783,6583396
417,09:19:48.282,1.5,32.680664,6583372
418,09:19:48.457,1.5,32.682749,6583792
419,09:19:48.636,3.2,32.678956,6583272
420,09:19:48.811,4.5,32.679036,6583044
421,09:19:48.984,3.1,32.678162,6583096
422,09:19:49.153,6.0,32.678698,6582976
423,09:19:49.331,4.4,32.679929,6583224
424,09:19:49.508,3.0,32.680028,6583244
425,09:19:49.685,3.0,32.682371,6583496
426,09:19:49.859,4.5,32.681835,6583608
427,09:19:50.037,3.1,32.683841,6583792
428,09:19:50.209,3.0,32.690115,6585544
429,09:19:50.384,3.0,32.692856,6585828
430,09:19:50.556,3.0,32.692697,6585796
431,09:19:50.733,0.0,32.695020,6586264
432,09:19:50.907,1.5,32.692617,6585560
433,09:19:51.083,4.6,32.689599,6584924
434,09:19:51.253,4.5,32.691168,6585748
435,09:19:51.429,3.0,32.693769,6586012
436,09:19:51.605,3.0,32.691823,6586132
437,09:19:51.780,0.0,32.694385,6586136
438,09:19:51.950,2.9,32.695199,6586300
439,09:19:52.126,1.5,32.695437,6586348
440,09:19:52.303,3.1,32.695377,6586116
441,09:19:52.480,3.1,32.696470,6586336
442,09:19:52.656,4.3,32.694901,6586240
443,09:19:52.830,4.5,32.694265,6586152
444,09:19:53.004,3.0,32.696172,6585948
445,09:19:53.183,3.1,32.702903,6587852
446,09:19:53.357,6.2,32.702903,6587852
447,09:19:53.530,3.0,32.703995,6588072
448,09:19:53.707,3.0,32.701156,6587280
449,09:19:53.885,5.9,32.700064,6587556
450,09:19:54.060,4.5,32.702843,6588084
451,09:19:54.237,4.4,32.703300,6587932
452,09:19:54.413,5.9,32.705802,6588436
453,09:19:54.589,3.1,32.701612,6587592
454,09:19:54.765,4.5,32.703062,6587884
455,09:19:54.940,3.0,32.702287,6587728
456,09:19:55.116,3.0,32.704948,6588264
457,09:19:55.293,4.8,32.702843,6588100
458,09:19:55.464,1.6,32.701692,6587608
459,09:19:55.636,0.0,33.084843,6664792
460,09:19:55.808,1.5,33.087702,6665368
461,09:19:55.983,3.1,33.086391,6665372
462,09:19:56.160,3.1,33.087642,6665292
463,09:19:56.336,1.5,33.087027,6665232
464,09:19:56.509,3.1,33.086928,6664992
465,09:19:56.680,3.0,33.087106,6665028
466,09:19:56.855,3.0,33.084287,6664940
467,09:19:57.028,3.2,33.089429,6665960
468,09:19:57.198,4.5,33.090958,6666024
469,09:19:57.376,6.1,33.090680,6665968
470,09:19:57.551,3.1,33.090303,6665892
471,09:19:57.729,1.5,33.086848,6665196
472,09:19:57.906,3.0,33.088119,6665452
473,09:19:58.083,3.0,33.089330,6665696
474,09:19:58.252,3.1,33.087881,6665404
475,09:19:58.429,3.0,33.087920,6665412
476,09:19:58.605,7.5,33.089211,6665672
477,09:19:58.781,4.3,33.089568,6665744
478,09:19:58.957,3.1,33.085677,6664992
479,09:19:59.129,3.1,33.082658,6664432
480,09:19:59.305,3.2,33.084247,6664452
481,09:19:59.476,4.3,33.083075,6664436
482,09:19:59.653,1.6,33.081249,6664328
483,09:19:59.822,4.3,33.077794,6663372
484,09:19:59.996,0.0,33.080176,6663852
485,09:20:00.172,5.9,33.078727,6663560
486,09:20:00.346,2.9,33.083512,6664524
487,09:20:00.521,6.0,33.082778,6664376
488,09:20:00.696,3.0,33.079759,6664012
489,09:20:00.872,2.8,33.081467,6664112
490,09:20:01.052,6.0,33.082083,6664236
491,09:20:01.228,7.6,33.082976,6664196
492,09:20:01.405,3.0,33.083770,6664828
493,09:20:01.578,4.6,33.083353,6664752
494,09:20:01.753,4.5,33.081229,6664316
495,09:20:01.925,4.5,33.080196,6663888
496,09:20:02.098,1.6,33.081805,6664440
497,09:20:02.750,1.5,33.085736,6664972
498,09:20:02.926,2.9,33.083889,6664852
499,09:20:03.101,1.6,33.079819,6663780
500,09:20:03.270,3.0,33.081288,6664076
501,09:20:03.440,1.5,33.079104,6663636
502,09:20:03.609,3.1,33.080633,6663944
503,09:20:03.778,1.6,33.079541,6663504
504,09:20:03.947,0.0,33.100708,6668248
505,09:20:04.116,1.6,33.102555,6668360
506,09:20:04.284,0.0,33.100926,6668032
507,09:20:04.453,1.5,33.100370,6667920
508,09:20:04.622,3.0,33.099755,6668056
509,09:20:04.792,3.1,33.098305,6667764
510,09:20:04.961,0.0,33.099675,6667780
511,09:20:05.130,1.6,33.100271,6667932
512,09:20:05.298,1.6,33.098603,6667344
513,09:20:05.467,1.6,33.099894,6667824
514,09:20:05.636,1.6,33.101125,6668120
515,09:20:05.805,1.6,33.100053,6667856
516,09:20:05.976,3.0,33.101840,6667996
517,09:20:06.149,3.1,33.050987,6658232
518,09:20:06.321,1.6,33.048029,6657888
519,09:20:06.490,3.1,33.049041,6657580
520,09:20:06.659,1.5,33.048366,6657476
521,09:20:06.828,1.5,33.048128,6657176
522,09:20:06.997,3.0,33.050828,6657940
523,09:20:07.167,1.6,33.049260,6657404
524,09:20:07.336,1.6,33.051563,6658088
525,09:20:07.505,3.0,33.071618,6662356
526,09:20:07.674,3.2,33.070566,6661696
527,09:20:07.843,3.0,33.071003,6662248
528,09:20:08.011,3.0,33.069454,6661692
529,09:20:08.180,3.2,33.070387,6661880
530,09:20:08.349,1.5,33.070347,6661872
531,09:20:08.517,0.0,33.071638,6662392
532,09:20:08.686,1.6,33.071916,6662188
533,09:20:08.855,1.6,33.070665,6661936
534,09:20:09.024,1.6,33.071995,6662204
535,09:20:09.192,4.6,33.072452,6662076
536,09:20:09.361,1.6,33.073743,6662556
537,09:20:09.530,3.0,33.072194,6662244
538,09:20:09.698,36.4,33.289523,6706024
539,09:20:09.868,29.2,33.320241,6712368
540,09:20:10.057,1.6,33.317322,6711624
541,09:20:10.236,3.0,33.319189,6712000
542,09:20:10.414,3.1,33.320440,6712252
543,09:20:10.590,2.8,33.322842,6712736
544,09:20:10.767,1.6,33.324570,6713084
545,09:20:10.937,3.1,33.320281,6712472
546,09:20:11.108,1.6,33.321532,6712724
547,09:20:11.282,2.7,33.321691,6712536
548,09:20:11.459,4.6,33.320162,6712196
549,09:20:11.633,18.8,33.093202,6667296
550,09:20:11.815,15.6,33.180015,6683744
551,09:20:11.991,1.6,33.179082,6683776
552,09:20:12.167,9.1,33.250744,6698212
553,09:20:12.351,4.5,33.253404,6698748
554,09:20:12.529,3.0,33.256720,6699416
555,09:20:12.705,4.7,33.257118,6699716
556,09:20:12.888,1.6,33.257276,6699528
557,09:20:13.066,3.0,33.257276,6699528
558,09:20:13.243,3.2,33.255251,6699364
559,09:20:13.422,4.5,33.254437,6698956
560,09:20:13.603,3.1,33.254437,6698956
561,09:20:13.781,6.5,33.270183,6702128
562,09:20:13.967,3.1,33.271930,6702480
563,09:20:14.147,21.5,33.188791,6685472
564,09:20:14.337,1.5,33.188354,6685644
565,09:20:14.528,3.0,33.191710,6686320
566,09:20:14.704,1.6,33.191710,6686320
567,09:20:14.886,19.4,33.141612,6681100
568,09:20:15.068,29.9,33.307255,6709596
569,09:20:15.240,11.5,33.310631,6710276
570,09:20:15.415,1.6,33.312894,6710732
571,09:20:15.594,3.1,33.312755,6710704
572,09:20:15.770,3.1,33.314940,6711144
573,09:20:15.944,3.1,33.315337,6711224
574,09:20:16.119,3.1,33.315178,6711192
575,09:20:16.294,3.1,33.317918,6713204
576,09:20:16.489,7.6,33.303463,6707784
577,09:20:16.686,6.2,33.303582,6708856
578,09:20:16.864,1.6,33.302986,6708440
579,09:20:17.037,4.4,33.300464,6708384
580,09:20:17.211,6.2,33.307315,6709616
581,09:20:17.391,3.0,33.307553,6709508
582,09:20:17.570,6.2,33.313351,6710832
583,09:20:17.752,1.5,33.313351,6710676
584,09:20:17.935,4.7,33.313490,6710852
585,09:20:18.113,4.7,33.314185,6710844
586,09:20:18.289,1.6,33.312597,6710524
587,09:20:18.465,0.0,33.312597,6710524
588,09:20:18.639,1.6,33.312597,6710524
589,09:20:18.814,4.4,33.337477,6715604
590,09:20:18.999,4.7,33.603653,6767644
591,09:20:19.194,7.6,34.013054,6851776
592,09:20:19.376,3.1,34.013650,6851904
593,09:20:19.552,3.1,34.013689,6851920
594,09:20:19.733,3.0,34.013828,6851948
595,09:20:19.910,1.6,34.014226,6851864
596,09:20:20.088,3.1,34.014186,6852012
597,09:20:20.266,3.2,34.012419,6851648
598,09:20:20.443,6.1,34.013292,6851840
599,09:20:20.621,1.6,34.013332,6851684
600,09:20:20.801,4.5,34.013372,6851692
601,09:20:20.981,1.6,34.013531,6851724
602,09:20:21.158,1.5,34.013292,6851676
603,09:20:21.335,1.6,34.013809,6851780
604,09:20:21.512,4.5,34.011426,6851300
605,09:20:21.692,3.1,34.011426,6851300
606,09:20:21.871,3.2,34.011466,6851308
607,09:20:22.050,4.5,34.011466,6851308
608,09:20:22.226,4.7,33.946336,6837832
609,09:20:22.403,6.2,33.875032,6823972
610,09:20:22.572,27.0,33.882994,6825576
611,09:20:22.751,1.6,33.883093,6825596
612,09:20:22.928,1.6,33.885476,6826076
613,09:20:23.105,1.6,33.885635,6826052
614,09:20:23.281,3.0,33.887482,6826480
615,09:20:23.456,4.7,33.889706,6826936
616,09:20:23.634,3.2,33.890103,6827008
617,09:20:23.821,1.6,33.890103,6827008
618,09:20:24.002,4.5,33.890103,6827008
619,09:20:24.185,1.6,33.889984,6826984
620,09:20:24.361,3.1,33.890023,6826992
621,09:20:24.539,1.5,33.890023,6827308
622,09:20:24.719,1.6,33.889884,6826964
623,09:20:24.896,3.1,33.889725,6826932
624,09:20:25.072,3.1,33.889408,6826868
625,09:20:25.248,1.6,33.891572,6827084
626,09:20:25.422,1.5,33.893260,6827896
627,09:20:25.594,5.6,33.895801,6827936
628,09:20:25.773,6.2,33.895643,6827904
629,09:20:25.944,6.3,33.892545,6827500
630,09:20:26.118,6.3,33.896377,6828052
631,09:20:26.291,5.1,33.885635,6826352
632,09:20:26.478,6.1,33.884821,6825944
633,09:20:26.651,6.1,33.891076,6827204
634,09:20:26.825,7.5,33.888891,6826764
635,09:20:26.999,3.4,33.884960,6826436
636,09:20:27.171,3.3,33.886529,6826288
637,09:20:27.344,6.1,33.887938,6826572
638,09:20:27.516,4.7,33.888256,6826636
639,09:20:27.687,7.8,33.888097,6826384
640,09:20:27.861,4.6,33.888613,6826460
641,09:20:28.035,4.5,33.884225,6826068
642,09:20:28.205,6.3,33.886330,6826248
643,09:20:28.377,7.2,33.888653,6826992
644,09:20:28.549,6.2,33.888514,6826688
645,09:20:28.721,4.5,33.887541,6826272
646,09:20:28.894,3.0,33.891651,6828000
647,09:20:29.071,6.2,33.888693,6826504
648,09:20:29.243,4.4,33.886628,6826308
649,09:20:29.415,6.0,33.890381,6827064
650,09:20:29.589,7.6,33.888514,6826688
651,09:20:29.759,7.4,33.889507,6826888
652,09:20:29.932,4.5,33.890679,6827124
653,09:20:30.105,1.6,33.889229,6826832
654,09:20:30.277,3.2,33.887978,6826356
655,09:20:30.450,3.0,33.885953,6826172
656,09:20:30.621,4.5,33.883610,6825920
657,09:20:30.793,3.1,33.886251,6826232
658,09:20:30.965,3.2,33.888077,6826832
659,09:20:31.138,3.2,33.887660,6826516
660,09:20:31.310,6.2,33.888276,6826640
661,09:20:31.483,3.0,33.890857,6827160
662,09:20:31.655,5.9,33.889547,6826444
663,09:20:31.827,4.7,33.889130,6826844
664,09:20:31.999,4.8,33.892327,6827680
665,09:20:32.171,4.8,33.890460,6827080
666,09:20:32.343,7.4,33.888733,6826732
667,09:20:32.516,7.4,33.890917,6827172
668,09:20:32.688,4.5,33.886390,6826040
669,09:20:32.862,7.4,33.886469,6826276
670,09:20:33.037,10.3,33.887799,6826544
671,09:20:33.211,7.1,33.885059,6825992
672,09:20:33.384,7.2,33.885734,6825908
673,09:20:33.557,9.3,33.890599,6826876
674,09:20:33.731,11.1,33.888693,6826504
675,09:20:33.949,17.6,33.888256,6826960
676,09:20:34.122,12.5,33.892267,6827224
677,09:20:34.296,15.9,33.893875,6827096
678,09:20:34.470,16.9,33.889944,6826976
679,09:20:34.643,18.1,33.891433,6827056
680,09:20:34.815,17.8,33.890520,6827092
681,09:20:34.988,20.5,33.885695,6826120
682,09:20:35.160,18.8,33.888594,6826484
683,09:20:35.333,21.1,33.885933,6825948
684,09:20:35.505,18.3,33.886449,6826052
685,09:20:35.678,17.1,33.887184,6826420
686,09:20:35.850,13.4,33.887501,6826484
687,09:20:36.024,20.3,33.888673,6826720
688,09:20:36.196,10.8,33.889467,6826880
689,09:20:36.368,10.8,33.888613,6826708
690,09:20:36.540,6.6,33.884583,6826124
691,09:20:36.713,3.4,33.886945,6826372
692,09:20:36.886,3.3,33.885019,6826236
693,09:20:37.059,3.3,33.885158,6826012
694,09:20:37.232,5.0,33.887839,6826392
695,09:20:37.404,3.6,33.880889,6825152
696,09:20:37.578,1.8,33.880452,6825512
697,09:20:37.750,1.9,33.886806,6826028
698,09:20:37.923,4.1,33.887918,6826568
699,09:20:38.096,3.7,33.892148,6827420
700,09:20:38.269,3.7,33.888613,6826396
701,09:20:38.445,2.0,33.891016,6827192
702,09:20:38.620,4.3,33.887243,6826196
703,09:20:38.793,5.6,33.890361,6827060
704,09:20:38.966,3.7,33.890837,6827156
705,09:20:39.137,7.1,33.888316,6826500
706,09:20:39.310,3.8,33.890460,6827080
707,09:20:39.483,3.8,33.886191,6826472
708,09:20:39.657,3.7,33.889864,6826976
709,09:20:39.828,6.8,33.891910,6826924
710,09:20:40.001,8.8,33.885218,6826308
711,09:20:40.175,5.5,33.885476,6826076
712,09:20:40.348,1.8,33.888018,6826588
713,09:20:40.520,6.9,33.886846,6826352
714,09:20:40.694,8.2,33.887720,6826528
715,09:20:40.866,3.1,33.888713,6826728
716,09:20:41.041,6.2,33.888177,6826360
717,09:20:41.214,11.4,33.884980,6825984
718,09:20:41.386,6.0,33.888891,6826764
719,09:20:41.558,9.1,33.889090,6826868
720,09:20:41.730,4.7,33.892664,6827524
721,09:20:41.904,7.6,33.888554,6826396
722,09:20:42.077,6.6,33.885417,6826064
723,09:20:42.249,5.8,33.886628,6826308
724,09:20:42.425,4.5,33.888236,6826632
725,09:20:42.597,6.3,33.890619,6827200
726,09:20:42.771,3.1,33.890381,6826916
727,09:20:42.944,7.8,33.891751,6827340
728,09:20:43.117,7.2,33.890003,6826988
729,09:20:43.291,4.7,33.889646,6826916
730,09:20:43.464,4.6,33.889527,6826892
731,09:20:43.637,6.6,33.891413,6826976
732,09:20:43.811,7.6,33.890837,6827136
733,09:20:43.984,4.3,33.890579,6827104
734,09:20:44.157,6.2,33.887084,6826800
735,09:20:44.329,7.8,33.890361,6827320
736,09:20:44.503,3.1,33.891215,6827232
737,09:20:44.677,6.2,33.889904,6826968
738,09:20:44.850,5.9,33.888256,6826636
739,09:20:45.022,6.2,33.882934,6825140
740,09:20:45.196,4.6,33.890698,6827128
741,09:20:45.372,3.3,33.888931,6826772
742,09:20:45.545,6.6,33.888514,6826688
743,09:20:45.717,8.1,33.888097,6826604
744,09:20:45.892,4.5,33.890818,6827152
745,09:20:46.065,6.2,33.888872,6826464
746,09:20:46.235,6.2,33.889765,6826940
747,09:20:46.408,4.8,33.890242,6827036
748,09:20:46.582,10.3,33.890381,6827064
749,09:20:46.755,11.0,33.890182,6827024
750,09:20:46.928,3.2,33.888713,6826600
751,09:20:47.101,3.2,33.890540,6827096
752,09:20:47.272,3.2,33.891751,6827340
753,09:20:47.444,6.0,33.889289,6826844
754,09:20:47.619,6.2,33.887640,6826512
755,09:20:47.792,6.0,33.886747,6826332
756,09:20:47.966,10.1,33.886667,6826200
757,09:20:48.140,9.9,33.883510,6826204
758,09:20:48.313,8.8,33.886171,6826216
759,09:20:48.486,5.6,33.886787,6826340
760,09:20:48.659,6.1,33.888077,6826304
761,09:20:48.832,10.8,33.888316,6826648
762,09:20:49.006,7.0,33.888752,6826568
763,09:20:49.178,13.5,33.887680,6826788
764,09:20:49.349,12.2,33.887124,6826408
765,09:20:49.523,15.2,33.886707,6826712
766,09:20:49.695,14.9,33.888971,6826632
767,09:20:49.868,16.7,33.889289,6826844
768,09:20:50.041,16.7,33.888316,6826828
769,09:20:50.215,14.9,33.888653,6826716
770,09:20:50.389,19.4,33.890142,6827164
771,09:20:50.563,23.0,33.890480,6826840
772,09:20:50.735,18.6,33.887700,6826644
773,09:20:50.906,19.1,33.887740,6826532
774,09:20:51.078,16.4,33.888911,6826768
775,09:20:51.250,23.3,33.882954,6825568
776,09:20:51.423,16.7,33.883888,6825936
777,09:20:51.596,16.9,33.888991,6826632
778,09:20:51.769,12.7,33.887640,6826720
779,09:20:51.942,13.2,33.886390,6826428
780,09:20:52.115,12.1,33.887601,6826356
781,09:20:52.286,10.8,33.887998,6826508
782,09:20:52.458,7.8,33.889030,6826948
783,09:20:52.630,6.8,33.887223,6826428
784,09:20:52.805,3.2,33.888733,6826732
785,09:20:52.980,1.8,33.887323,6826300
786,09:20:53.155,3.6,33.880393,6825992
787,09:20:53.329,3.3,33.883411,6825212
788,09:20:53.505,1.8,33.884404,6825860
789,09:20:53.686,1.9,33.879003,6824932
790,09:20:53.861,3.7,33.883490,6825380
791,09:20:54.037,1.9,33.882875,6825400
792,09:20:54.213,5.6,33.878705,6824560
793,09:20:54.388,2.0,33.877911,6824964
794,09:20:54.559,2.0,33.964028,6841900
795,09:20:54.733,2.0,34.042859,6857780
796,09:20:54.905,3.8,34.138210,6876464
797,09:20:55.081,13.8,34.149905,6879208
798,09:20:55.294,1.9,34.238902,6898524
799,09:20:55.487,5.4,34.296585,6908236
800,09:20:55.678,1.8,34.393921,6928500
801,09:20:55.865,3.6,34.477041,6946756
802,09:20:56.057,5.4,34.622708,6976344
803,09:20:56.257,3.6,34.795400,7009116
804,09:20:56.437,1.8,34.925360,7034792
805,09:20:56.615,7.0,34.970792,7044288
806,09:20:56.811,5.1,35.053514,7061044
807,09:20:57.015,6.7,35.153829,7081316
808,09:20:57.201,3.3,35.278230,7105776
809,09:20:57.403,1.6,35.422448,7136100
810,09:20:57.610,6.7,35.526536,7157876
811,09:20:57.798,4.7,35.595815,7170632
812,09:20:58.003,6.2,35.715669,7194884
813,09:20:58.200,4.5,35.832405,7220308
814,09:20:58.389,6.2,35.919396,7236320
815,09:20:58.594,3.0,35.948267,7242264
816,09:20:58.810,1.6,35.995486,7251128
817,09:20:58.994,3.1,36.058491,7263820
818,09:20:59.192,4.8,36.200961,7295304
819,09:20:59.401,3.2,36.429410,7338924
820,09:20:59.579,4.3,36.579922,7379168
821,09:20:59.781,9.1,36.934222,7439576
822,09:20:59.961,3.1,37.010073,7457536
823,09:21:00.150,4.6,37.109634,7475024
824,09:21:00.350,4.6,37.190370,7492184
825,09:21:00.550,3.1,37.268565,7510408
826,09:21:00.740,6.1,37.318564,7519836
827,09:21:00.927,1.6,37.351347,7524388
828,09:21:01.113,3.1,37.641470,7583144
829,09:21:01.310,3.1,37.686048,7591356
830,09:21:01.502,4.7,37.714343,7597308
831,09:21:01.680,3.0,37.745995,7603768
832,09:21:01.858,3.2,37.767876,7608172
833,09:21:02.037,1.6,37.789143,7612296
834,09:21:02.214,3.2,37.859812,7628324
835,09:21:02.397,1.6,37.962271,7646824
836,09:21:02.572,3.2,38.022159,7659392
837,09:21:02.750,3.0,38.019438,7659348
838,09:21:02.930,3.1,38.026984,7659924
839,09:21:03.122,3.0,38.025197,7660004
840,09:21:03.314,4.8,38.033080,7661592
841,09:21:03.497,3.2,38.031948,7661504
842,09:21:03.678,3.1,38.199894,7697340
843,09:21:03.859,3.1,38.213317,7697924
844,09:21:04.037,4.5,38.210100,7697480
845,09:21:04.208,6.3,38.210497,7697112
846,09:21:04.380,1.5,38.213774,7697900
847,09:21:04.554,1.6,38.211014,7697620
848,09:21:04.723,0.0,38.212999,7697616
849,09:21:04.894,1.5,38.210914,7697784
850,09:21:05.063,3.1,38.159089,7686976
851,09:21:05.232,4.5,38.157997,7686756
852,09:21:05.401,1.6,38.159744,7687108
853,09:21:05.570,1.5,38.159665,7687092
854,09:21:05.739,4.5,38.157838,7686504
855,09:21:05.908,3.2,38.156349,7686424
856,09:21:06.077,1.5,38.155594,7686272
857,09:21:06.247,3.1,38.155515,7686304
858,09:21:06.416,3.0,38.155535,7686260
859,09:21:06.586,1.6,38.156845,7686524
860,09:21:06.756,1.5,38.155952,7686352
861,09:21:06.925,0.0,38.154304,7686248
862,09:21:07.095,1.6,38.155813,7686316
863,09:21:07.264,9.4,38.239508,7704688
864,09:21:07.436,21.5,38.326936,7720788
865,09:21:07.615,3.2,38.325347,7720468
866,09:21:07.791,3.1,38.327929,7720988
867,09:21:07.967,4.2,38.330312,7721468
868,09:21:08.142,3.0,38.331145,7721636
869,09:21:08.317,5.8,38.336010,7722616
870,09:21:08.494,6.1,38.332079,7721604
871,09:21:08.671,1.5,38.327293,7720860
872,09:21:08.845,0.0,38.326400,7720680
873,09:21:09.025,1.5,38.326042,7720608
874,09:21:09.198,3.1,38.326420,7720684
875,09:21:09.372,4.4,38.326261,7720652
876,09:21:09.549,3.1,38.324275,7720252
877,09:21:09.722,3.1,38.320403,7719472
878,09:21:09.898,3.1,38.173505,7689880
879,09:21:10.089,6.2,38.170427,7703780
880,09:21:10.289,13.2,38.310117,7716568
881,09:21:10.481,4.6,38.313155,7718524
882,09:21:10.669,6.2,38.251164,7705524
883,09:21:10.842,4.6,38.249376,7704836
884,09:21:11.019,4.7,38.175550,7690544
885,09:21:11.198,25.4,38.305054,7715720
886,09:21:11.369,3.1,38.299355,7715484
887,09:21:11.544,19.7,38.395560,7735788
888,09:21:11.728,6.6,38.396751,7734852
889,09:21:11.899,4.6,38.401120,7735512
890,09:21:12.068,1.6,38.400762,7736424
891,09:21:12.238,4.5,38.402569,7736024
892,09:21:12.407,4.7,38.409142,7737348
893,09:21:12.576,4.8,38.404376,7735884
894,09:21:12.767,27.9,38.474926,7751088
895,09:21:12.962,4.5,38.471451,7749932
896,09:21:13.137,4.6,38.476177,7751104
897,09:21:13.308,4.7,38.471571,7750192
898,09:21:13.482,1.6,38.479295,7751488
899,09:21:13.656,7.4,38.177873,7690540
900,09:21:13.832,3.0,38.174954,7690172
901,09:21:14.006,4.2,38.170784,7689860
902,09:21:14.179,14.1,38.257240,7711864
903,09:21:14.402,3.2,38.300447,7715696
904,09:21:14.588,12.7,38.325745,7720412
905,09:21:14.766,6.0,38.320979,7719588
906,09:21:14.954,11.1,38.331860,7721452
907,09:21:15.142,3.1,38.332992,7721508
908,09:21:15.313,3.1,38.333945,7722584
909,09:21:15.494,9.4,38.327214,7721136
910,09:21:15.674,4.7,38.327810,7720964
911,09:21:15.849,4.7,38.257180,7706408
912,09:21:16.026,7.7,38.173068,7695840
913,09:21:16.205,26.2,38.386922,7732872
914,09:21:16.376,14.1,38.397963,7735096
915,09:21:16.550,4.8,38.255830,7706968
916,09:21:16.726,2.9,38.247570,7705068
917,09:21:16.901,3.1,38.248245,7704936
918,09:21:17.070,23.1,38.296734,7714484
919,09:21:17.244,3.0,38.300626,7715268
920,09:21:17.419,20.0,38.324374,7720272
921,09:21:17.603,1.5,38.332277,7721864
922,09:21:17.778,4.5,38.328326,7721640
923,09:21:17.966,9.5,38.328385,7720640
924,09:21:18.148,1.6,38.331006,7721608
925,09:21:18.330,9.4,38.249138,7705116
926,09:21:18.520,3.3,38.178131,7691056
927,09:21:18.692,3.0,38.176563,7690496
928,09:21:18.865,3.1,38.177476,7690680
929,09:21:19.041,4.5,38.178548,7690896
930,09:21:19.217,1.6,38.104543,7675768
931,09:21:19.390,30.8,38.333945,7721760
932,09:21:19.562,1.6,38.335792,7722572
933,09:21:19.733,6.2,38.400484,7735604
934,09:21:19.909,3.1,38.400266,7735560
935,09:21:20.086,3.2,38.318179,7718708
936,09:21:20.281,6.2,38.241156,7675648
937,09:21:20.514,9.1,37.883501,7631460
938,09:21:20.687,1.5,37.879827,7630956
939,09:21:20.864,0.0,37.881158,7630988
940,09:21:21.040,1.5,37.880324,7631088
