1,08:24:37.339,6.2,11.877951,2392856
2,08:24:37.534,6.1,11.911012,2399200
3,08:24:37.713,11.9,11.928625,2403496
4,08:24:37.884,3.1,11.932397,2403728
5,08:24:38.058,14.9,12.049173,2426812
6,08:24:38.231,10.1,12.066369,2430496
7,08:24:38.404,3.0,12.070539,2431556
8,08:24:38.581,1.6,12.075523,2432584
9,08:24:38.758,4.3,12.079911,2433468
10,08:24:38.936,8.7,12.094188,2436100
11,08:24:39.111,3.1,12.100542,2437600
12,08:24:39.287,7.6,12.114898,2440492
13,08:24:39.457,6.0,12.116685,2441160
14,08:24:39.634,7.4,12.129374,2443612
15,08:24:39.808,4.4,12.140573,2445916
16,08:24:39.987,4.4,12.143134,2446180
17,08:24:40.165,6.0,12.150342,2447884
18,08:24:40.343,4.5,12.150441,2447984
19,08:24:40.515,1.6,12.152844,2447688
20,08:24:40.690,11.1,12.164718,2450308
21,08:24:40.864,7.5,12.170735,2451992
22,08:24:41.041,2.9,12.173396,2452276
23,08:24:41.220,5.9,12.213109,2460316
24,08:24:41.393,2.9,12.219046,2461472
25,08:24:41.564,8.1,12.301410,2477844
26,08:24:41.735,18.5,12.195953,2456600
27,08:24:41.904,12.5,12.199328,2457760
28,08:24:42.075,9.2,12.199169,2457468
29,08:24:42.246,3.0,12.199427,2457520
30,08:24:42.415,3.0,12.198335,2457136
31,08:24:42.586,1.4,12.198037,2457240
32,08:24:42.755,1.6,12.201612,2457740
33,08:24:42.932,9.2,12.071035,2431908
34,08:24:43.108,4.5,12.076873,2432612
35,08:24:43.285,6.1,12.123933,2442572
36,08:24:43.459,17.9,12.153758,2448320
37,08:24:43.630,3.2,12.147523,2447064
38,08:24:43.803,3.1,12.152050,2448244
39,08:24:43.973,3.0,12.152030,2448500
40,08:24:44.146,3.1,12.155783,2448728
41,08:24:44.325,5.6,12.155981,2448768
42,08:24:44.504,1.6,12.157232,2449036
43,08:24:44.680,4.5,12.154969,2448564
44,08:24:44.853,4.5,12.151970,2448220
45,08:24:45.024,3.1,12.118115,2433440
46,08:24:45.201,16.9,12.210329,2459936
47,08:24:45.371,10.8,12.212989,2460032
48,08:24:45.541,0.0,12.212155,2460084
49,08:24:45.711,3.0,12.212890,2460232
50,08:24:45.880,1.5,12.213168,2460068
51,08:24:46.052,3.2,12.212036,2459840
52,08:24:46.222,1.5,12.212116,2459856
53,08:24:46.392,1.6,12.213486,2460132
54,08:24:46.561,1.6,12.211798,2459792
55,08:24:46.731,1.6,12.211798,2460012
56,08:24:46.901,1.6,12.211639,2459980
57,08:24:47.070,1.6,12.211599,2459972
58,08:24:47.240,0.0,12.210706,2459792
59,08:24:47.410,1.6,12.209733,2459596
60,08:24:47.584,4.5,12.212195,2460360
61,08:24:47.760,4.3,12.213089,2460272
62,08:24:47.937,6.1,12.209892,2459628
63,08:24:48.113,4.6,12.214379,2461020
64,08:24:48.290,4.5,12.217993,2460820
65,08:24:48.462,6.1,12.218271,2461576
66,08:24:48.637,3.4,12.218073,2461212
67,08:24:48.810,1.9,12.218430,2460800
68,08:24:48.982,3.5,12.218251,2461312
69,08:24:49.159,3.1,12.228338,2463344
70,08:24:49.334,4.8,12.236440,2464756
71,08:24:49.507,4.8,12.214201,2460748
72,08:24:49.681,3.8,12.215809,2460820
73,08:24:49.854,5.0,12.219820,2461628
74,08:24:50.032,1.7,12.213625,2460680
75,08:24:50.205,3.8,12.225757,2462824
76,08:24:50.376,1.9,12.225638,2463084
77,08:24:50.550,3.6,12.235884,2464864
78,08:24:50.722,3.6,12.246944,2467432
79,08:24:50.896,0.0,12.246606,2467428
80,08:24:51.067,3.6,12.257726,2469264
81,08:24:51.238,1.9,12.254906,2468696
82,08:24:51.409,1.8,12.267039,2471424
83,08:24:51.580,3.7,12.268032,2471340
84,08:24:51.753,0.0,12.278059,2473360
85,08:24:51.925,3.4,12.276907,2473128
86,08:24:52.097,3.4,12.287987,2475360
87,08:24:52.270,1.8,12.298154,2477188
88,08:24:52.443,3.6,12.299643,2477272
89,08:24:52.616,0.0,12.309273,2478844
90,08:24:52.790,3.3,12.306494,2479508
91,08:24:52.962,0.0,12.321763,2482448
92,08:24:53.135,1.7,12.324940,2482144
93,08:24:53.308,1.7,12.330798,2484244
94,08:24:53.480,1.7,12.331592,2483704
95,08:24:53.652,1.7,12.339177,2485672
96,08:24:53.824,4.5,12.337351,2485304
97,08:24:54.000,1.6,12.345710,2486988
98,08:24:54.171,1.6,12.346961,2487240
99,08:24:54.344,1.6,12.358855,2490088
100,08:24:54.518,1.7,12.359808,2489828
101,08:24:54.692,3.1,12.370590,2492300
102,08:24:54.863,1.6,12.382107,2494320
103,08:24:55.035,3.1,12.381770,2494332
104,08:24:55.208,1.5,12.392949,2496504
105,08:24:55.382,1.5,12.390884,2496088
106,08:24:55.555,3.1,12.404128,2498756
107,08:24:55.727,3.1,12.404446,2498600
108,08:24:56.040,1.5,12.411415,2500224
109,08:24:56.213,1.4,12.417690,2501472
110,08:24:56.384,4.5,12.419596,2502132
111,08:24:56.555,0.0,12.434091,2505016
112,08:24:56.728,1.5,12.439969,2505976
113,08:24:56.903,5.9,12.442471,2506480
114,08:24:57.074,1.5,12.449659,2507928
115,08:24:57.248,3.1,12.451863,2508152
116,08:24:57.420,4.4,12.462784,2510448
117,08:24:57.594,4.3,12.462764,2510348
118,08:24:57.768,0.0,12.460620,2510136
119,08:24:57.940,2.9,12.473586,2512516
120,08:24:58.113,2.9,12.484209,2514888
121,08:24:58.284,5.8,12.486314,2515580
122,08:24:58.457,4.3,12.496381,2517340
123,08:24:58.628,2.9,12.493641,2516568
124,08:24:58.800,4.4,12.494812,2517252
125,08:24:58.975,3.0,12.498486,2517544
126,08:24:59.154,2.9,12.505575,2518972
127,08:24:59.325,4.2,12.504602,2518776
128,08:24:59.497,6.9,12.513875,2520864
129,08:24:59.670,8.2,12.513299,2520748
130,08:24:59.842,4.2,12.522334,2522568
131,08:25:00.014,5.7,12.520209,2522140
132,08:25:00.186,2.9,12.535340,2525188
133,08:25:00.360,1.5,12.533830,2524556
134,08:25:00.531,3.0,12.546678,2527152
135,08:25:00.703,0.0,12.553568,2528860
136,08:25:00.875,3.1,12.552674,2528680
137,08:25:01.046,2.9,12.555613,2529272
138,08:25:01.224,1.5,12.551900,2529296
139,08:25:01.403,3.1,12.555136,2528956
140,08:25:01.579,4.8,12.556368,2529204
141,08:25:01.754,3.0,12.557360,2529624
142,08:25:01.930,3.1,12.557738,2529700
143,08:25:02.104,1.6,12.554203,2528988
144,08:25:02.274,3.0,12.553508,2528848
145,08:25:02.449,6.9,12.555990,2529348
146,08:25:02.627,8.1,12.564767,2531116
147,08:25:02.799,4.7,12.566018,2531368
148,08:25:02.972,3.0,12.566673,2531500
149,08:25:03.149,0.0,12.566554,2531256
150,08:25:03.324,3.0,12.567606,2531688
151,08:25:03.499,4.5,12.567964,2531800
152,08:25:03.677,4.3,12.569731,2532116
153,08:25:03.852,2.9,12.568778,2531924
154,08:25:04.030,1.6,12.567031,2531352
155,08:25:04.200,1.6,12.566653,2531496
156,08:25:04.372,3.1,12.576343,2533936
157,08:25:04.543,4.6,12.573682,2533132
158,08:25:04.715,3.1,12.590680,2536336
159,08:25:04.892,1.6,12.586132,2535420
160,08:25:05.067,1.6,12.588952,2536208
161,08:25:05.244,1.9,12.640996,2546472
162,08:25:05.414,1.6,12.673044,2552708
163,08:25:05.584,0.0,12.681960,2554504
164,08:25:05.753,0.0,12.682039,2554740
165,08:25:05.923,4.5,12.680868,2554504
166,08:25:06.094,3.1,12.732197,2564844
167,08:25:06.264,1.5,12.804316,2579664
168,08:25:06.434,1.6,12.815336,2581592
169,08:25:06.605,1.5,12.816150,2581756
170,08:25:06.774,6.0,12.823338,2582900
171,08:25:06.945,3.0,12.945972,2607688
172,08:25:07.115,1.6,13.110503,2640832
173,08:25:07.284,0.0,13.265244,2672224
174,08:25:07.454,3.1,13.432515,2705932
175,08:25:07.625,7.5,13.434560,2706584
176,08:25:07.795,2.9,13.516786,2722896
177,08:25:07.965,3.1,13.571610,2733940
178,08:25:08.135,3.1,13.574390,2734500
179,08:25:08.305,3.1,13.685705,2756704
180,08:25:08.474,1.6,13.828533,2785768
181,08:25:08.645,3.1,13.991773,2818452
182,08:25:08.816,3.1,14.013973,2823296
183,08:25:08.986,3.0,14.086429,2837648
184,08:25:09.156,3.1,14.083153,2837240
185,08:25:09.326,1.6,14.083510,2837060
186,08:25:09.496,3.1,14.087223,2837808
187,08:25:09.666,1.5,14.088315,2838028
188,08:25:09.837,1.6,14.098244,2840028
189,08:25:10.006,1.6,14.209559,2862452
190,08:25:10.176,1.6,14.351314,2891524
191,08:25:10.345,2.9,14.356457,2892288
192,08:25:10.517,3.0,14.387175,2898224
193,08:25:10.687,3.2,14.384038,2898112
194,08:25:10.857,3.1,14.385607,2897980
195,08:25:11.028,3.1,14.383879,2897568
196,08:25:11.198,3.1,14.539514,2928968
197,08:25:11.368,3.1,14.538363,2928688
198,08:25:11.538,3.1,14.541321,2929284
199,08:25:11.708,1.5,14.540706,2929160
200,08:25:11.878,3.0,14.540209,2929060
201,08:25:12.048,3.1,14.537767,2928836
202,08:25:12.218,1.5,14.538700,2928756
203,08:25:12.388,3.0,14.537429,2928744
204,08:25:12.558,1.4,14.536019,2929020
205,08:25:12.728,1.5,14.549879,2931252
206,08:25:12.898,1.6,14.550078,2931048
207,08:25:13.068,3.0,14.560979,2933244
208,08:25:13.238,3.0,14.562945,2933688
209,08:25:13.408,1.5,14.570053,2935072
210,08:25:13.578,3.0,14.579942,2936844
211,08:25:13.748,1.6,14.586475,2938160
212,08:25:13.919,4.7,14.586574,2938180
213,08:25:14.089,3.1,14.628471,2946620
214,08:25:14.259,3.1,14.710022,2963552
215,08:25:14.430,3.1,14.710538,2963372
216,08:25:14.600,3.1,14.713040,2963876
217,08:25:14.770,2.9,14.712325,2963764
218,08:25:14.940,0.0,14.730772,2967692
219,08:25:15.110,3.1,14.729898,2967272
220,08:25:15.279,3.0,14.728945,2967080
221,08:25:15.449,1.5,14.732936,2967884
222,08:25:15.619,1.6,14.731090,2967512
223,08:25:15.789,3.1,14.740879,2969484
224,08:25:15.960,3.1,14.753071,2971940
225,08:25:16.130,1.5,14.750628,2971724
226,08:25:16.301,1.6,14.762463,2973832
227,08:25:16.471,3.2,14.763694,2974080
228,08:25:16.640,3.0,14.773761,2976108
229,08:25:16.810,1.5,14.782498,2977648
230,08:25:16.981,3.1,14.783034,2978220
231,08:25:17.151,3.1,14.851618,2991792
232,08:25:17.321,1.6,14.874533,2996408
233,08:25:17.492,0.0,14.887082,2998852
234,08:25:17.662,4.3,14.890418,2999648
235,08:25:17.832,1.5,14.892225,2999972
236,08:25:18.002,4.4,14.901339,3001808
237,08:25:18.172,3.1,14.922963,3006164
238,08:25:18.342,1.6,14.942005,3010000
239,08:25:18.512,3.2,14.942621,3009796
240,08:25:18.682,3.0,14.939603,3009516
241,08:25:18.853,0.0,14.939662,3009528
242,08:25:19.023,1.6,14.941489,3009896
243,08:25:19.193,1.5,14.941807,3009960
244,08:25:19.362,1.5,14.942442,3010332
245,08:25:19.533,3.1,14.941429,3009884
246,08:25:19.703,3.1,14.940298,3009328
247,08:25:19.873,2.9,14.938113,3009712
248,08:25:20.043,2.8,14.939364,3009468
249,08:25:20.213,1.6,14.937954,3009184
250,08:25:20.383,0.0,14.941747,3009728
251,08:25:20.552,3.0,14.948161,3011240
252,08:25:20.722,4.5,14.956878,3012776
253,08:25:20.892,0.0,14.965674,3015004
254,08:25:21.062,4.6,14.977370,3019140
255,08:25:21.232,1.4,14.998477,3021376
256,08:25:21.402,1.5,15.010411,3024024
257,08:25:21.572,2.9,15.021074,3025928
258,08:25:21.743,0.0,15.040593,3029860
259,08:25:21.913,1.6,15.040275,3030088
260,08:25:22.083,1.6,15.422294,3106752
261,08:25:22.253,1.5,15.422294,3106532
262,08:25:22.423,0.0,15.422492,3106572
263,08:25:22.593,1.6,15.422214,3106516
264,08:25:22.762,1.5,15.423644,3106804
265,08:25:22.931,0.0,15.420785,3106732
266,08:25:23.101,1.6,15.421102,3106512
267,08:25:23.271,1.5,15.421142,3106300
268,08:25:23.440,1.4,15.441555,3110632
269,08:25:23.610,1.6,15.442726,3111136
270,08:25:23.780,1.5,15.442706,3110644
271,08:25:23.949,4.6,15.441217,3110564
272,08:25:24.119,3.1,15.442468,3110596
273,08:25:24.289,3.0,15.442706,3110644
274,08:25:24.458,0.0,15.440204,3110360
275,08:25:24.628,4.6,15.445089,3111344
276,08:25:24.798,1.6,15.443918,3110888
277,08:25:24.970,19.4,15.444712,3111268
278,08:25:25.140,7.6,15.448107,3112312
279,08:25:25.309,1.6,15.450450,3112424
280,08:25:25.478,2.9,15.449239,3112180
281,08:25:25.647,0.0,15.451165,3112348
282,08:25:25.817,1.6,15.449874,3112088
283,08:25:25.986,3.1,15.448743,3112080
284,08:25:26.155,3.0,15.449497,3112232
285,08:25:26.324,3.1,15.448365,3111784
286,08:25:26.613,4.6,15.451781,3112468
287,08:25:26.788,1.6,15.449537,3112240
288,08:25:26.958,3.0,15.451245,3112616
289,08:25:27.128,4.5,15.450152,3112844
290,08:25:27.297,3.0,15.457202,3113784
291,08:25:27.466,1.5,15.453290,3112996
292,08:25:27.636,1.6,15.454461,3113012
293,08:25:27.805,3.0,15.455692,3113480
294,08:25:27.977,1.6,15.455335,3113188
295,08:25:28.147,1.5,15.452714,3113416
296,08:25:28.319,3.1,15.454461,3113232
297,08:25:28.489,1.6,15.454938,3113108
298,08:25:28.658,3.1,15.454779,3113296
299,08:25:28.827,0.0,15.457122,3113768
300,08:25:28.997,1.6,15.457162,3113776
301,08:25:29.168,1.6,15.456924,3113508
302,08:25:29.337,1.5,15.457281,3113800
303,08:25:29.507,3.0,15.456268,3113596
304,08:25:29.678,4.8,15.456407,3114036
305,08:25:29.848,1.7,15.456606,3113664
306,08:25:30.018,0.0,15.457480,3113840
307,08:25:30.188,1.5,15.456149,3113572
308,08:25:30.357,3.0,15.454124,3112684
309,08:25:30.527,3.2,15.456368,3113616
310,08:25:30.696,1.6,15.456983,3113740
311,08:25:30.866,0.0,15.454600,3113260
312,08:25:31.035,1.6,15.453409,3113304
313,08:25:31.205,1.6,15.454541,3113248
314,08:25:31.374,10.3,15.368860,3095988
315,08:25:31.694,3.0,15.370588,3096336
316,08:25:31.865,3.0,15.369376,3095872
317,08:25:32.034,1.6,15.367669,3095772
318,08:25:32.204,1.5,15.367232,3095660
319,08:25:32.374,3.0,15.366795,3095572
320,08:25:32.544,0.0,15.365604,3095608
321,08:25:32.713,1.6,15.372593,3096740
322,08:25:32.888,1.5,15.373209,3097108
323,08:25:33.060,3.0,15.373526,3096708
324,08:25:33.233,3.2,15.372136,3096648
325,08:25:33.404,6.3,15.371163,3096232
326,08:25:33.574,3.2,15.371739,3096488
327,08:25:33.743,3.1,15.371819,3096584
328,08:25:33.915,3.0,15.374301,3096864
329,08:25:34.086,4.4,15.371382,3096496
330,08:25:34.260,3.1,15.372077,3096636
331,08:25:34.436,4.4,15.372315,3096944
332,08:25:34.616,4.4,15.373367,3096896
333,08:25:34.795,6.8,15.369615,3096140
334,08:25:34.964,4.5,15.371541,3096528
335,08:25:35.136,3.1,15.371541,3096528
336,08:25:35.306,2.9,15.376624,3097552
337,08:25:35.484,3.0,15.375850,3097176
338,08:25:35.660,4.4,15.373367,3096896
339,08:25:35.837,6.0,15.374896,3097204
340,08:25:36.011,3.1,15.373367,3096896
341,08:25:36.181,3.2,15.373487,3096920
342,08:25:36.350,3.0,15.374122,3097048
343,08:25:36.523,1.6,15.373109,3096844
344,08:25:36.693,1.6,15.372990,3097380
345,08:25:36.862,3.1,15.372176,3096656
346,08:25:37.043,1.6,15.369158,3096380
347,08:25:37.213,3.2,15.372216,3096664
348,08:25:37.385,1.6,15.372752,3096884
349,08:25:37.556,1.6,15.371382,3096356
350,08:25:37.728,3.1,15.372375,3096720
351,08:25:37.901,3.0,15.374281,3096860
352,08:25:38.071,2.9,15.371203,3096460
353,08:25:38.249,1.5,15.374718,3097168
354,08:25:38.427,4.5,15.374638,3097420
355,08:25:38.604,3.0,15.374638,3097152
356,08:25:38.780,3.1,15.373606,3096944
357,08:25:38.950,0.0,15.372514,3096724
358,08:25:39.120,1.6,15.371183,3096236
359,08:25:39.290,3.1,15.367291,3095672
360,08:25:39.461,1.6,15.368800,3096196
361,08:25:39.633,3.1,15.370151,3096028
362,08:25:39.803,1.6,15.392569,3100764
363,08:25:39.974,1.6,15.411174,3104512
364,08:25:40.144,0.0,15.410976,3104252
365,08:25:40.315,1.6,15.409745,3104224
366,08:25:40.485,4.6,15.410678,3104412
367,08:25:40.655,0.0,15.410638,3104184
368,08:25:40.826,3.1,15.410876,3104232
369,08:25:40.995,1.6,15.411790,3104636
370,08:25:41.165,1.6,15.410797,3104436
371,08:25:41.335,3.1,15.410082,3104292
372,08:25:41.507,1.6,15.410003,3104276
373,08:25:41.677,1.6,15.409427,3104160
374,08:25:41.847,1.6,15.408732,3104020
375,08:25:42.018,1.5,15.452019,3112740
376,08:25:42.188,1.6,15.451066,3112548
377,08:25:42.360,1.6,15.481228,3120728
378,08:25:42.532,1.5,15.532358,3129176
379,08:25:42.702,0.0,15.532517,3128956
380,08:25:42.872,3.1,15.563096,3135180
381,08:25:43.042,1.5,15.561647,3135060
382,08:25:43.212,1.5,15.584045,3139336
383,08:25:43.382,1.4,15.594291,3141180
384,08:25:43.553,0.0,15.594211,3141652
385,08:25:43.723,0.0,15.595542,3141432
386,08:25:43.893,1.5,15.598441,3142236
387,08:25:44.063,1.6,15.598044,3141936
388,08:25:44.232,0.0,15.597924,3142132
389,08:25:44.402,3.0,15.596872,3141920
390,08:25:44.572,3.1,15.605708,3143960
391,08:25:44.742,3.1,15.605649,3143468
392,08:25:44.912,1.6,15.616014,3145776
393,08:25:45.082,1.5,15.635870,3149776
394,08:25:45.252,1.5,15.634818,3149848
395,08:25:45.422,6.1,15.634778,3149628
396,08:25:45.593,1.5,15.655806,3153572
397,08:25:45.763,3.1,15.667541,3156156
398,08:25:45.933,6.1,15.669904,3156204
399,08:25:46.109,1.6,15.670698,3156792
400,08:25:46.279,1.6,15.672029,3157060
401,08:25:46.449,1.6,15.672188,3157092
402,08:25:46.619,3.1,15.670877,3156828
403,08:25:46.788,0.0,15.670877,3156828
404,08:25:46.959,1.6,15.671870,3157028
405,08:25:47.129,1.5,15.669269,3156504
406,08:25:47.299,3.0,15.671771,3156788
407,08:25:47.468,0.0,15.672128,3157080
408,08:25:47.637,1.6,15.670440,3156520
409,08:25:47.805,0.0,15.671850,3157024
410,08:25:47.975,1.6,15.672724,3156980
411,08:25:48.144,1.6,15.671076,3156868
412,08:25:48.313,1.6,15.672406,3157136
413,08:25:48.482,0.0,15.671076,3156648
414,08:25:48.651,1.6,15.669507,3156552
415,08:25:48.820,2.9,15.672128,3156860
416,08:25:48.989,1.6,15.839856,3190648
417,08:25:49.158,4.3,15.839935,3190884
418,08:25:49.335,2.9,15.841464,3191564
419,08:25:49.511,4.9,15.841226,3190924
420,08:25:49.682,4.2,15.841464,3190972
421,08:25:49.854,3.0,15.846408,3192188
422,08:25:50.032,4.4,15.842775,3191456
423,08:25:50.206,7.2,15.841008,3191100
424,08:25:50.379,2.9,15.841484,3191196
425,08:25:50.549,2.9,15.842934,3191488
426,08:25:50.721,2.9,15.842715,3191444
427,08:25:50.892,4.4,15.844125,3191728
428,08:25:51.064,3.0,15.844860,3191876
429,08:25:51.235,4.5,15.844403,3191784
430,08:25:51.407,8.6,15.845118,3191928
431,08:25:51.579,2.9,15.844125,3191728
432,08:25:51.752,8.1,15.841742,3191248
433,08:25:51.924,10.3,15.841325,3191164
434,08:25:52.095,10.4,15.838764,3190908
435,08:25:52.267,5.3,15.840531,3191004
436,08:25:52.439,16.7,15.841087,3191116
437,08:25:52.610,12.3,15.840054,3191396
438,08:25:52.782,10.8,15.842139,3191328
439,08:25:52.953,14.5,15.840610,3191020
440,08:25:53.124,17.4,15.842239,3191568
441,08:25:53.297,15.1,15.841444,3191448
442,08:25:53.469,7.4,15.845217,3191728
443,08:25:53.640,13.6,15.842239,3191584
444,08:25:53.814,4.5,15.842596,3191420
445,08:25:53.986,6.2,15.853517,3193620
446,08:25:54.158,1.6,15.853894,3193696
447,08:25:54.329,1.7,15.862810,3195492
448,08:25:54.501,0.0,15.872381,3197680
449,08:25:54.671,1.8,15.872262,3197184
450,08:25:54.844,1.9,15.884612,3199664
451,08:25:55.015,3.7,15.883203,3199600
452,08:25:55.186,2.0,15.882269,3199648
453,08:25:55.361,3.8,15.882627,3199484
454,08:25:55.533,1.9,15.882865,3199532
455,08:25:55.705,3.8,15.885863,3200136
456,08:25:55.877,3.9,15.884910,3199944
457,08:25:56.049,0.0,15.885347,3200032
458,08:25:56.222,3.8,15.882964,3199552
459,08:25:56.395,3.7,15.884454,3199852
460,08:25:56.566,3.7,15.884593,3199880
461,08:25:56.737,3.7,15.881634,3199284
462,08:25:56.909,3.6,15.882825,3199304
463,08:25:57.082,3.7,15.882011,3199588
464,08:25:57.257,3.6,15.881614,3199280
465,08:25:57.428,0.0,15.884255,3199812
466,08:25:57.600,1.8,15.883898,3199740
467,08:25:57.771,3.6,15.885546,3199840
468,08:25:57.946,1.8,15.883143,3199812
469,08:25:58.116,0.0,15.884394,3199840
470,08:25:58.287,0.0,15.886638,3200072
471,08:25:58.460,0.0,15.884612,3199884
472,08:25:58.632,3.5,15.883520,3199664
473,08:25:58.804,3.6,15.883858,3199732
474,08:25:58.975,0.0,15.884255,3199812
475,08:25:59.147,0.0,15.884116,3199784
476,08:25:59.318,1.7,15.885188,3199780
477,08:25:59.491,1.7,15.883977,3200032
478,08:25:59.664,0.0,15.882269,3199412
479,08:25:59.835,1.7,15.885982,3200160
480,08:26:00.009,3.4,15.881316,3199608
481,08:26:00.182,3.1,15.888882,3201028
482,08:26:00.359,4.6,15.885764,3199876
483,08:26:00.531,3.4,15.884751,3199912
484,08:26:00.702,4.8,15.882428,3199688
485,08:26:00.872,4.6,15.881455,3199508
486,08:26:01.044,6.2,15.883858,3199756
487,08:26:01.214,3.2,15.883977,3199704
488,08:26:01.385,4.8,15.881674,3199756
489,08:26:01.556,0.0,15.880006,3198736
490,08:26:01.729,1.5,15.883103,3199580
491,08:26:01.901,3.0,15.886380,3200092
492,08:26:02.075,3.0,15.879748,3199156
493,08:26:02.248,3.0,15.886936,3200352
494,08:26:02.425,3.0,15.882964,3199552
495,08:26:02.599,3.0,15.883401,3199868
496,08:26:02.771,1.5,15.887134,3200392
497,08:26:02.943,3.1,15.885168,3199996
498,08:26:03.117,3.1,15.881316,3199220
499,08:26:03.288,2.9,15.886658,3200296
500,08:26:03.461,2.9,15.882944,3199792
501,08:26:03.633,1.4,15.881415,3199680
502,08:26:03.804,2.9,15.881793,3199316
503,08:26:03.976,4.5,15.881793,3199708
504,08:26:04.149,5.7,15.885744,3200112
505,08:26:04.321,2.9,15.884573,3199656
506,08:26:04.493,4.3,15.886300,3200224
507,08:26:04.665,5.4,15.888504,3200668
508,08:26:04.838,2.9,15.886558,3200276
509,08:26:05.010,2.9,15.884255,3200236
510,08:26:05.181,4.2,15.884553,3200148
511,08:26:05.356,4.3,15.882885,3199536
512,08:26:05.528,4.2,15.881634,3199284
513,08:26:05.699,4.2,15.884553,3200124
514,08:26:05.871,5.6,15.886102,3200232
515,08:26:06.044,4.5,15.884454,3199852
516,08:26:06.216,0.0,15.884076,3199776
517,08:26:06.387,1.4,15.886181,3199980
518,08:26:06.559,3.0,15.883500,3199660
519,08:26:06.730,1.5,15.885943,3200152
520,08:26:06.903,2.8,15.884910,3200168
521,08:26:07.076,1.5,15.887928,3200552
522,08:26:07.250,5.5,15.883064,3199792
523,08:26:07.475,3.0,15.885327,3200288
524,08:26:07.649,2.9,15.883421,3199896
525,08:26:07.821,3.0,15.883183,3199596
526,08:26:07.993,4.1,15.881038,3199716
527,08:26:08.165,3.0,15.884354,3199832
528,08:26:08.337,6.8,15.883917,3199744
529,08:26:08.508,6.8,15.881554,3199520
530,08:26:08.682,10.8,15.882110,3199380
531,08:26:08.854,11.2,15.884791,3199920
532,08:26:09.027,10.3,15.884910,3199944
533,08:26:09.200,12.5,15.883759,3199712
534,08:26:09.374,13.9,15.884116,3199784
535,08:26:09.546,17.8,15.884116,3199564
536,08:26:09.718,11.8,15.885387,3200040
537,08:26:09.889,13.9,15.885943,3199932
538,08:26:10.061,7.5,15.883123,3199584
539,08:26:10.234,2.9,15.884136,3199568
540,08:26:10.406,3.0,15.881932,3199344
541,08:26:10.580,3.3,15.883342,3199628
542,08:26:10.750,3.3,15.885685,3200112
543,08:26:10.922,0.0,15.884295,3199820
544,08:26:11.095,5.3,15.884116,3199564
545,08:26:11.268,1.9,15.883580,3199736
546,08:26:11.439,0.0,15.882845,3199528
547,08:26:11.611,0.0,15.883441,3199648
548,08:26:11.783,2.0,15.883917,3200116
549,08:26:11.954,1.9,15.883203,3199600
550,08:26:12.125,5.4,15.882428,3199444
551,08:26:12.300,1.9,15.881693,3199296
552,08:26:12.473,1.9,15.884454,3199852
553,08:26:12.645,1.9,15.882091,3199376
554,08:26:12.819,2.0,15.884374,3199616
555,08:26:12.991,3.8,15.884056,3199820
556,08:26:13.165,3.7,15.885565,3199636
557,08:26:13.337,3.8,15.885486,3200060
558,08:26:13.509,3.8,15.886955,3200356
559,08:26:13.681,3.6,15.882925,3199804
560,08:26:13.853,0.0,15.882448,3199448
561,08:26:14.026,1.9,15.884851,3200164
562,08:26:14.197,3.7,15.884295,3199820
563,08:26:14.369,3.5,15.887849,3200312
564,08:26:14.540,1.9,15.887313,3200428
565,08:26:14.714,1.8,15.885744,3199892
566,08:26:14.886,1.8,15.886181,3200200
567,08:26:15.058,3.4,15.885565,3200076
568,08:26:15.230,4.8,15.891562,3201296
569,08:26:15.408,4.6,15.893508,3201676
570,08:26:15.587,4.6,15.895732,3202124
571,08:26:15.760,4.5,15.899068,3203028
572,08:26:15.936,5.9,15.884811,3199924
573,08:26:16.110,4.9,15.882091,3199376
574,08:26:16.285,3.2,15.881535,3199464
575,08:26:16.456,9.4,15.880045,3199376
576,08:26:16.628,4.8,15.884473,3199856
577,08:26:16.800,4.8,15.884632,3199888
578,08:26:16.973,1.6,15.885685,3200100
579,08:26:17.148,7.8,15.884315,3199824
580,08:26:17.318,1.5,15.883957,3199752
581,08:26:17.493,3.2,15.886697,3200360
582,08:26:17.667,7.4,15.887631,3200492
583,08:26:17.846,4.6,15.885168,3199776
584,08:26:18.021,3.1,15.885923,3200148
585,08:26:18.192,4.7,15.881554,3199268
586,08:26:18.364,0.0,15.885665,3200096
587,08:26:18.538,1.5,15.882627,3199484
588,08:26:18.709,3.1,15.883401,3199640
589,08:26:18.881,0.0,15.885605,3200084
590,08:26:19.053,2.9,15.884851,3199932
591,08:26:19.224,1.5,15.884910,3199720
592,08:26:19.396,1.5,15.884434,3199628
593,08:26:19.570,4.4,15.884930,3199960
594,08:26:19.743,4.5,15.883739,3199708
595,08:26:19.914,1.5,15.884950,3199952
596,08:26:20.086,1.4,15.885605,3200084
597,08:26:20.258,2.9,15.885049,3199972
598,08:26:20.431,4.3,15.883302,3199512
599,08:26:20.603,1.5,15.882150,3199776
600,08:26:20.777,2.9,15.884394,3199840
601,08:26:20.948,1.5,15.883500,3199660
602,08:26:21.120,4.3,15.883620,3199684
603,08:26:21.292,2.9,15.882468,3199452
604,08:26:21.463,2.9,15.886519,3200268
605,08:26:21.635,2.9,15.884970,3199736
606,08:26:21.808,6.5,15.886856,3200116
607,08:26:21.981,7.9,15.888564,3200720
608,08:26:22.154,8.1,15.883024,3199564
609,08:26:22.326,5.4,15.885764,3200116
610,08:26:22.498,4.3,15.886658,3200296
611,08:26:22.672,0.0,15.887015,3200368
612,08:26:22.844,1.5,15.885327,3200028
613,08:26:23.017,2.9,15.884970,3199956
614,08:26:23.192,1.5,15.884811,3199924
615,08:26:23.363,5.8,15.885466,3199836
616,08:26:23.536,2.9,15.883778,3199716
617,08:26:23.709,3.0,15.885387,3200040
618,08:26:23.881,2.9,15.885466,3199836
619,08:26:24.055,3.0,15.887809,3200528
620,08:26:24.229,5.6,15.884156,3199792
621,08:26:24.402,2.9,15.886340,3200232
622,08:26:24.575,1.4,15.886161,3200228
623,08:26:24.746,9.1,15.885704,3200104
624,08:26:24.921,6.8,15.886836,3200332
625,08:26:25.093,12.3,15.886280,3200220
626,08:26:25.266,9.0,15.885228,3200008
627,08:26:25.439,11.8,15.887392,3200444
628,08:26:25.611,12.3,15.885546,3200072
629,08:26:25.783,15.9,15.886936,3200112
630,08:26:25.955,12.9,15.883083,3199576
631,08:26:26.127,14.3,15.883917,3200000
632,08:26:26.298,11.1,15.884275,3199816
633,08:26:26.470,10.1,15.886002,3200164
634,08:26:26.642,7.5,15.883798,3199996
635,08:26:26.814,0.0,15.883064,3199864
636,08:26:26.986,6.1,15.883858,3199984
637,08:26:27.159,3.4,15.885347,3200032
638,08:26:27.331,1.9,15.884950,3199732
639,08:26:27.501,3.6,15.885843,3200132
640,08:26:27.673,1.9,15.885367,3199816
641,08:26:27.843,1.9,15.884394,3199620
642,08:26:28.017,1.5,15.882468,3199452
643,08:26:28.195,6.6,15.882865,3199880
644,08:26:28.367,2.0,15.886955,3200136
645,08:26:28.538,1.9,15.886360,3200016
646,08:26:28.709,2.0,15.882527,3199916
647,08:26:28.880,5.6,15.888425,3200652
648,08:26:29.053,3.8,15.889279,3200824
649,08:26:29.226,5.5,15.889696,3200688
650,08:26:29.399,0.0,15.887849,3200536
651,08:26:29.572,2.0,15.884831,3200180
652,08:26:29.744,2.0,15.886360,3200236
653,08:26:29.916,3.6,15.884156,3199792
654,08:26:30.090,1.9,15.885903,3200144
655,08:26:30.262,5.5,15.883262,3199836
656,08:26:30.434,1.7,15.888465,3200660
657,08:26:30.610,0.0,15.886697,3200304
658,08:26:30.784,3.8,15.888445,3200656
659,08:26:30.955,0.0,15.886916,3200348
660,08:26:31.126,3.6,15.888782,3200724
661,08:26:31.298,1.8,15.888107,3200588
662,08:26:31.469,6.6,15.887770,3200744
663,08:26:31.639,3.4,15.882944,3199800
664,08:26:31.813,0.0,15.887055,3199936
665,08:26:31.985,4.9,15.884473,3199856
666,08:26:32.158,3.1,15.892297,3200972
667,08:26:32.336,3.3,15.886975,3200360
668,08:26:32.508,3.2,15.888782,3200284
669,08:26:32.681,3.1,15.882885,3199536
670,08:26:32.852,0.0,15.882428,3199224
671,08:26:33.024,1.7,15.882706,3199500
672,08:26:33.194,3.3,15.884692,3199676
673,08:26:33.368,0.0,15.886300,3200224
674,08:26:33.541,1.6,15.887551,3200628
675,08:26:33.713,3.1,15.887531,3200472
676,08:26:33.887,1.6,15.888405,3200428
677,08:26:34.059,1.6,15.888167,3200376
678,08:26:34.231,3.2,15.886002,3199944
679,08:26:34.402,0.0,15.887472,3200460
680,08:26:34.575,1.5,15.884871,3199716
681,08:26:34.746,0.0,15.885764,3200116
682,08:26:34.918,2.9,15.884315,3199824
683,08:26:35.089,3.0,15.888604,3200688
684,08:26:35.261,1.5,15.887829,3200532
685,08:26:35.432,1.5,15.888544,3200676
686,08:26:35.603,0.0,15.885466,3200056
687,08:26:35.775,3.0,15.885486,3199396
688,08:26:35.945,2.9,15.887551,3200476
689,08:26:36.118,2.9,15.886380,3200240
690,08:26:36.292,4.2,15.890033,3200976
691,08:26:36.465,1.5,15.891483,3201048
692,08:26:36.637,2.9,15.888405,3200648
693,08:26:36.809,1.5,15.890927,3201156
694,08:26:36.980,2.9,15.886618,3200064
695,08:26:37.152,2.9,15.885883,3199920
696,08:26:37.325,2.9,15.888901,3200748
697,08:26:37.498,0.0,15.887690,3200504
698,08:26:37.671,5.5,15.886816,3200328
699,08:26:37.843,4.2,15.887154,3200396
700,08:26:38.015,5.3,15.889477,3200644
701,08:26:38.189,4.2,15.888703,3200708
702,08:26:38.365,6.1,15.885685,3200376
703,08:26:38.542,4.3,15.886221,3200208
704,08:26:38.713,1.5,15.883957,3199984
705,08:26:38.886,2.9,15.887214,3200188
706,08:26:39.057,1.4,15.885387,3200040
707,08:26:39.230,1.4,15.887948,3200556
708,08:26:39.401,1.5,15.887094,3200780
709,08:26:39.572,3.0,15.887571,3200680
710,08:26:39.745,1.5,15.884533,3200160
711,08:26:39.917,1.5,15.888206,3200388
712,08:26:40.090,0.0,15.890450,3200836
713,08:26:40.262,4.3,15.886260,3200216
714,08:26:40.433,2.9,15.885605,3200084
715,08:26:40.605,4.3,15.885784,3200120
716,08:26:40.777,2.9,15.886102,3200184
717,08:26:40.948,4.2,15.888703,3200488
718,08:26:41.120,5.5,15.888345,3200856
719,08:26:41.294,9.9,15.891403,3201032
720,08:26:41.466,8.0,15.885923,3199928
721,08:26:41.638,10.8,15.885982,3200160
722,08:26:41.811,9.6,15.886538,3200052
723,08:26:41.983,12.0,15.887948,3200560
724,08:26:42.157,10.1,15.887094,3200384
725,08:26:42.329,17.1,15.884890,3200172
726,08:26:42.503,15.9,15.885843,3199912
727,08:26:42.675,11.3,15.885685,3200100
728,08:26:42.848,16.2,15.883639,3199688
729,08:26:43.021,8.5,15.884751,3199912
730,08:26:43.192,4.4,15.884473,3200220
731,08:26:43.365,2.9,15.885486,3200060
732,08:26:43.536,4.5,15.885109,3199984
733,08:26:43.708,5.3,15.884533,3199868
734,08:26:43.880,1.9,15.886936,3200352
735,08:26:44.051,3.7,15.884533,3199648
736,08:26:44.223,2.0,15.885963,3200196
737,08:26:44.394,2.0,15.888226,3200392
738,08:26:44.567,2.0,15.884950,3199952
739,08:26:44.738,3.8,15.886141,3200192
740,08:26:44.910,3.8,15.886022,3200168
741,08:26:45.082,3.9,15.889735,3200916
742,08:26:45.254,3.8,15.888286,3200624
743,08:26:45.426,3.6,15.886777,3200320
744,08:26:45.596,3.8,15.888266,3200620
745,08:26:45.767,4.8,15.889894,3200728
746,08:26:45.938,0.0,15.892873,3201548
747,08:26:46.109,1.9,15.892337,3201700
748,08:26:46.281,2.0,15.891443,3200816
749,08:26:46.453,0.0,15.891145,3200980
750,08:26:46.624,1.9,15.888167,3200380
751,08:26:46.795,3.8,15.888604,3200688
752,08:26:46.967,2.0,15.886697,3199864
753,08:26:47.139,3.7,15.886002,3200164
754,08:26:47.310,1.8,15.888048,3200576
755,08:26:47.483,3.5,15.886658,3200296
756,08:26:47.655,3.7,15.886181,3200200
757,08:26:47.826,1.8,15.887511,3200468
758,08:26:47.999,3.1,15.886975,3200360
759,08:26:48.170,1.5,15.885963,3200424
760,08:26:48.340,4.5,15.890490,3200848
761,08:26:48.511,3.0,15.888048,3200576
762,08:26:48.682,4.6,15.888504,3200936
763,08:26:48.853,0.0,15.886419,3200248
764,08:26:49.022,7.6,15.955004,3214332
765,08:26:49.192,1.6,15.955738,3214176
766,08:26:49.363,3.2,15.956989,3214740
767,08:26:49.533,1.6,15.957148,3214276
768,08:26:49.702,3.0,15.955460,3214424
769,08:26:49.872,1.5,15.957128,3214492
770,08:26:50.042,2.9,15.957228,3214428
771,08:26:50.212,4.5,15.956116,3214288
772,08:26:50.383,1.5,15.957764,3214620
773,08:26:50.553,0.0,15.956910,3214448
774,08:26:50.722,1.5,15.955282,3214184
775,08:26:50.892,3.1,15.956394,3214344
776,08:26:51.062,1.6,15.957188,3214504
777,08:26:51.231,1.5,15.957188,3214284
778,08:26:51.402,1.5,15.956691,3214404
779,08:26:51.572,1.6,15.957307,3214308
780,08:26:51.741,1.6,15.956175,3214820
781,08:26:51.911,1.5,15.956771,3214420
782,08:26:52.081,3.1,15.956056,3214528
783,08:26:52.250,1.5,15.956235,3214556
784,08:26:52.420,3.2,15.964852,3216316
785,08:26:52.590,2.9,15.962629,3215860
786,08:26:52.758,3.1,15.962787,3215632
787,08:26:52.927,3.1,15.962986,3215452
788,08:26:53.097,0.0,15.961358,3215344
789,08:26:53.267,0.0,15.961318,3215392
790,08:26:53.437,3.0,15.963026,3215680
791,08:26:53.607,3.2,15.962351,3215568
792,08:26:53.777,3.0,15.959888,3215292
793,08:26:53.948,3.2,15.960802,3215484
794,08:26:54.118,1.5,15.961795,3215432
795,08:26:54.288,1.5,15.962589,3215852
796,08:26:54.458,2.9,15.964991,3216076
797,08:26:54.629,4.5,15.962589,3215836
798,08:26:54.799,3.1,15.963383,3215532
799,08:26:54.969,3.0,15.963582,3215792
800,08:26:55.139,1.5,15.962529,3215360
801,08:26:55.308,4.2,15.959988,3215068
802,08:26:55.478,3.1,15.961000,3215508
803,08:26:55.648,1.5,15.962092,3215272
804,08:26:55.817,1.4,15.962251,3215524
805,08:26:55.987,3.1,15.961159,3215304
806,08:26:56.157,1.6,15.961278,3215328
807,08:26:56.326,1.5,15.961239,3215320
808,08:26:56.496,0.0,15.961278,3215328
809,08:26:56.666,1.6,15.962092,3215492
810,08:26:56.835,0.0,15.961973,3215468
811,08:26:57.005,0.0,15.962251,3215524
812,08:26:57.175,0.0,15.962053,3215484
813,08:26:57.344,3.0,15.962132,3215500
814,08:26:57.514,1.5,15.962073,3215488
815,08:26:57.684,0.0,15.960841,3215240
816,08:26:57.853,1.5,15.960802,3215232
817,08:26:58.023,3.0,15.959551,3214980
818,08:26:58.193,0.0,15.959551,3214760
819,08:26:58.363,1.5,15.959054,3214880
820,08:26:58.535,1.6,15.960881,3215044
821,08:26:58.707,1.6,15.959432,3214896
822,08:26:58.877,6.0,15.961119,3214748
823,08:26:59.048,3.2,15.958141,3214972
824,08:26:59.218,1.6,15.960266,3214796
825,08:26:59.388,4.7,15.957903,3214648
826,08:26:59.559,3.1,15.959988,3215068
827,08:26:59.730,1.5,15.962390,3215332
828,08:26:59.900,4.7,15.957426,3214256
829,08:27:00.071,3.1,15.958737,3214488
830,08:27:00.241,4.5,15.958459,3215256
831,08:27:00.411,1.6,15.962648,3215276
832,08:27:00.581,3.1,15.958459,3214760
833,08:27:00.752,1.5,15.961874,3215380
834,08:27:00.923,3.1,15.959630,3215256
835,08:27:01.093,1.6,15.958340,3214904
836,08:27:01.263,1.6,15.961219,3214988
837,08:27:01.434,3.1,15.959054,3215124
838,08:27:01.604,3.1,15.959074,3214556
839,08:27:01.775,3.0,15.958022,3214452
840,08:27:01.945,0.0,15.957843,3214356
841,08:27:02.115,3.1,15.959551,3215012
842,08:27:02.285,1.6,15.959749,3214800
843,08:27:02.455,3.1,15.957386,3214544
844,08:27:02.624,1.5,15.957406,3214548
845,08:27:02.794,3.1,15.959372,3214288
846,08:27:02.964,3.2,15.958419,3215028
847,08:27:03.134,2.9,15.959511,3215208
848,08:27:03.304,4.5,15.962053,3215484
849,08:27:03.474,1.6,15.961119,3215296
850,08:27:03.644,1.6,15.960841,3215020
851,08:27:03.814,3.1,15.959789,3214808
852,08:27:03.985,1.6,15.958677,3214804
853,08:27:04.155,0.0,15.958340,3214516
854,08:27:04.325,1.5,15.958617,3215020
855,08:27:04.495,1.5,15.956473,3214140
856,08:27:04.666,3.0,15.957605,3214848
857,08:27:04.836,3.1,15.957823,3214632
858,08:27:05.005,3.1,15.959908,3215052
859,08:27:05.176,1.6,15.958141,3214476
860,08:27:05.345,0.0,15.956791,3214424
861,08:27:05.514,1.6,15.959015,3214872
862,08:27:05.684,3.0,15.958538,3214776
863,08:27:05.853,3.1,15.958379,3214340
864,08:27:06.023,5.8,15.959988,3214740
865,08:27:06.195,3.1,15.955897,3214496
866,08:27:06.364,3.1,15.954467,3214216
867,08:27:06.538,3.1,15.956513,3214368
868,08:27:06.707,3.1,15.954825,3214272
869,08:27:06.877,1.6,15.953892,3213688
870,08:27:07.047,4.6,15.957525,3214412
871,08:27:07.217,1.6,15.957803,3214320
872,08:27:07.388,3.2,15.957327,3214532
873,08:27:07.557,4.6,15.957466,3214804
874,08:27:07.728,4.5,15.956870,3214684
875,08:27:07.898,1.6,15.955957,3214508
876,08:27:08.069,1.6,15.955004,3214064
877,08:27:08.239,6.2,15.956135,3214776
878,08:27:08.409,1.5,15.956493,3214364
879,08:27:08.578,3.1,15.956175,3214544
880,08:27:08.748,3.1,15.956731,3214656
881,08:27:08.920,6.0,15.957645,3214596
882,08:27:09.090,3.0,15.960067,3215108
883,08:27:09.260,3.0,15.957108,3214740
884,08:27:09.430,1.5,15.959253,3214444
885,08:27:09.601,1.6,15.953634,3214156
886,08:27:09.770,1.6,15.959948,3215060
887,08:27:09.939,1.6,15.958995,3214868
888,08:27:10.109,1.5,15.958081,3214928
889,08:27:10.279,3.1,15.959293,3214928
890,08:27:10.450,3.0,15.958677,3215128
891,08:27:10.619,1.5,15.961278,3215260
892,08:27:10.790,3.1,15.956930,3215460
893,08:27:10.961,1.6,15.961497,3215640
894,08:27:11.131,3.1,15.964277,3215932
895,08:27:11.301,1.6,15.968307,3216416
896,08:27:11.472,3.1,15.967473,3216960
897,08:27:11.642,4.5,15.966024,3216200
898,08:27:11.813,3.0,15.966262,3216332
899,08:27:11.983,3.1,15.968228,3216972
900,08:27:12.153,3.1,15.968605,3216656
901,08:27:12.324,1.6,15.965111,3216316
902,08:27:12.495,3.1,15.971465,3217296
903,08:27:12.665,1.5,15.969201,3217028
904,08:27:12.835,3.1,15.967851,3216896
905,08:27:13.005,3.0,15.968804,3216844
906,08:27:13.175,1.5,15.969419,3217212
907,08:27:13.345,3.1,15.969578,3216948
908,08:27:13.515,4.7,15.970392,3217068
909,08:27:13.687,3.2,15.967751,3216864
910,08:27:13.857,1.5,15.972775,3217496
911,08:27:14.098,4.8,15.973192,3217560
912,08:27:14.274,3.1,15.970611,3216256
913,08:27:14.444,4.4,15.970174,3217052
914,08:27:14.614,1.6,15.972060,3217596
915,08:27:14.784,4.3,15.969558,3217240
916,08:27:14.955,1.6,15.972001,3217488
917,08:27:15.125,3.2,15.969678,3217204
918,08:27:15.295,6.0,15.972021,3217164
919,08:27:15.465,3.1,15.970809,3216860
920,08:27:15.635,1.5,15.970412,3217020
921,08:27:15.804,1.6,15.970313,3217148
922,08:27:15.974,3.0,15.974185,3217928
923,08:27:16.144,1.6,15.971762,3217684
924,08:27:16.313,1.5,15.972775,3217644
925,08:27:16.483,0.0,15.973192,3217972
926,08:27:16.652,3.2,15.974940,3218364
927,08:27:16.822,1.6,15.975575,3218208
928,08:27:16.992,3.1,15.972616,3217612
929,08:27:17.162,3.0,15.972279,3217544
930,08:27:17.332,3.0,15.973768,3217516
931,08:27:17.502,1.5,15.972418,3217424
932,08:27:17.671,1.6,15.970631,3217472
933,08:27:17.841,3.1,15.972001,3217732
934,08:27:18.011,1.6,15.971504,3217640
935,08:27:18.181,0.0,15.972835,3217328
936,08:27:18.351,4.5,15.971901,3217468
937,08:27:18.521,3.2,15.973569,3217804
938,08:27:18.691,1.6,15.973708,3217536
939,08:27:18.861,4.5,15.970412,3217412
940,08:27:19.031,0.0,15.972994,3217800
941,08:27:19.201,1.5,15.972338,3217556
942,08:27:19.371,1.5,15.970790,3217244
943,08:27:19.541,2.9,15.970035,3217096
944,08:27:19.711,3.1,15.968585,3216504
945,08:27:19.880,1.5,15.969777,3217040
946,08:27:20.049,1.6,15.968109,3217224
947,08:27:20.218,0.0,15.969777,3217316
948,08:27:20.388,1.6,15.968029,3216604
949,08:27:20.560,1.6,15.965865,3216252
950,08:27:20.729,0.0,15.967215,3216524
951,08:27:20.899,3.2,15.966362,3216352
952,08:27:21.069,0.0,15.968824,3216848
953,08:27:21.239,3.0,15.968903,3216864
954,08:27:21.408,1.6,15.968863,3216856
955,08:27:21.578,1.6,15.969876,3217060
956,08:27:21.747,1.6,15.969697,3216876
957,08:27:21.917,3.1,15.971048,3217296
958,08:27:22.087,1.6,15.967295,3216540
959,08:27:22.257,0.0,15.967334,3216548
960,08:27:22.426,1.5,15.967295,3216684
961,08:27:22.594,1.6,15.970412,3217352
962,08:27:22.764,1.5,15.966064,3216404
963,08:27:22.934,0.0,15.968526,3216788
964,08:27:23.103,1.6,15.968427,3216768
965,08:27:23.273,1.6,15.970273,3217140
966,08:27:23.442,1.5,15.968903,3216864
967,08:27:23.611,1.5,15.966898,3216448
968,08:27:23.781,3.1,15.967811,3216888
969,08:27:23.950,3.0,15.969479,3216980
970,08:27:24.231,4.5,15.972338,3217556
971,08:27:24.401,0.0,15.973152,3217720
972,08:27:24.570,0.0,15.971365,3217360
973,08:27:24.741,1.6,15.967851,3216836
974,08:27:24.911,3.1,15.970452,3217176
975,08:27:25.081,0.0,15.968625,3216660
976,08:27:25.251,3.0,15.967076,3216348
977,08:27:25.420,1.5,15.968327,3216748
978,08:27:25.589,4.8,15.968804,3216548
979,08:27:25.760,0.0,15.965925,3216792
980,08:27:25.929,1.6,15.972418,3217572
981,08:27:26.098,1.6,15.970075,3216952
982,08:27:26.268,1.5,15.967354,3216552
983,08:27:26.438,3.0,15.969102,3216608
984,08:27:26.608,1.5,15.971643,3217416
985,08:27:26.777,1.5,15.969499,3216984
986,08:27:26.946,4.5,15.968089,3216700
987,08:27:27.116,0.0,15.966997,3216592
988,08:27:27.285,3.1,15.966997,3216480
989,08:27:27.455,1.5,15.967593,3216452
990,08:27:27.624,3.1,15.970214,3217128
991,08:27:27.794,0.0,15.968188,3216720
992,08:27:27.964,1.6,15.966937,3216468
993,08:27:28.133,1.5,15.968883,3216860
994,08:27:28.302,1.5,15.967632,3216460
995,08:27:28.471,1.5,15.967672,3216616
996,08:27:28.641,1.6,15.970690,3217224
997,08:27:28.810,1.5,15.969340,3216952
998,08:27:28.979,1.5,15.969320,3217224
999,08:27:29.206,1.6,15.966024,3216284
1000,08:27:29.377,3.0,15.966520,3216384
1001,08:27:29.546,1.5,15.968764,3216688
1002,08:27:29.716,1.5,15.968963,3216876
1003,08:27:29.885,1.4,15.967513,3216584
1004,08:27:30.054,2.8,15.970571,3217200
1005,08:27:30.223,3.0,15.968486,3217032
1006,08:27:30.393,0.0,15.969558,3216996
1007,08:27:30.563,0.0,15.968645,3217080
1008,08:27:30.732,3.0,15.969717,3217028
1009,08:27:30.901,3.1,15.967910,3216664
1010,08:27:31.071,3.1,15.967811,3216644
1011,08:27:31.240,0.0,15.967037,3216768
1012,08:27:31.411,6.1,15.967950,3217040
1013,08:27:31.581,1.6,15.971266,3217340
1014,08:27:31.751,1.5,15.976707,3218288
1015,08:27:31.921,1.6,15.976012,3218296
1016,08:27:32.090,1.5,15.974284,3218060
1017,08:27:32.259,1.6,15.976826,3218460
1018,08:27:32.429,3.0,15.975118,3218116
1019,08:27:32.598,3.1,15.975277,3218148
1020,08:27:32.766,3.1,15.975416,3218312
1021,08:27:32.936,1.5,15.973073,3217704
1022,08:27:33.106,0.0,15.971743,3217696
1023,08:27:33.275,3.0,15.974245,3217792
1024,08:27:33.444,3.0,15.973311,3217752
1025,08:27:33.613,0.0,15.973768,3217696
1026,08:27:33.782,3.2,15.973252,3217720
1027,08:27:33.953,2.8,15.971564,3217400
1028,08:27:34.122,1.5,15.971564,3217676
1029,08:27:34.341,0.0,15.972398,3217568
1030,08:27:34.511,1.5,15.972577,3217604
1031,08:27:34.680,2.9,15.972040,3217496
1032,08:27:34.851,3.1,15.971882,3217716
1033,08:27:35.022,1.5,15.972855,3217660
1034,08:27:35.192,0.0,15.974106,3217912
1035,08:27:35.361,1.5,15.975476,3217888
1036,08:27:35.530,1.6,15.973053,3217700
1037,08:27:35.700,6.2,15.973192,3217828
1038,08:27:35.870,1.6,15.970968,3217280
1039,08:27:36.042,4.6,15.972418,3217668
1040,08:27:36.211,1.5,15.972299,3217400
1041,08:27:36.380,1.6,15.968645,3216584
1042,08:27:36.550,3.1,15.969995,3217344
1043,08:27:36.720,1.5,15.974046,3217600
1044,08:27:36.889,1.5,15.972874,3217664
1045,08:27:37.059,2.9,15.972279,3217544
1046,08:27:37.229,1.5,15.974781,3218176
1047,08:27:37.399,0.0,15.973530,3217796
1048,08:27:37.571,1.5,15.974086,3217612
1049,08:27:37.740,3.2,15.974880,3218068
1050,08:27:37.911,4.3,15.972775,3217644
1051,08:27:38.080,3.2,15.970829,3216660
1052,08:27:38.250,5.8,15.972457,3217580
1053,08:27:38.420,0.0,15.973748,3217692
1054,08:27:38.588,1.6,15.969300,3217204
1055,08:27:38.757,1.6,15.972894,3217520
1056,08:27:38.925,1.5,15.970948,3217276
1057,08:27:39.095,1.5,15.972596,3217328
1058,08:27:39.266,0.0,15.968208,3216968
1059,08:27:39.436,1.5,15.969936,3217316
1060,08:27:39.605,3.0,15.971623,3216804
1061,08:27:39.777,7.8,15.971921,3217472
1062,08:27:39.948,0.0,15.971862,3217752
1063,08:27:40.118,1.6,15.974304,3217804
1064,08:27:40.288,1.6,15.973152,3217572
1065,08:27:40.457,3.1,15.969856,3217056
1066,08:27:40.626,1.5,15.969439,3217108
1067,08:27:40.796,0.0,15.969380,3216960
1068,08:27:40.965,1.6,15.969439,3217232
1069,08:27:41.135,3.0,15.968585,3217084
1070,08:27:41.305,1.5,15.968665,3216816
1071,08:27:41.474,3.1,15.968188,3216720
1072,08:27:41.643,4.7,15.970690,3217224
1073,08:27:41.813,3.0,15.966659,3216660
1074,08:27:41.983,7.7,15.968188,3216964
1075,08:27:42.153,1.5,15.973371,3217616
1076,08:27:42.323,1.6,15.973272,3217596
1077,08:27:42.493,1.6,15.969062,3217156
1078,08:27:42.663,1.5,15.970690,3217224
1079,08:27:42.832,3.0,15.969678,3216872
1080,08:27:43.002,3.1,15.968466,3216776
1081,08:27:43.171,1.5,15.968943,3216872
1082,08:27:43.340,3.1,15.968585,3216652
1083,08:27:43.510,1.5,15.969102,3216904
1084,08:27:43.679,0.0,15.971564,3217400
1085,08:27:43.848,1.6,15.972001,3217488
1086,08:27:44.017,3.1,15.971901,3217384
1087,08:27:44.187,1.5,15.971445,3217376
1088,08:27:44.356,1.6,15.971484,3217236
1089,08:27:44.525,1.6,15.969102,3216608
1090,08:27:44.695,1.6,15.968546,3216792
1091,08:27:44.864,1.6,15.970313,3217148
1092,08:27:45.034,1.5,15.968526,3216788
1093,08:27:45.203,3.1,15.969936,3216776
1094,08:27:45.373,3.1,15.968466,3216776
1095,08:27:45.542,1.6,15.971008,3217288
1096,08:27:45.711,1.6,15.967652,3216612
1097,08:27:45.880,1.5,15.969697,3217300
1098,08:27:46.051,1.5,15.967672,3216860
1099,08:27:46.221,0.0,15.969658,3217152
1100,08:27:46.390,0.0,15.970214,3217128
1101,08:27:46.560,3.0,15.968844,3217136
1102,08:27:46.729,1.5,15.970234,3216984
1103,08:27:46.900,1.5,15.971405,3217220
1104,08:27:47.069,1.5,15.968784,3216836
1105,08:27:47.239,0.0,15.969697,3217024
1106,08:27:47.408,1.6,15.970571,3217200
1107,08:27:47.577,0.0,15.969320,3217060
1108,08:27:47.747,2.9,15.969400,3216964
1109,08:27:47.917,1.6,15.967871,3216900
1110,08:27:48.086,1.6,15.969221,3216928
1111,08:27:48.255,3.0,15.971584,3217404
1112,08:27:48.424,1.6,15.971167,3217320
1113,08:27:48.593,1.6,15.971107,3217420
1114,08:27:48.763,0.0,15.971782,3217580
1115,08:27:48.932,1.5,15.969817,3216900
1116,08:27:49.102,1.5,15.967195,3216520
1117,08:27:49.272,3.0,15.967831,3216648
1118,08:27:49.442,1.5,15.969856,3217056
1119,08:27:49.611,1.6,15.969122,3217168
1120,08:27:49.780,1.5,15.969916,3217068
1121,08:27:49.949,3.0,15.969916,3217068
1122,08:27:50.118,3.1,15.968407,3216616
1123,08:27:50.345,3.0,15.967831,3216648
1124,08:27:50.514,0.0,15.971564,3217104
1125,08:27:50.684,2.9,15.969062,3216896
1126,08:27:50.853,3.1,15.970333,3217152
1127,08:27:51.023,3.0,15.972021,3217492
1128,08:27:51.193,1.5,15.972021,3217492
1129,08:27:51.363,1.5,15.969797,3217156
1130,08:27:51.532,2.9,15.970353,3217156
1131,08:27:51.701,3.0,15.969002,3216884
1132,08:27:51.870,1.5,15.971524,3217096
1133,08:27:52.039,1.6,15.969757,3217312
1134,08:27:52.209,1.6,15.970293,3217144
1135,08:27:52.379,0.0,15.968963,3217160
1136,08:27:52.549,3.1,15.968486,3216780
1137,08:27:52.719,3.1,15.968486,3216780
1138,08:27:52.888,3.1,15.969122,3217064
1139,08:27:53.057,1.5,15.969817,3217048
1140,08:27:53.226,4.5,15.968625,3217100
1141,08:27:53.396,1.5,15.969360,3216808
1142,08:27:53.565,1.5,15.966898,3216460
1143,08:27:53.735,3.1,15.967295,3216540
1144,08:27:53.904,1.5,15.969638,3217012
1145,08:27:54.074,1.5,15.970492,3217328
1146,08:27:54.244,1.5,15.971246,3217336
1147,08:27:54.414,3.0,15.970611,3217208
1148,08:27:54.583,0.0,15.970571,3217200
1149,08:27:54.752,2.9,15.970611,3217208
1150,08:27:54.921,1.5,15.971246,3217336
1151,08:27:55.090,1.5,15.970392,3217320
1152,08:27:55.259,1.5,15.970531,3217192
1153,08:27:55.429,1.5,15.971127,3217016
1154,08:27:55.598,0.0,15.968605,3216804
1155,08:27:55.768,1.5,15.971226,3217332
1156,08:27:55.938,1.5,15.968526,3216788
1157,08:27:56.108,1.5,15.967275,3216536
1158,08:27:56.277,0.0,15.969300,3217212
1159,08:27:56.447,1.6,15.969856,3217044
1160,08:27:56.616,1.4,15.969340,3217064
1161,08:27:56.785,0.0,15.971147,3217316
1162,08:27:56.954,3.1,15.971147,3217316
1163,08:27:57.125,1.6,15.971028,3217292
1164,08:27:57.295,0.0,15.970472,3217180
1165,08:27:57.465,1.4,15.970432,3217024
1166,08:27:57.635,1.5,15.967970,3216840
1167,08:27:57.804,1.6,15.967950,3216908
1168,08:27:57.974,0.0,15.969122,3216908
1169,08:27:58.145,1.6,15.970452,3217176
1170,08:27:58.314,1.6,15.969836,3217052
1171,08:27:58.483,1.5,15.971207,3217180
1172,08:27:58.653,1.5,15.968705,3216824
1173,08:27:58.823,3.1,15.968705,3216824
1174,08:27:58.992,3.1,15.970114,3217108
1175,08:27:59.161,1.6,15.970591,3217204
1176,08:27:59.330,1.5,15.969956,3217076
1177,08:27:59.499,1.5,15.969300,3216944
1178,08:27:59.669,1.6,15.971365,3217212
1179,08:27:59.838,3.1,15.970790,3217184
1180,08:28:00.010,0.0,15.971048,3217456
1181,08:28:00.179,1.6,15.969340,3216952
1182,08:28:00.349,1.5,15.969340,3216952
1183,08:28:00.519,0.0,15.969261,3217188
1184,08:28:00.690,1.5,15.971762,3217440
1185,08:28:00.859,1.6,15.972537,3217596
1186,08:28:01.028,1.6,15.971683,3217424
1187,08:28:01.198,1.6,15.971008,3217288
1188,08:28:01.367,1.6,15.971246,3217336
1189,08:28:01.537,3.1,15.972497,3217440
1190,08:28:01.706,4.5,15.970512,3217188
1191,08:28:01.876,4.6,15.971564,3217380
1192,08:28:02.046,0.0,15.970392,3217164
1193,08:28:02.215,1.6,15.971683,3217424
1194,08:28:02.384,3.1,15.972537,3217596
1195,08:28:02.554,3.0,15.971048,3217320
1196,08:28:02.723,0.0,15.969995,3216936
1197,08:28:02.892,1.6,15.970631,3217212
1198,08:28:03.062,3.1,15.969261,3216936
1199,08:28:03.231,3.1,15.967890,3216660
1200,08:28:03.402,3.1,15.969956,3216928
1201,08:28:03.572,1.6,15.973013,3217544
1202,08:28:03.741,1.5,15.971087,3217156
1203,08:28:03.912,3.1,15.972775,3217496
1204,08:28:04.083,1.6,15.970313,3217416
1205,08:28:04.252,1.6,15.969876,3217060
1206,08:28:04.421,3.1,15.969836,3217052
1207,08:28:04.590,3.1,15.970392,3217164
1208,08:28:04.760,3.1,15.969836,3217052
1209,08:28:04.929,4.6,15.971623,3217116
1210,08:28:05.099,1.6,15.970472,3217180
1211,08:28:05.269,3.1,15.970432,3217172
1212,08:28:05.439,1.5,15.969876,3216912
1213,08:28:05.609,1.5,15.971127,3217164
1214,08:28:05.778,1.5,15.970392,3217164
1215,08:28:05.947,1.6,15.970968,3217280
1216,08:28:06.117,0.0,15.970154,3217116
1217,08:28:06.286,3.1,15.971207,3217308
1218,08:28:06.455,1.6,15.970015,3217332
1219,08:28:06.625,1.5,15.970750,3217088
1220,08:28:06.796,3.1,15.971842,3217308
1221,08:28:06.965,3.1,15.972318,3217552
1222,08:28:07.136,0.0,15.972557,3217600
1223,08:28:07.305,3.1,15.971604,3217408
1224,08:28:07.474,1.5,15.971127,3217312
1225,08:28:07.643,3.0,15.969499,3217088
1226,08:28:07.813,1.6,15.970055,3217096
1227,08:28:07.983,1.6,15.970055,3216944
1228,08:28:08.154,1.5,15.969419,3216968
1229,08:28:08.324,1.4,15.969499,3216984
1230,08:28:08.493,1.6,15.968685,3216820
1231,08:28:08.663,4.7,15.969658,3217016
1232,08:28:08.833,0.0,15.970988,3217284
1233,08:28:09.002,1.6,15.972199,3217380
1234,08:28:09.171,1.5,15.970988,3217136
1235,08:28:09.341,0.0,15.970373,3217160
1236,08:28:09.510,3.1,15.972318,3217252
1237,08:28:09.680,1.5,15.970909,3217268
1238,08:28:09.849,1.5,15.970909,3217268
1239,08:28:10.020,0.0,15.971326,3217056
1240,08:28:10.189,1.6,15.969797,3216748
1241,08:28:10.358,1.6,15.970909,3217268
1242,08:28:10.527,4.5,15.970948,3217128
1243,08:28:10.696,0.0,15.969658,3217152
1244,08:28:10.865,3.1,15.970214,3217128
1245,08:28:11.034,1.5,15.973152,3217720
1246,08:28:11.203,1.5,15.971743,3217632
1247,08:28:11.373,1.6,15.970095,3217104
1248,08:28:11.543,3.0,15.970035,3217092
1249,08:28:11.712,3.1,15.971822,3217452
1250,08:28:11.882,3.1,15.970432,3217024
1251,08:28:12.051,4.6,15.970432,3217172
1252,08:28:12.221,1.5,15.968427,3216768
1253,08:28:12.391,1.5,15.968506,3216784
1254,08:28:12.560,3.1,15.970194,3217124
1255,08:28:12.730,1.5,15.970194,3216828
1256,08:28:12.900,1.5,15.968327,3216892
1257,08:28:13.070,3.1,15.971584,3217108
1258,08:28:13.241,1.5,15.966878,3216456
1259,08:28:13.410,1.5,15.969062,3216748
1260,08:28:13.579,1.5,15.967771,3216880
1261,08:28:13.749,0.0,15.969539,3216992
1262,08:28:13.918,1.6,15.968486,3216480
1263,08:28:14.089,1.5,15.970313,3217000
1264,08:28:14.258,1.5,15.969618,3217008
1265,08:28:14.428,4.3,15.970948,3217276
1266,08:28:14.598,3.1,15.970273,3217140
1267,08:28:14.767,3.0,15.968069,3216696
1268,08:28:14.937,0.0,15.970869,3217260
1269,08:28:15.107,1.5,15.969400,3216964
1270,08:28:15.277,1.5,15.970313,3217148
1271,08:28:15.447,1.5,15.970909,3217268
1272,08:28:15.616,3.0,15.970273,3217140
1273,08:28:15.786,1.5,15.970869,3217260
1274,08:28:15.956,1.5,15.969400,3217240
1275,08:28:16.125,2.7,15.969975,3217348
1276,08:28:16.295,1.5,15.970531,3217236
1277,08:28:16.465,2.8,15.970234,3216984
1278,08:28:16.635,1.5,15.968983,3216880
1279,08:28:16.805,1.6,15.968983,3216880
1280,08:28:16.975,3.0,15.967493,3216580
1281,08:28:17.144,1.5,15.967454,3216572
1282,08:28:17.314,1.5,15.968863,3216856
1283,08:28:17.484,2.8,15.968824,3216848
1284,08:28:17.653,1.4,15.968248,3216732
1285,08:28:17.823,1.5,15.969618,3217008
1286,08:28:17.993,1.5,15.973133,3217568
1287,08:28:18.162,3.1,15.971842,3217160
1288,08:28:18.332,3.0,15.969459,3216976
1289,08:28:18.502,1.5,15.969419,3217252
1290,08:28:18.671,0.0,15.968387,3216760
1291,08:28:18.841,0.0,15.970154,3217116
1292,08:28:19.011,0.0,15.971604,3217256
1293,08:28:19.181,0.0,15.970809,3217100
1294,08:28:19.351,0.0,15.968685,3216820
1295,08:28:19.520,1.5,15.969519,3216988
1296,08:28:19.690,1.5,15.967136,3216508
1297,08:28:19.859,2.9,15.966282,3216500
1298,08:28:20.029,2.9,15.969936,3217072
1299,08:28:20.199,1.4,15.969479,3217224
1300,08:28:20.369,2.9,15.971405,3217368
1301,08:28:20.538,2.8,15.972259,3217532
1302,08:28:20.708,0.0,15.970889,3217264
1303,08:28:20.878,1.5,15.969995,3217376
1304,08:28:21.047,1.4,15.973053,3217700
1305,08:28:21.217,3.1,15.973828,3217708
1306,08:28:21.386,4.4,15.973430,3217776
1307,08:28:21.556,2.9,15.973351,3217760
1308,08:28:21.726,0.0,15.972100,3217360
1309,08:28:21.895,4.3,15.973351,3217760
1310,08:28:22.065,1.6,15.975357,3218164
1311,08:28:22.234,0.0,15.973550,3217800
1312,08:28:22.404,1.5,15.973947,3217880
1313,08:28:22.574,2.9,15.973510,3217792
1314,08:28:22.743,1.6,15.973470,3217636
1315,08:28:22.912,1.6,15.972775,3217644
1316,08:28:23.082,1.6,15.975515,3218048
1317,08:28:23.252,3.1,15.971643,3217416
1318,08:28:23.422,1.5,15.971167,3217080
1319,08:28:23.591,4.5,15.970750,3217496
1320,08:28:23.761,1.5,15.974582,3218008
1321,08:28:23.931,4.6,15.973847,3217860
1322,08:28:24.100,1.5,15.973272,3217596
1323,08:28:24.270,1.5,15.971246,3217336
1324,08:28:24.440,3.0,15.973748,3217692
1325,08:28:24.610,1.5,15.973728,3217836
1326,08:28:24.779,1.5,15.974503,3217844
1327,08:28:24.948,0.0,15.973172,3217576
1328,08:28:25.119,1.6,15.971226,3217332
1329,08:28:25.289,1.5,15.972517,3217296
1330,08:28:25.458,3.0,15.970948,3217536
1331,08:28:25.628,3.2,15.971961,3217480
1332,08:28:25.797,1.6,15.972517,3217592
1333,08:28:25.967,3.0,15.973133,3217568
1334,08:28:26.136,1.6,15.973887,3217868
1335,08:28:26.306,1.5,15.973252,3217740
1336,08:28:26.475,1.5,15.971921,3217472
1337,08:28:26.645,0.0,15.971226,3217600
1338,08:28:26.815,1.6,15.971961,3217480
1339,08:28:26.985,4.5,15.971882,3217464
1340,08:28:27.155,3.1,15.974622,3218016
1341,08:28:27.325,3.1,15.973629,3217668
1342,08:28:27.494,3.1,15.972378,3217564
1343,08:28:27.664,4.3,15.972338,3217556
1344,08:28:27.834,1.6,15.971564,3217104
1345,08:28:28.004,3.0,15.972596,3217608
1346,08:28:28.173,1.6,15.972299,3217668
1347,08:28:28.343,1.5,15.969638,3217516
1348,08:28:28.513,1.5,15.973867,3217716
1349,08:28:28.683,1.6,15.975158,3217976
1350,08:28:28.853,0.0,15.975198,3217836
1351,08:28:29.023,1.5,15.971723,3217432
1352,08:28:29.195,1.5,15.972596,3217608
1353,08:28:29.365,3.0,15.974006,3217744
1354,08:28:29.536,0.0,15.975694,3218232
1355,08:28:29.705,2.9,15.971663,3217664
1356,08:28:29.875,1.5,15.975932,3218280
1357,08:28:30.045,4.3,15.975357,3218164
1358,08:28:30.215,0.0,15.974304,3217656
1359,08:28:30.385,4.5,15.975515,3218196
1360,08:28:30.556,3.1,15.975992,3218560
1361,08:28:30.725,3.1,15.976667,3218276
1362,08:28:30.896,3.1,15.975476,3218316
1363,08:28:31.066,3.0,15.976032,3218300
1364,08:28:31.238,3.0,15.976627,3218420
1365,08:28:31.408,1.5,15.974701,3218032
1366,08:28:31.579,3.1,15.974721,3218036
1367,08:28:31.748,3.0,15.975396,3218172
1368,08:28:31.919,1.6,15.973967,3217884
1369,08:28:32.091,3.2,15.972577,3217604
1370,08:28:32.261,2.9,15.973093,3217708
1371,08:28:32.431,3.0,15.972517,3217592
1372,08:28:32.602,1.6,15.973927,3217876
1373,08:28:32.773,1.5,15.973649,3218100
1374,08:28:32.944,1.5,15.976727,3218144
1375,08:28:33.113,0.0,15.975357,3218016
1376,08:28:33.281,0.0,15.974542,3217852
1377,08:28:33.450,1.6,15.973649,3217820
1378,08:28:33.620,1.6,15.969380,3217204
1379,08:28:33.789,3.0,15.971723,3217576
1380,08:28:33.958,1.6,15.972438,3217280
1381,08:28:34.127,3.1,15.971425,3217900
1382,08:28:34.297,0.0,15.973450,3217780
1383,08:28:34.467,1.5,15.970571,3217452
1384,08:28:34.637,1.4,15.971266,3217340
1385,08:28:34.806,1.5,15.971107,3217308
1386,08:28:34.974,0.0,15.969161,3216916
1387,08:28:35.144,1.6,15.970531,3217192
1388,08:28:35.313,1.5,15.968705,3216824
1389,08:28:35.482,1.6,15.971226,3217320
1390,08:28:35.651,1.6,15.972656,3217620
1391,08:28:35.821,1.5,15.971564,3217400
1392,08:28:35.990,1.5,15.973708,3217832
1393,08:28:36.160,1.6,15.975595,3218212
1394,08:28:36.329,3.1,15.974125,3217916
1395,08:28:36.497,1.6,15.971604,3217668
1396,08:28:36.666,1.6,15.972179,3217524
1397,08:28:36.836,3.0,15.973530,3217796
1398,08:28:37.005,1.6,15.970710,3217228
1399,08:28:37.175,1.5,15.972021,3217492
1400,08:28:37.345,1.5,15.970690,3217484
1401,08:28:37.514,3.0,15.970273,3217408
1402,08:28:37.684,1.5,15.971405,3217220
1403,08:28:37.853,0.0,15.974503,3217992
1404,08:28:38.023,1.5,15.973172,3217724
1405,08:28:38.192,0.0,15.973252,3217740
1406,08:28:38.361,0.0,15.972537,3217872
1407,08:28:38.531,0.0,15.975158,3218124
1408,08:28:38.701,1.5,15.973172,3217724
1409,08:28:38.871,1.5,15.970929,3217272
1410,08:28:39.041,1.5,15.971385,3217364
1411,08:28:39.210,1.6,15.972537,3217816
1412,08:28:39.380,1.6,15.970869,3217260
1413,08:28:39.549,1.6,15.971961,3217480
1414,08:28:39.719,3.0,15.974463,3217836
1415,08:28:39.888,1.6,15.974423,3217976
1416,08:28:40.058,1.5,15.974999,3218092
1417,08:28:40.227,1.6,15.972239,3217240
1418,08:28:40.397,3.1,15.974999,3218092
1419,08:28:40.566,1.5,15.970988,3217308
1420,08:28:40.736,1.5,15.968446,3216772
1421,08:28:40.906,1.5,15.973152,3217660
1422,08:28:41.076,1.6,15.970790,3217488
1423,08:28:41.247,3.1,15.974523,3218160
1424,08:28:41.418,0.0,15.974086,3217908
1425,08:28:41.588,1.6,15.973609,3217664
1426,08:28:41.757,1.5,15.972060,3217660
1427,08:28:41.927,1.6,15.970929,3217124
1428,08:28:42.097,1.6,15.970948,3216948
1429,08:28:42.268,3.0,15.972160,3217520
1430,08:28:42.438,0.0,15.973927,3217580
1431,08:28:42.607,1.5,15.971862,3217460
1432,08:28:42.777,1.6,15.971306,3217348
1433,08:28:42.947,0.0,15.970611,3217208
1434,08:28:43.117,1.5,15.970631,3217212
1435,08:28:43.287,3.1,15.973172,3217428
1436,08:28:43.456,1.5,15.971365,3217612
1437,08:28:43.625,3.2,15.972914,3217116
1438,08:28:43.795,0.0,15.972855,3217660
1439,08:28:43.966,1.6,15.974979,3218088
1440,08:28:44.136,3.1,15.973411,3217772
1441,08:28:44.307,4.5,15.971266,3217192
1442,08:28:44.477,4.5,15.971524,3217392
1443,08:28:44.647,2.9,15.972696,3217628
1444,08:28:44.816,1.5,15.972219,3217532
1445,08:28:44.986,1.5,15.972835,3217656
1446,08:28:45.156,3.0,15.971008,3217100
1447,08:28:45.327,4.5,15.972795,3217648
1448,08:28:45.497,3.0,15.974999,3218092
1449,08:28:45.666,0.0,15.972477,3217584
1450,08:28:45.836,1.6,15.972775,3218156
1451,08:28:46.005,1.6,15.977084,3218512
1452,08:28:46.174,3.0,15.977104,3218516
1453,08:28:46.343,4.5,15.973550,3217652
1454,08:28:46.512,0.0,15.973411,3218040
1455,08:28:46.682,1.6,15.974284,3217948
1456,08:28:46.851,1.6,15.975615,3218216
1457,08:28:47.021,1.5,15.974860,3218064
1458,08:28:47.190,0.0,15.976985,3218492
1459,08:28:47.359,1.5,15.978196,3218588
1460,08:28:47.529,1.5,15.975476,3218416
1461,08:28:47.699,3.1,15.976687,3218528
1462,08:28:47.870,4.7,15.976766,3218448
1463,08:28:48.040,1.6,15.978534,3218804
1464,08:28:48.210,3.1,15.977283,3218552
1465,08:28:48.379,1.5,15.976647,3218424
1466,08:28:48.549,4.4,15.972894,3217668
1467,08:28:48.719,3.1,15.973411,3217476
1468,08:28:48.888,0.0,15.973887,3217784
1469,08:28:49.058,4.3,15.971028,3217292
1470,08:28:49.227,1.6,15.974602,3217864
1471,08:28:49.397,0.0,15.975615,3218216
1472,08:28:49.566,3.1,15.972795,3216948
1473,08:28:49.737,3.0,15.972795,3217648
1474,08:28:49.908,1.6,15.973470,3217784
1475,08:28:50.077,3.1,15.972537,3217596
1476,08:28:50.246,5.9,15.972815,3217304
1477,08:28:50.416,4.7,15.971187,3216996
1478,08:28:50.586,3.2,15.972100,3217508
1479,08:28:50.756,0.0,15.973391,3217768
1480,08:28:50.925,1.6,15.974642,3217872
1481,08:28:51.095,1.6,15.973569,3217656
1482,08:28:51.264,3.2,15.972616,3217912
1483,08:28:51.433,1.5,15.972894,3217668
1484,08:28:51.603,3.1,15.971762,3217292
1485,08:28:51.773,1.6,15.971762,3217700
1486,08:28:51.943,1.6,15.971802,3217448
1487,08:28:52.112,3.1,15.972974,3217684
1488,08:28:52.282,4.6,15.973351,3217612
1489,08:28:52.451,3.1,15.972755,3217500
1490,08:28:52.623,3.1,15.969638,3217012
1491,08:28:52.793,1.6,15.971365,3217360
1492,08:28:52.962,0.0,15.970194,3217400
1493,08:28:53.132,0.0,15.969400,3216964
1494,08:28:53.301,3.0,15.971564,3217400
1495,08:28:53.471,1.5,15.969439,3216972
1496,08:28:53.641,1.5,15.970095,3217104
1497,08:28:53.811,2.9,15.971187,3217176
1498,08:28:53.980,3.2,15.971901,3217604
1499,08:28:54.151,2.9,15.969836,3217052
1500,08:28:54.321,3.1,15.970055,3217096
1501,08:28:54.490,1.5,15.969598,3217004
1502,08:28:54.660,0.0,15.970174,3217248
1503,08:28:54.829,1.6,15.968506,3217052
1504,08:28:54.998,3.1,15.972855,3217512
1505,08:28:55.167,3.0,15.971564,3217252
1506,08:28:55.337,1.6,15.972060,3217500
1507,08:28:55.506,1.6,15.968804,3216696
1508,08:28:55.675,1.6,15.966937,3216468
1509,08:28:55.844,3.1,15.968963,3216728
1510,08:28:56.013,4.6,15.969400,3217212
1511,08:28:56.183,1.5,15.970313,3217148
1512,08:28:56.352,3.1,15.970730,3217232
1513,08:28:56.521,1.6,15.969380,3216960
1514,08:28:56.690,0.0,15.969340,3217064
1515,08:28:56.860,1.6,15.967295,3216824
1516,08:28:57.029,3.1,15.967851,3216652
1517,08:28:57.198,3.1,15.968665,3216816
1518,08:28:57.368,4.5,15.971326,3217056
1519,08:28:57.538,1.5,15.967871,3216656
1520,08:28:57.707,0.0,15.967831,3216500
1521,08:28:57.877,1.6,15.967136,3216752
1522,08:28:58.047,3.1,15.968347,3216752
1523,08:28:58.217,1.6,15.970412,3217168
1524,08:28:58.386,0.0,15.971643,3217416
1525,08:28:58.556,1.6,15.971087,3217304
1526,08:28:58.726,3.1,15.971862,3217460
1527,08:28:58.896,0.0,15.971087,3217304
1528,08:28:59.066,3.1,15.971048,3217148
1529,08:28:59.236,1.6,15.971207,3217328
1530,08:28:59.406,0.0,15.969817,3216900
1531,08:28:59.577,1.4,15.969280,3216792
1532,08:28:59.747,3.1,15.969161,3216916
1533,08:28:59.918,1.6,15.968546,3217060
1534,08:29:00.087,0.0,15.973589,3217660
1535,08:29:00.256,4.7,15.974483,3217692
1536,08:29:00.426,3.0,15.970670,3217220
1537,08:29:00.595,1.6,15.970790,3217244
1538,08:29:00.765,4.5,15.970015,3217232
1539,08:29:00.934,1.5,15.971941,3217180
1540,08:29:01.104,0.0,15.969062,3216896
1541,08:29:01.274,1.5,15.967513,3216288
1542,08:29:01.443,1.6,15.967195,3216780
1543,08:29:01.613,0.0,15.970214,3217128
1544,08:29:01.784,1.6,15.970253,3216840
1545,08:29:01.953,1.6,15.969936,3217072
1546,08:29:02.122,1.6,15.972497,3217588
1547,08:29:02.292,1.5,15.973093,3217708
1548,08:29:02.462,0.0,15.973113,3217712
1549,08:29:02.631,3.1,15.972934,3217676
1550,08:29:02.801,1.5,15.970631,3217496
1551,08:29:02.971,1.5,15.971802,3217300
1552,08:29:03.140,1.5,15.971703,3217428
1553,08:29:03.309,3.1,15.971564,3217400
1554,08:29:03.478,1.5,15.973212,3217732
1555,08:29:03.648,1.6,15.972497,3217440
1556,08:29:03.817,1.5,15.972497,3217440
1557,08:29:03.986,1.6,15.970373,3217160
1558,08:29:04.156,1.5,15.971246,3217336
1559,08:29:04.325,4.5,15.972477,3217284
1560,08:29:04.494,1.6,15.969936,3217072
1561,08:29:04.664,1.5,15.970452,3217176
1562,08:29:04.833,0.0,15.969122,3216908
1563,08:29:05.002,0.0,15.969141,3216912
1564,08:29:05.171,3.0,15.968665,3216816
1565,08:29:05.341,1.6,15.970035,3217092
1566,08:29:05.510,1.5,15.970670,3217220
1567,08:29:05.679,3.1,15.969122,3216908
1568,08:29:05.849,0.0,15.970512,3217188
1569,08:29:06.018,1.5,15.969638,3217116
1570,08:29:06.188,0.0,15.970929,3217272
1571,08:29:06.358,0.0,15.972855,3217660
1572,08:29:06.527,0.0,15.972795,3217648
1573,08:29:06.697,3.0,15.973411,3217624
1574,08:29:06.867,1.6,15.972755,3217344
1575,08:29:07.037,1.5,15.972994,3217688
1576,08:29:07.207,0.0,15.971703,3217428
1577,08:29:07.376,1.6,15.971663,3217420
1578,08:29:07.547,1.6,15.971484,3217652
1579,08:29:07.718,1.6,15.973907,3217872
1580,08:29:07.888,1.5,15.972596,3217608
1581,08:29:08.058,1.5,15.972040,3217348
1582,08:29:08.228,1.5,15.970750,3217380
1583,08:29:08.398,1.6,15.971226,3217332
1584,08:29:08.568,4.5,15.969519,3216840
1585,08:29:08.738,3.1,15.969519,3216988
1586,08:29:08.908,3.0,15.972100,3217628
1587,08:29:09.078,2.9,15.970849,3217256
1588,08:29:09.247,1.6,15.971405,3217072
1589,08:29:09.417,1.5,15.973351,3217760
1590,08:29:09.586,3.1,15.973867,3217864
1591,08:29:09.755,1.6,15.972438,3217576
1592,08:29:09.925,1.5,15.972577,3217604
1593,08:29:10.094,1.6,15.973689,3217828
1594,08:29:10.264,0.0,15.972477,3217584
1595,08:29:10.433,1.5,15.972259,3217676
1596,08:29:10.602,3.1,15.971643,3217676
1597,08:29:10.771,1.6,15.972299,3217400
1598,08:29:10.941,3.2,15.971822,3217452
1599,08:29:11.110,1.5,15.970770,3217532
1600,08:29:11.279,0.0,15.971008,3217284
1601,08:29:11.449,0.0,15.974999,3217792
1602,08:29:11.619,1.5,15.973073,3217704
1603,08:29:11.789,1.5,15.972954,3217680
1604,08:29:11.958,0.0,15.970988,3217284
1605,08:29:12.128,1.5,15.973609,3217812
1606,08:29:12.298,2.9,15.973053,3217552
1607,08:29:12.468,0.0,15.970114,3217304
1608,08:29:12.637,1.6,15.967811,3216644
1609,08:29:12.807,0.0,15.968546,3217060
1610,08:29:12.976,3.0,15.970234,3217156
1611,08:29:13.146,1.4,15.972934,3217676
1612,08:29:13.315,0.0,15.972735,3217636
1613,08:29:13.485,0.0,15.974225,3217936
1614,08:29:13.654,0.0,15.973589,3217660
1615,08:29:13.824,1.6,15.972378,3217564
1616,08:29:13.993,0.0,15.972855,3217808
1617,08:29:14.162,1.5,15.972775,3217644
1618,08:29:14.332,3.1,15.971524,3217392
1619,08:29:14.501,1.5,15.969102,3216904
1620,08:29:14.671,0.0,15.971087,3217304
1621,08:29:14.840,1.5,15.970968,3217280
1622,08:29:15.501,0.0,15.972358,3217560
1623,08:29:15.677,1.5,15.972299,3217400
1624,08:29:15.846,3.0,15.971048,3217296
1625,08:29:16.016,4.6,15.972259,3217684
1626,08:29:16.186,0.0,15.972894,3217520
1627,08:29:16.355,1.5,15.970829,3217252
1628,08:29:16.525,3.1,15.971167,3217320
1629,08:29:16.694,2.8,15.971048,3217432
1630,08:29:16.864,1.6,15.969002,3216884
1631,08:29:17.033,1.5,15.970611,3216912
1632,08:29:17.202,1.6,15.968585,3216800
1633,08:29:17.372,1.5,15.970432,3217168
1634,08:29:17.541,1.5,15.973331,3217772
1635,08:29:17.711,1.5,15.973073,3217556
1636,08:29:17.881,3.1,15.970929,3217272
1637,08:29:18.052,2.9,15.969400,3216964
1638,08:29:18.222,3.0,15.969340,3216952
1639,08:29:18.391,1.6,15.970790,3216948
1640,08:29:18.562,1.6,15.971365,3217360
1641,08:29:18.731,3.1,15.971346,3217476
1642,08:29:18.901,1.6,15.971306,3217348
1643,08:29:19.070,3.1,15.971346,3217208
1644,08:29:19.239,1.6,15.970571,3217200
1645,08:29:19.409,1.6,15.973172,3217724
1646,08:29:19.578,1.6,15.973192,3217728
1647,08:29:19.749,1.6,15.972596,3217736
1648,08:29:19.918,0.0,15.972636,3217468
1649,08:29:20.088,3.1,15.971862,3217164
1650,08:29:20.257,0.0,15.970174,3217120
1651,08:29:20.426,3.0,15.973272,3217596
1652,08:29:20.596,3.0,15.970571,3217200
1653,08:29:20.766,1.5,15.970492,3217184
1654,08:29:20.936,1.5,15.970392,3217164
1655,08:29:21.106,1.5,15.969122,3216872
1656,08:29:21.275,1.6,15.969975,3217080
1657,08:29:21.445,3.1,15.973430,3217624
1658,08:29:21.614,3.0,15.973947,3217732
1659,08:29:21.784,0.0,15.971882,3217464
1660,08:29:21.954,6.1,15.971504,3217656
1661,08:29:22.125,1.5,15.970710,3217228
1662,08:29:22.297,1.6,15.969042,3216892
1663,08:29:22.467,1.5,15.971087,3217268
1664,08:29:22.636,1.6,15.972100,3217508
1665,08:29:22.805,1.6,15.973828,3217708
1666,08:29:22.974,1.5,15.973192,3217996
1667,08:29:23.144,4.6,15.973073,3217704
1668,08:29:23.314,4.4,15.972001,3217488
1669,08:29:23.484,1.5,15.973569,3217656
1670,08:29:23.656,3.0,15.971346,3217372
1671,08:29:23.826,0.0,15.969499,3217244
1672,08:29:23.995,3.0,15.970829,3217348
1673,08:29:24.166,3.1,15.968744,3217076
1674,08:29:24.336,3.1,15.971822,3217452
1675,08:29:24.505,3.1,15.972398,3217568
1676,08:29:24.675,1.5,15.971822,3217452
1677,08:29:24.844,0.0,15.973748,3217544
1678,08:29:25.014,1.6,15.973530,3217796
1679,08:29:25.183,2.8,15.973569,3217508
1680,08:29:25.352,3.1,15.973391,3217620
1681,08:29:25.522,1.6,15.971882,3217464
1682,08:29:25.691,0.0,15.971822,3217452
1683,08:29:25.860,3.1,15.969578,3217184
1684,08:29:26.031,3.1,15.969618,3216860
1685,08:29:26.201,0.0,15.969757,3217036
1686,08:29:26.371,1.5,15.971008,3217572
1687,08:29:26.540,1.6,15.974999,3217944
1688,08:29:26.709,1.6,15.972855,3217660
1689,08:29:26.879,3.1,15.972676,3217624
1690,08:29:27.049,1.6,15.973669,3217824
1691,08:29:27.218,1.6,15.972299,3217400
1692,08:29:27.387,1.5,15.972815,3217652
1693,08:29:27.557,3.1,15.974622,3218016
1694,08:29:27.726,3.0,15.971782,3217668
1695,08:29:27.896,1.6,15.972060,3217500
1696,08:29:28.065,1.5,15.971365,3217356
1697,08:29:28.235,1.6,15.971326,3217352
1698,08:29:28.405,3.1,15.971445,3217376
1699,08:29:28.574,0.0,15.973371,3217764
1700,08:29:28.743,0.0,15.972815,3217652
1701,08:29:28.913,1.6,15.969261,3216252
1702,08:29:29.084,1.6,15.969817,3217292
1703,08:29:29.254,1.5,15.967950,3216916
1704,08:29:29.424,3.1,15.972934,3217676
1705,08:29:29.593,7.6,15.970512,3217076
1706,08:29:29.764,5.8,15.971703,3217428
1707,08:29:29.935,1.6,15.973828,3217856
1708,08:29:30.105,0.0,15.974125,3217916
1709,08:29:30.274,1.6,15.972596,3217608
1710,08:29:30.443,1.5,15.972120,3217728
1711,08:29:30.613,1.6,15.970512,3217332
1712,08:29:30.782,3.1,15.972318,3217552
1713,08:29:30.952,1.6,15.973569,3217804
1714,08:29:31.121,0.0,15.972974,3217684
1715,08:29:31.290,3.0,15.972239,3217536
1716,08:29:31.460,1.6,15.970909,3216972
1717,08:29:31.630,1.5,15.974562,3217920
1718,08:29:31.799,4.5,15.967851,3217020
1719,08:29:31.970,4.9,15.971901,3217712
1720,08:29:32.141,1.6,15.973907,3217724
1721,08:29:32.311,3.1,15.974344,3217812
1722,08:29:32.481,1.6,15.973649,3217524
1723,08:29:32.651,3.1,15.975615,3218216
1724,08:29:32.821,1.6,15.975912,3218276
1725,08:29:32.991,2.9,15.975118,3217968
1726,08:29:33.161,3.2,15.974860,3217916
1727,08:29:33.333,4.8,15.975833,3218260
1728,08:29:33.505,6.0,15.976607,3218120
1729,08:29:33.680,3.1,15.975734,3218240
1730,08:29:33.849,3.0,15.977620,3218620
1731,08:29:34.019,3.1,15.977461,3218588
1732,08:29:34.188,1.5,15.978673,3218832
1733,08:29:34.358,0.0,15.978633,3218824
1734,08:29:34.527,1.6,15.980201,3218844
1735,08:29:34.697,1.5,15.977501,3218636
1736,08:29:34.866,1.4,15.977580,3218612
1737,08:29:35.035,1.5,15.978156,3218728
1738,08:29:35.205,1.6,15.978156,3218728
1739,08:29:35.374,0.0,15.977422,3218580
1740,08:29:35.543,3.1,15.976826,3218428
1741,08:29:35.713,0.0,15.977958,3218688
1742,08:29:35.882,0.0,15.979407,3218832
1743,08:29:36.052,1.6,15.979268,3218656
1744,08:29:36.221,0.0,15.975932,3218400
1745,08:29:36.390,1.6,15.976588,3218412
1746,08:29:36.560,1.6,15.973490,3217788
1747,08:29:36.729,1.6,15.973530,3217796
1748,08:29:36.898,3.1,15.973609,3217812
1749,08:29:37.068,1.5,15.976032,3218456
1750,08:29:37.238,4.6,15.976111,3218316
1751,08:29:37.408,1.5,15.976766,3218448
1752,08:29:37.577,1.5,15.978534,3218804
1753,08:29:37.746,0.0,15.978176,3218732
1754,08:29:37.915,1.6,15.977441,3218584
1755,08:29:38.085,1.6,15.978216,3218740
1756,08:29:38.254,3.1,15.977362,3218564
1757,08:29:38.424,1.5,15.974920,3218076
1758,08:29:38.593,4.5,15.976012,3218296
1759,08:29:38.763,4.5,15.977918,3218680
1760,08:29:38.934,1.5,15.978931,3218884
1761,08:29:39.105,0.0,15.978335,3218616
1762,08:29:39.274,1.6,15.980162,3219132
1763,08:29:39.444,3.1,15.979844,3218920
1764,08:29:39.613,1.5,15.978454,3218788
1765,08:29:39.782,3.0,15.978891,3219144
1766,08:29:39.951,3.0,15.979368,3218972
1767,08:29:40.121,1.6,15.979288,3219084
1768,08:29:40.290,6.0,15.978593,3218816
1769,08:29:40.460,2.9,15.976607,3218668
1770,08:29:40.631,4.8,15.980559,3218916
1771,08:29:40.802,1.5,15.978593,3218816
1772,08:29:40.971,1.6,15.979189,3218936
1773,08:29:41.141,1.5,15.978970,3218892
1774,08:29:41.310,1.5,15.978970,3218892
1775,08:29:41.479,1.4,15.976985,3218752
1776,08:29:41.649,1.6,15.976647,3218424
1777,08:29:41.819,1.6,15.976131,3218320
1778,08:29:41.988,0.0,15.977302,3218692
1779,08:29:42.157,0.0,15.977898,3218676
1780,08:29:42.327,3.1,15.977402,3218576
1781,08:29:42.499,3.1,15.975932,3218524
1782,08:29:42.669,3.1,15.980559,3218916
1783,08:29:42.838,1.5,15.977938,3218648
1784,08:29:43.007,0.0,15.976290,3218352
1785,08:29:43.177,1.6,15.974820,3218332
1786,08:29:43.347,1.5,15.977561,3218608
1787,08:29:43.517,0.0,15.976111,3218440
1788,08:29:43.687,3.1,15.976826,3218164
1789,08:29:43.857,0.0,15.976488,3218392
1790,08:29:44.026,1.5,15.975317,3218156
1791,08:29:44.194,1.6,15.976727,3218440
1792,08:29:44.363,1.6,15.978990,3219032
1793,08:29:44.532,3.2,15.978752,3218848
1794,08:29:44.702,3.1,15.977759,3218612
1795,08:29:44.872,4.6,15.978812,3218860
1796,08:29:45.042,1.6,15.976310,3218356
1797,08:29:45.212,1.5,15.977263,3218904
1798,08:29:45.381,4.5,15.977203,3218536
1799,08:29:45.551,4.5,15.976270,3218592
1800,08:29:45.720,6.2,15.973847,3217092
1801,08:29:45.891,4.7,15.972676,3217892
1802,08:29:46.061,4.6,15.974443,3217980
1803,08:29:46.230,0.0,15.976349,3218216
1804,08:29:46.400,3.1,15.974801,3217944
1805,08:29:46.570,0.0,15.973033,3217696
1806,08:29:46.739,3.0,15.974542,3217852
1807,08:29:46.908,1.6,15.974642,3218020
1808,08:29:47.076,0.0,15.973907,3217872
1809,08:29:47.246,1.5,15.972537,3217596
1810,08:29:47.415,2.9,15.972457,3217580
1811,08:29:47.584,1.6,15.971961,3217480
1812,08:29:47.752,1.6,15.971405,3217368
1813,08:29:47.923,6.3,15.969181,3216920
1814,08:29:48.092,1.5,15.971822,3217452
1815,08:29:48.261,1.6,15.975515,3218196
1816,08:29:48.431,2.9,15.974801,3217904
1817,08:29:48.600,1.5,15.974324,3217956
1818,08:29:48.771,2.9,15.971226,3217332
1819,08:29:48.941,1.5,15.975754,3218244
1820,08:29:49.112,3.2,15.976925,3218332
1821,08:29:49.281,4.3,15.976091,3218312
1822,08:29:49.451,6.1,15.977441,3218712
1823,08:29:49.622,1.5,15.976190,3218036
1824,08:29:49.793,0.0,15.975515,3218196
1825,08:29:49.964,1.6,15.976925,3218480
1826,08:29:50.133,1.5,15.978176,3218732
1827,08:29:50.303,0.0,15.977978,3218692
1828,08:29:50.472,3.1,15.979387,3218828
1829,08:29:50.643,3.1,15.976846,3218464
1830,08:29:50.812,1.5,15.978613,3218524
1831,08:29:50.981,3.1,15.979348,3218968
1832,08:29:51.150,1.6,15.978573,3218812
1833,08:29:51.320,6.1,15.977501,3218188
1834,08:29:51.490,5.9,15.974959,3218084
1835,08:29:51.659,0.0,15.975793,3218252
1836,08:29:52.009,3.0,15.977104,3218516
1837,08:29:52.180,3.2,15.978831,3218864
1838,08:29:52.350,3.1,15.976071,3218296
1839,08:29:52.520,1.5,15.853199,3193960
1840,08:29:52.693,1.5,15.853934,3193704
1841,08:29:52.869,5.9,15.902384,3203464
1842,08:29:53.043,17.9,15.993942,3221908
1843,08:29:53.213,1.5,15.992930,3221940
1844,08:29:53.384,4.5,15.993009,3221720
1845,08:29:53.554,1.5,15.994200,3221960
1846,08:29:53.726,0.0,15.994141,3221948
1847,08:29:53.896,3.0,15.996305,3222384
1848,08:29:54.066,1.5,15.992572,3221632
1849,08:29:54.236,0.0,15.992532,3221404
1850,08:29:54.407,1.6,15.989911,3221388
1851,08:29:54.576,1.5,15.994796,3221860
1852,08:29:54.746,0.0,15.992612,3221640
1853,08:29:54.917,3.0,15.994220,3221964
1854,08:29:55.087,0.0,15.996007,3222324
1855,08:29:55.257,1.5,15.996107,3222344
1856,08:29:55.426,4.5,15.994002,3222196
1857,08:29:55.596,0.0,15.995392,3222200
1858,08:29:55.766,1.5,15.994538,3222028
1859,08:29:55.936,1.5,15.996265,3222432
1860,08:29:56.106,3.1,15.995451,3221772
1861,08:29:56.275,1.6,15.994300,3221760
1862,08:29:56.446,1.6,15.993009,3221500
1863,08:29:56.617,2.9,15.995431,3221988
1864,08:29:56.786,3.1,15.993446,3221808
1865,08:29:56.956,0.0,15.994736,3222068
1866,08:29:57.125,0.0,15.993009,3221996
1867,08:29:57.296,1.6,15.993982,3221696
1868,08:29:57.466,0.0,15.990308,3220956
1869,08:29:57.635,1.6,15.990150,3221412
1870,08:29:57.805,1.5,15.994359,3222148
1871,08:29:57.974,3.1,15.998390,3222932
1872,08:29:58.144,1.6,15.998191,3222616
1873,08:29:58.314,1.5,15.995551,3222664
1874,08:29:58.484,3.0,15.996802,3222484
1875,08:29:58.654,3.1,15.994339,3221988
1876,08:29:58.823,1.5,15.993207,3221760
1877,08:29:58.993,3.1,15.995114,3222144
1878,08:29:59.163,0.0,15.994339,3221988
1879,08:29:59.333,0.0,15.995491,3222184
1880,08:29:59.502,3.1,15.995074,3222136
1881,08:29:59.672,1.6,15.995014,3222124
1882,08:29:59.841,1.6,15.996226,3222220
1883,08:30:00.013,1.6,15.995690,3222260
1884,08:30:00.183,3.1,15.995690,3222552
1885,08:30:00.354,1.6,15.995809,3222284
1886,08:30:00.524,1.6,15.994359,3221992
1887,08:30:00.694,1.6,15.997715,3222520
1888,08:30:00.863,3.1,15.996305,3222384
1889,08:30:01.033,3.1,15.997953,3222928
1890,08:30:01.203,1.6,15.998529,3222832
1891,08:30:01.409,3.0,15.996901,3222504
1892,08:30:01.580,3.1,15.995173,3222156
1893,08:30:01.750,0.0,15.996464,3222268
1894,08:30:01.920,1.5,15.997020,3222528
1895,08:30:02.090,1.5,15.997357,3222888
1896,08:30:02.260,1.6,15.998191,3222764
1897,08:30:02.430,1.5,15.996941,3222512
1898,08:30:02.601,3.1,15.996941,3222512
1899,08:30:02.771,1.6,15.995650,3222252
1900,08:30:02.941,4.6,15.996861,3222496
1901,08:30:03.113,3.1,15.996543,3222432
1902,08:30:03.283,1.5,15.995372,3222196
1903,08:30:03.453,1.6,15.995412,3222204
1904,08:30:03.622,1.5,15.995491,3222480
1905,08:30:03.792,1.6,15.997199,3222564
1906,08:30:03.961,3.1,15.999403,3223008
1907,08:30:04.130,3.1,15.998628,3222700
1908,08:30:04.300,3.1,15.997377,3222600
1909,08:30:04.470,1.5,15.997199,3222564
1910,08:30:04.640,0.0,15.996742,3222324
1911,08:30:04.809,1.6,15.994538,3222040
1912,08:30:04.979,1.6,15.996901,3222504
1913,08:30:05.149,3.1,15.997993,3222576
1914,08:30:05.319,1.5,15.996424,3222408
1915,08:30:05.489,1.6,15.994458,3222252
1916,08:30:05.659,1.5,15.996424,3222188
1917,08:30:05.828,3.1,15.996623,3222448
1918,08:30:05.998,3.1,15.995908,3222304
1919,08:30:06.167,1.6,15.995372,3222196
1920,08:30:06.337,1.6,15.995610,3222024
1921,08:30:06.507,0.0,15.994597,3221820
1922,08:30:06.676,0.0,15.994002,3221920
1923,08:30:06.847,1.6,15.995491,3222220
1924,08:30:07.017,3.1,15.996206,3222648
1925,08:30:07.187,0.0,15.995054,3221912
1926,08:30:07.357,3.0,15.995292,3222488
1927,08:30:07.526,1.6,15.997635,3222652
1928,08:30:07.696,1.6,15.997020,3222684
1929,08:30:07.866,3.1,15.996663,3222456
1930,08:30:08.036,1.5,15.995928,3222308
1931,08:30:08.206,1.5,15.995888,3222576
1932,08:30:08.375,3.1,15.995074,3222412
1933,08:30:08.546,0.0,15.997099,3222528
1934,08:30:08.716,4.6,15.994875,3222096
1935,08:30:08.885,1.5,15.993267,3221772
1936,08:30:09.055,1.6,15.994200,3221960
1937,08:30:09.225,3.1,15.995054,3222132
1938,08:30:09.395,0.0,15.995809,3221988
1939,08:30:09.565,1.6,15.997437,3222392
1940,08:30:09.735,4.5,15.996385,3222400
1941,08:30:09.904,3.1,15.996385,3222400
1942,08:30:10.074,3.1,15.996206,3222144
1943,08:30:10.244,1.6,15.997536,3222632
1944,08:30:10.413,1.6,15.997556,3222340
1945,08:30:10.583,0.0,15.998747,3222876
1946,08:30:10.752,3.1,15.996543,3222432
1947,08:30:10.922,0.0,15.996385,3222400
1948,08:30:11.092,4.6,15.996007,3222324
1949,08:30:11.261,0.0,15.994836,3221868
1950,08:30:11.431,1.6,15.993982,3221916
1951,08:30:11.601,1.6,15.997675,3222660
1952,08:30:11.771,4.6,15.996166,3222356
1953,08:30:11.940,1.6,15.996265,3222376
1954,08:30:12.110,3.2,15.997080,3222540
1955,08:30:12.279,1.5,15.995491,3222000
1956,08:30:12.448,1.6,15.994359,3221992
1957,08:30:12.618,1.6,15.995292,3222172
1958,08:30:12.788,1.6,15.993922,3221684
1959,08:30:12.957,1.5,15.993922,3221904
1960,08:30:13.127,4.6,15.994319,3221984
1961,08:30:13.297,0.0,15.995491,3222220
1962,08:30:13.466,3.1,15.998847,3222748
1963,08:30:13.636,3.1,15.997556,3222488
1964,08:30:13.805,3.0,15.996861,3222496
1965,08:30:13.975,0.0,15.997556,3222416
1966,08:30:14.145,1.6,15.995034,3222544
1967,08:30:14.316,0.0,15.995630,3222540
1968,08:30:14.485,3.1,15.995610,3222244
1969,08:30:14.654,1.6,15.996821,3222568
1970,08:30:14.824,1.5,15.997060,3222536
1971,08:30:14.994,1.5,15.997596,3222424
1972,08:30:15.164,1.6,15.997020,3222528
1973,08:30:15.334,1.5,15.998370,3222800
1974,08:30:15.504,0.0,15.997457,3222396
1975,08:30:15.673,3.1,15.996444,3222412
1976,08:30:15.843,3.0,15.995431,3222208
1977,08:30:16.012,3.1,15.995511,3222224
1978,08:30:16.182,1.6,15.997238,3222572
1979,08:30:16.351,3.1,15.993366,3221792
1980,08:30:16.520,3.1,15.993327,3221564
1981,08:30:16.690,1.5,15.992850,3221688
1982,08:30:16.859,5.8,15.991659,3221448
1983,08:30:17.030,1.6,15.993366,3221572
1984,08:30:17.202,1.5,15.993426,3221804
1985,08:30:17.375,3.1,15.994776,3222076
1986,08:30:17.546,1.5,15.993605,3221840
1987,08:30:17.716,1.6,15.993624,3222080
1988,08:30:17.887,2.9,15.996305,3222384
1989,08:30:18.057,1.6,15.997417,3222608
1990,08:30:18.227,6.5,15.994995,3222344
1991,08:30:18.398,4.7,15.993287,3221556
1992,08:30:18.569,1.6,15.992393,3221596
1993,08:30:18.739,0.0,15.991619,3221440
1994,08:30:18.909,1.6,15.991698,3221804
1995,08:30:19.080,1.6,15.994180,3221956
1996,08:30:19.250,3.2,15.993168,3221532
1997,08:30:19.420,3.1,15.991103,3221336
1998,08:30:19.591,1.6,15.991937,3221504
1999,08:30:19.762,3.2,15.993148,3221976
2000,08:30:19.933,0.0,15.993188,3221756
2001,08:30:20.103,4.7,15.995928,3222308
2002,08:30:20.273,4.7,15.993545,3221828
2003,08:30:20.443,4.7,15.992532,3221624
2004,08:30:20.613,3.1,15.990666,3221248
2005,08:30:20.782,0.0,15.993883,3221896
2006,08:30:20.952,3.2,15.991619,3221440
2007,08:30:21.122,1.6,15.991698,3221236
2008,08:30:21.292,0.0,15.993068,3221732
2009,08:30:21.462,1.6,15.994002,3221700
2010,08:30:21.632,1.6,15.993029,3221764
2011,08:30:21.801,1.6,15.994280,3221976
2012,08:30:21.971,0.0,15.994439,3222008
2013,08:30:22.140,4.7,15.994796,3222080
2014,08:30:22.309,4.8,15.991957,3221508
2015,08:30:22.480,1.6,15.993684,3221856
2016,08:30:22.649,1.6,15.991778,3221472
2017,08:30:22.819,0.0,15.992374,3221372
2018,08:30:22.988,1.6,15.991758,3221468
2019,08:30:23.160,1.6,15.994498,3222296
2020,08:30:23.329,1.5,15.993684,3221856
2021,08:30:23.498,1.6,15.991401,3221396
2022,08:30:23.668,3.1,15.990348,3221184
2023,08:30:23.838,1.5,15.990269,3221168
2024,08:30:24.008,3.0,15.990666,3221312
2025,08:30:24.179,1.6,15.991500,3221640
2026,08:30:24.349,3.2,15.989395,3220992
2027,08:30:24.519,3.1,15.990646,3221244
2028,08:30:24.689,1.5,15.991440,3221404
2029,08:30:24.859,1.5,15.992691,3221656
2030,08:30:25.028,0.0,15.993982,3221696
2031,08:30:25.198,3.2,15.991281,3221372
2032,08:30:25.368,3.1,15.990388,3221192
2033,08:30:25.538,1.6,15.988859,3220884
2034,08:30:25.707,1.5,15.988938,3220900
2035,08:30:25.876,1.3,15.987926,3220696
2036,08:30:26.046,2.8,15.985702,3220516
2037,08:30:26.217,4.6,15.989196,3220952
2038,08:30:26.386,1.5,15.988700,3220852
2039,08:30:26.556,3.1,15.991599,3221436
2040,08:30:26.725,1.5,15.990547,3221224
2041,08:30:26.895,3.1,15.989713,3221056
2042,08:30:27.065,1.4,15.991321,3221160
2043,08:30:27.235,3.1,15.989455,3221004
2044,08:30:27.406,3.0,15.987926,3220696
2045,08:30:27.575,0.0,15.989097,3220712
2046,08:30:27.744,1.6,15.989832,3220860
2047,08:30:27.915,3.0,15.988740,3221020
2048,08:30:28.084,2.9,15.992632,3221644
2049,08:30:28.254,1.5,15.993287,3221776
2050,08:30:28.425,3.1,15.990527,3221220
2051,08:30:28.595,2.9,15.992949,3221708
2052,08:30:28.765,1.6,15.990408,3221196
2053,08:30:28.934,1.5,15.990328,3221180
2054,08:30:29.105,4.5,15.992254,3221568
2055,08:30:29.276,7.4,15.995451,3222212
2056,08:30:29.446,1.5,15.994002,3221920
2057,08:30:29.616,3.1,15.993883,3221676
2058,08:30:29.785,1.6,15.992711,3221660
2059,08:30:29.955,3.2,15.992016,3221520
2060,08:30:30.125,0.0,15.992374,3221592
2061,08:30:30.295,0.0,15.992334,3221828
2062,08:30:30.464,3.0,15.992493,3221616
2063,08:30:30.634,3.0,15.994200,3221740
2064,08:30:30.804,1.6,15.993108,3221520
2065,08:30:30.974,1.6,15.994558,3222032
2066,08:30:31.143,3.0,15.993207,3221760
2067,08:30:31.312,0.0,15.992989,3221984
2068,08:30:31.484,1.6,15.993744,3221868
2069,08:30:31.656,3.2,15.995789,3222280
2070,08:30:31.826,0.0,15.992393,3221596
2071,08:30:31.996,1.6,15.995610,3222244
2072,08:30:32.165,3.2,15.995749,3222272
2073,08:30:32.339,0.0,15.993942,3221744
2074,08:30:32.509,1.5,15.994061,3222192
2075,08:30:32.678,1.6,15.995074,3222136
2076,08:30:32.848,1.5,15.994161,3221952
2077,08:30:33.018,6.0,15.995233,3221948
2078,08:30:33.188,1.6,15.995630,3222028
2079,08:30:33.357,1.5,15.994260,3221972
2080,08:30:33.527,1.6,15.996146,3222352
2081,08:30:33.697,1.6,15.994300,3221760
2082,08:30:33.867,1.5,15.995233,3222168
2083,08:30:34.037,1.6,15.996802,3222264
2084,08:30:34.206,3.1,15.998926,3222912
2085,08:30:34.375,3.1,15.996365,3222068
2086,08:30:34.545,6.0,15.996107,3222012
2087,08:30:34.715,3.2,16.029644,3229008
2088,08:30:37.339,2.7,16.028949,3228740
2089,08:30:37.533,0.0,16.030160,3229204
2090,08:30:37.702,1.6,16.029922,3229156
2091,08:30:37.872,3.1,16.029029,3228976
2092,08:30:38.042,3.2,16.027678,3228484
2093,08:30:38.212,1.6,16.026527,3228472
2094,08:30:38.383,3.1,16.028532,3228876
2095,08:30:38.553,1.5,16.028810,3228636
2096,08:30:38.723,3.1,15.990884,3221292
2097,08:30:38.894,3.1,15.988958,3221152
2098,08:30:39.064,0.0,15.990428,3220980
2099,08:30:39.234,3.1,15.990507,3221216
2100,08:30:39.404,1.6,15.989415,3220776
2101,08:30:39.574,6.0,15.989455,3221020
2102,08:30:39.745,1.5,15.987668,3220904
2103,08:30:39.914,1.5,15.988799,3220652
2104,08:30:40.084,4.5,15.987191,3220548
2105,08:30:40.254,3.1,15.986893,3220960
2106,08:30:40.424,1.6,15.988998,3220912
2107,08:30:40.595,3.1,15.988502,3220812
2108,08:30:40.764,3.0,15.989057,3220704
2109,08:30:40.934,4.5,15.986635,3220696
2110,08:30:41.104,0.0,15.986754,3220700
2111,08:30:41.273,3.1,15.987072,3220524
2112,08:30:41.444,1.5,15.987648,3220420
2113,08:30:41.614,4.5,15.987727,3220656
2114,08:30:41.785,1.6,15.988899,3220672
2115,08:30:41.955,1.5,15.987886,3220688
2116,08:30:42.124,1.6,15.986635,3220436
2117,08:30:42.294,4.7,15.988005,3220712
2118,08:30:42.464,1.5,15.986992,3220508
2119,08:30:42.634,1.6,15.987727,3220656
2120,08:30:42.804,0.0,15.987807,3220672
2121,08:30:42.973,3.1,15.987211,3220552
2122,08:30:43.143,3.1,15.987846,3220680
2123,08:30:43.313,1.6,15.989057,3220924
2124,08:30:43.482,3.0,15.987568,3220624
2125,08:30:43.651,1.6,15.988779,3220868
2126,08:30:43.821,3.1,15.987727,3220656
2127,08:30:43.992,3.1,15.990050,3221124
2128,08:30:44.162,1.5,15.985027,3220112
2129,08:30:44.332,1.5,15.987449,3220600
2130,08:30:44.502,2.9,15.988760,3220864
2131,08:30:44.673,1.5,15.989574,3221028
2132,08:30:44.842,1.5,15.989256,3220964
2133,08:30:45.012,4.3,15.988164,3220744
2134,08:30:45.181,5.8,15.988938,3220680
2135,08:30:45.353,5.7,15.986794,3220692
2136,08:30:45.524,3.0,15.986476,3220404
2137,08:30:45.695,1.5,15.983776,3219924
2138,08:30:45.866,2.9,15.989415,3220996
2139,08:30:46.037,1.5,15.988323,3221044
2140,08:30:46.208,0.0,15.987072,3220524
2141,08:30:46.378,1.5,15.986893,3220488
2142,08:30:46.548,1.6,15.988184,3220748
2143,08:30:46.718,4.4,15.986595,3220428
2144,08:30:46.888,2.9,15.987866,3220684
2145,08:30:47.059,0.0,15.987489,3220608
2146,08:30:47.229,4.7,15.987687,3220648
2147,08:30:47.399,1.6,15.987846,3220680
2148,08:30:47.569,1.6,15.989733,3221060
2149,08:30:47.740,2.9,15.989276,3220968
2150,08:30:47.909,4.5,15.985920,3220292
2151,08:30:48.079,1.6,15.988164,3220972
2152,08:30:48.250,1.5,15.988760,3220864
2153,08:30:48.420,3.1,15.988263,3220764
2154,08:30:48.590,4.4,15.988263,3220544
2155,08:30:48.759,1.6,15.988561,3220824
2156,08:30:48.929,6.2,15.987489,3220608
2157,08:30:49.099,0.0,15.987608,3220632
2158,08:30:49.269,0.0,15.985900,3220288
2159,08:30:49.440,0.0,15.987807,3220672
2160,08:30:49.610,0.0,15.986913,3220492
2161,08:30:49.780,1.6,15.985761,3220520
2162,08:30:49.950,0.0,15.985563,3220464
2163,08:30:50.121,3.2,16.035760,3230332
2164,08:30:50.340,1.6,16.039731,3230912
2165,08:30:50.529,4.5,16.036197,3230696
2166,08:30:50.700,3.0,16.039255,3231036
2167,08:30:50.871,1.6,16.042174,3231404
2168,08:30:51.041,3.1,16.039096,3231004
2169,08:30:51.211,1.5,16.037845,3230752
2170,08:30:51.381,0.0,16.039255,3231036
2171,08:30:51.552,1.6,16.037845,3231036
2172,08:30:51.722,1.4,16.037686,3230720
2173,08:30:51.892,3.1,16.038580,3230900
2174,08:30:52.062,1.6,16.039056,3231060
2175,08:30:52.232,1.6,16.037666,3231008
2176,08:30:52.402,3.2,16.040267,3231472
2177,08:30:52.574,3.0,16.038639,3230912
2178,08:30:52.744,3.1,16.039275,3230820
2179,08:30:52.915,1.6,16.041915,3231584
2180,08:30:53.086,0.0,16.038500,3230884
2181,08:30:53.256,4.6,16.038997,3230984
2182,08:30:53.426,1.5,16.039235,3231276
2183,08:30:53.596,0.0,15.987946,3220260
2184,08:30:53.766,1.5,15.984947,3220324
2185,08:30:53.935,3.0,15.985920,3220136
2186,08:30:54.105,1.6,15.984669,3219820
2187,08:30:54.275,4.6,15.983537,3219812
2188,08:30:54.444,3.1,15.984490,3220264
2189,08:30:54.614,3.1,15.982624,3219628
2190,08:30:54.784,0.0,15.982465,3219596
2191,08:30:54.954,0.0,15.980936,3219564
2192,08:30:55.123,3.0,15.983637,3219832
2193,08:30:55.292,3.0,15.984848,3220076
2194,08:30:55.462,3.1,15.981174,3219336
2195,08:30:55.631,3.2,15.979765,3219052
2196,08:30:55.800,1.6,15.979765,3219052
2197,08:30:55.970,1.5,15.981254,3219416
2198,08:30:56.140,3.0,15.982823,3219668
2199,08:30:56.309,1.5,15.981016,3219556
2200,08:30:56.479,1.5,15.982306,3219808
2201,08:30:56.650,1.6,15.982743,3219724
2202,08:30:56.819,3.1,15.983875,3219660
2203,08:30:56.989,1.6,15.985046,3219896
2204,08:30:57.158,1.5,15.983796,3219864
2205,08:30:57.327,1.6,15.980658,3219012
2206,08:30:57.498,3.0,15.983716,3219848
2207,08:30:57.669,3.1,15.980380,3219176
2208,08:30:57.838,4.5,15.991420,3221400
2209,08:30:58.024,3.1,15.996325,3222388
2210,08:30:58.195,0.0,15.991559,3221100
2211,08:30:58.366,3.1,15.991758,3221696
2212,08:30:58.536,0.0,15.993009,3221720
2213,08:30:58.706,3.0,15.992532,3221624
2214,08:30:58.875,3.1,15.993863,3221892
2215,08:30:59.044,0.0,15.990924,3220904
2216,08:30:59.214,1.6,15.995709,3222264
2217,08:30:59.385,1.6,15.994617,3222044
2218,08:30:59.555,1.6,15.995134,3222148
2219,08:30:59.724,1.5,15.993605,3221840
2220,08:30:59.893,3.0,15.992711,3221660
2221,08:31:00.063,3.1,15.994816,3222084
2222,08:31:00.234,1.5,15.994558,3221812
2223,08:31:00.405,1.6,15.995034,3222128
2224,08:31:00.575,1.5,15.993883,3221676
2225,08:31:00.745,3.0,15.993843,3221888
2226,08:31:00.915,4.5,15.993763,3221872
2227,08:31:01.084,3.0,15.994935,3221604
2228,08:31:01.255,1.6,15.992433,3221872
2229,08:31:01.425,1.5,15.994002,3222392
2230,08:31:01.594,1.5,15.993922,3221904
2231,08:31:01.764,3.1,15.994240,3221968
2232,08:31:01.933,0.0,15.994200,3221960
2233,08:31:02.104,1.5,15.994121,3221944
2234,08:31:02.275,1.5,15.994002,3221920
2235,08:31:02.445,4.7,15.995650,3222488
2236,08:31:02.614,1.6,15.993763,3221652
2237,08:31:02.784,1.6,15.992612,3221884
2238,08:31:02.953,1.6,15.994915,3221884
2239,08:31:03.123,0.0,15.994578,3222036
2240,08:31:03.292,3.1,15.994736,3222068
2241,08:31:03.462,1.6,15.995471,3222264
2242,08:31:03.632,1.5,15.996047,3222332
2243,08:31:03.801,1.5,15.995987,3222596
2244,08:31:03.977,3.2,15.996107,3222124
2245,08:31:04.146,0.0,15.995352,3222192
2246,08:31:04.318,3.2,15.996345,3222392
2247,08:31:04.488,3.1,15.996861,3222772
2248,08:31:04.663,6.5,15.986456,3220196
2249,08:31:04.835,6.5,15.984947,3220096
2250,08:31:05.006,3.6,15.982187,3219924
2251,08:31:05.177,1.9,15.983279,3219760
2252,08:31:05.347,3.2,15.983676,3219840
2253,08:31:05.517,1.6,15.981909,3219484
2254,08:31:05.694,0.0,15.983657,3219836
2255,08:31:05.863,1.6,15.984868,3220080
2256,08:31:06.033,0.0,15.987668,3220644
2257,08:31:06.203,0.0,15.984927,3220016
2258,08:31:06.374,4.5,15.992036,3221524
2259,08:31:06.544,3.1,15.993843,3221668
2260,08:31:06.729,1.6,15.992235,3221564
2261,08:31:06.918,3.1,15.991103,3221336
2262,08:31:07.089,3.1,15.990467,3221492
2263,08:31:07.259,1.6,15.991738,3221464
2264,08:31:07.429,4.5,15.989355,3220984
2265,08:31:07.599,1.6,15.989514,3221504
2266,08:31:07.768,3.1,15.989594,3221032
2267,08:31:07.937,0.0,15.988263,3220796
2268,08:31:08.107,0.0,15.993108,3221520
2269,08:31:08.276,1.5,15.990884,3221292
2270,08:31:08.445,4.7,15.991996,3221752
2271,08:31:08.616,6.2,15.988204,3220752
2272,08:31:08.937,9.2,15.896705,3202384
2273,08:31:09.120,6.2,15.905978,3204188
2274,08:31:09.293,1.6,15.906216,3204464
2275,08:31:09.463,1.6,15.906991,3204392
2276,08:31:09.634,3.2,15.904906,3203972
2277,08:31:09.805,1.6,15.905859,3203944
2278,08:31:09.976,1.5,15.903714,3203732
2279,08:31:10.145,0.0,15.905740,3204140
2280,08:31:10.315,1.6,15.904608,3203912
2281,08:31:10.485,3.1,15.905978,3204188
2282,08:31:10.654,3.0,15.905422,3204076
2283,08:31:10.824,3.0,15.904330,3203856
2284,08:31:10.994,0.0,15.902801,3203548
2285,08:31:11.164,1.6,15.905362,3203844
2286,08:31:11.334,3.1,15.904528,3203676
2287,08:31:11.504,1.6,15.904727,3203936
2288,08:31:11.673,1.6,15.903853,3203540
2289,08:31:11.843,1.4,15.901768,3203340
2290,08:31:12.013,0.0,15.901610,3203308
2291,08:31:12.183,0.0,15.902662,3203520
2292,08:31:12.353,1.6,15.903754,3203520
2293,08:31:12.522,4.6,15.903992,3203788
2294,08:31:12.692,1.6,15.903794,3203528
2295,08:31:12.861,3.1,15.903873,3203764
2296,08:31:13.032,3.2,15.905362,3204064
2297,08:31:13.202,1.5,15.905045,3204000
2298,08:31:13.372,0.0,15.948173,3218020
2299,08:31:13.550,3.2,15.990725,3221040
2300,08:31:13.720,4.8,15.993664,3221852
2301,08:31:13.890,3.0,15.992612,3221640
2302,08:31:14.060,1.6,15.991877,3221492
2303,08:31:14.231,1.6,15.990805,3221276
2304,08:31:14.401,1.6,15.991738,3221244
2305,08:31:14.572,1.6,15.990686,3221252
2306,08:31:14.743,1.6,15.990725,3221284
2307,08:31:14.913,4.5,15.993307,3221780
2308,08:31:15.084,1.6,15.992532,3221624
2309,08:31:15.254,3.0,15.991281,3221796
2310,08:31:15.424,1.5,15.993188,3221756
2311,08:31:15.594,4.5,15.993346,3221568
2312,08:31:15.764,0.0,15.994796,3222080
2313,08:31:15.935,1.6,15.994597,3222040
2314,08:31:16.106,3.0,15.994995,3222120
2315,08:31:16.276,2.9,15.994637,3221828
2316,08:31:16.446,3.1,15.993307,3221780
2317,08:31:16.616,1.5,15.903913,3204012
2318,08:31:16.786,3.1,15.902106,3203408
2319,08:31:16.956,0.0,15.902146,3203416
2320,08:31:17.125,3.1,15.903516,3203472
2321,08:31:17.295,4.3,15.903079,3203384
2322,08:31:17.465,4.5,15.900736,3203132
2323,08:31:17.635,1.6,15.901749,3203336
2324,08:31:17.805,0.0,15.902682,3203304
2325,08:31:17.975,1.6,15.901907,3203148
2326,08:31:18.145,1.6,15.900458,3203076
2327,08:31:18.315,1.6,15.901351,3203036
2328,08:31:18.485,0.0,15.898929,3203060
2329,08:31:18.655,1.5,15.896904,3202872
2330,08:31:18.825,3.1,15.897877,3202556
2331,08:31:18.995,1.5,15.898929,3203044
2332,08:31:19.165,1.5,15.899882,3202960
2333,08:31:19.334,0.0,15.899644,3202912
2334,08:31:19.504,3.1,15.900895,3203164
2335,08:31:19.675,3.0,15.900895,3202944
2336,08:31:19.845,0.0,15.898552,3202692
2337,08:31:20.015,1.5,15.898512,3202684
2338,08:31:20.184,0.0,15.898591,3202700
2339,08:31:20.354,1.4,15.899683,3202920
2340,08:31:20.524,1.5,15.901054,3203016
2341,08:31:20.695,4.5,15.897460,3202472
2342,08:31:20.864,0.0,15.898790,3202520
2343,08:31:21.034,1.6,15.897936,3202568
2344,08:31:21.204,1.5,15.898313,3202424
2345,08:31:21.373,1.6,15.902344,3203236
2346,08:31:21.544,3.1,15.895593,3202096
2347,08:31:21.731,4.6,15.894938,3202140
2348,08:31:21.904,1.6,15.900239,3203300
2349,08:31:22.075,3.1,15.904469,3203884
2350,08:31:22.246,3.1,15.900359,3203144
2351,08:31:22.417,3.1,15.904449,3202492
2352,08:31:22.616,1.7,15.902563,3204012
2353,08:31:22.790,1.4,15.905065,3203784
2354,08:31:22.960,3.1,15.902741,3203536
2355,08:31:23.130,3.1,15.902741,3203316
2356,08:31:23.300,1.5,15.903595,3203968
2357,08:31:23.470,1.5,15.904687,3203708
2358,08:31:23.640,1.6,15.903794,3203748
2359,08:31:23.810,0.0,15.902344,3203456
2360,08:31:23.980,1.5,15.903635,3203716
2361,08:31:24.150,3.1,15.902424,3203472
2362,08:31:24.319,0.0,15.902344,3203456
2363,08:31:24.489,0.0,15.903754,3203740
2364,08:31:24.659,1.6,15.902106,3203488
2365,08:31:24.829,1.6,15.902463,3203480
2366,08:31:24.998,3.1,15.902424,3203472
2367,08:31:25.168,2.8,15.903357,3203660
2368,08:31:25.338,0.0,15.903238,3203636
2369,08:31:25.508,0.0,15.903357,3203660
2370,08:31:25.678,1.3,15.899743,3202932
2371,08:31:25.848,3.2,15.899723,3202928
2372,08:31:26.018,1.6,15.899485,3203156
2373,08:31:26.188,3.1,15.899803,3202944
2374,08:31:26.358,0.0,15.898750,3202732
2375,08:31:26.528,1.5,15.898472,3202676
2376,08:31:26.702,1.5,15.897340,3202700
2377,08:31:26.872,1.5,15.896745,3202392
2378,08:31:27.041,4.6,15.885625,3200844
2379,08:31:27.212,6.2,15.902761,3203784
2380,08:31:27.382,3.1,15.902305,3203448
2381,08:31:27.552,0.0,15.903933,3203776
2382,08:31:27.723,2.9,15.903456,3203680
2383,08:31:27.900,0.0,15.904429,3203656
2384,08:31:28.070,1.5,15.903258,3203688
2385,08:31:28.240,1.5,15.902046,3203396
2386,08:31:28.411,7.7,15.847918,3192492
2387,08:31:28.581,15.4,15.628325,3148036
